"customer","recency_days","frequency","monetary","r_score","f_score","m_score","rfm_total","segment"
"17625.0",18,"8","6067.80",5,5,5,15,"Champions"
"13971.0",18,"14","4667.57",5,5,5,15,"Champions"
"13985.0",4,"22","10020.86",5,5,5,15,"Champions"
"13408.0",1,"106","51733.46",5,5,5,15,"Champions"
"12913.0",4,"13","6700.86",5,5,5,15,"Champions"
"14060.0",4,"30","9519.08",5,5,5,15,"Champions"
"15854.0",4,"21","5583.81",5,5,5,15,"Champions"
"13126.0",4,"13","3998.25",5,5,5,15,"Champions"
"17404.0",4,"21","47638.12",5,5,5,15,"Champions"
"18223.0",4,"26","14000.85",5,5,5,15,"Champions"
"12683.0",4,"20","11400.78",5,5,5,15,"Champions"
"17526.0",4,"12","4166.04",5,5,5,15,"Champions"
"13001.0",4,"33","24172.10",5,5,5,15,"Champions"
"14649.0",4,"9","3775.31",5,5,5,15,"Champions"
"16161.0",1,"43","12831.80",5,5,5,15,"Champions"
"15443.0",1,"14","5175.93",5,5,5,15,"Champions"
"16684.0",4,"55","147142.77",5,5,5,15,"Champions"
"16592.0",4,"28","7807.91",5,5,5,15,"Champions"
"16904.0",4,"20","5113.57",5,5,5,15,"Champions"
"15031.0",4,"14","3156.58",5,5,5,15,"Champions"
"15358.0",4,"42","17050.41",5,5,5,15,"Champions"
"16746.0",4,"42","18064.70",5,5,5,15,"Champions"
"13230.0",4,"30","6350.28",5,5,5,15,"Champions"
"15640.0",4,"29","23922.78",5,5,5,15,"Champions"
"17315.0",1,"41","9610.52",5,5,5,15,"Champions"
"17857.0",4,"23","27104.74",5,5,5,15,"Champions"
"17218.0",4,"18","4190.68",5,5,5,15,"Champions"
"15187.0",1,"15","4762.18",5,5,5,15,"Champions"
"16873.0",4,"12","14617.39",5,5,5,15,"Champions"
"18044.0",4,"18","3505.61",5,5,5,15,"Champions"
"15856.0",4,"52","34219.08",5,5,5,15,"Champions"
"17581.0",0,"43","18757.75",5,5,5,15,"Champions"
"17811.0",4,"47","9603.10",5,5,5,15,"Champions"
"12782.0",4,"11","3862.24",5,5,5,15,"Champions"
"12841.0",4,"40","7540.68",5,5,5,15,"Champions"
"14096.0",4,"17","53258.43",5,5,5,15,"Champions"
"18198.0",4,"17","5425.56",5,5,5,15,"Champions"
"16200.0",4,"12","5643.45",5,5,5,15,"Champions"
"15628.0",4,"17","5652.26",5,5,5,15,"Champions"
"13021.0",4,"17","4887.24",5,5,5,15,"Champions"
"14194.0",4,"36","18670.59",5,5,5,15,"Champions"
"14191.0",1,"15","4817.66",5,5,5,15,"Champions"
"17364.0",0,"28","12070.42",5,5,5,15,"Champions"
"17858.0",5,"30","12797.65",5,5,5,15,"Champions"
"16033.0",5,"27","10836.13",5,5,5,15,"Champions"
"12490.0",5,"20","8764.64",5,5,5,15,"Champions"
"13798.0",1,"110","75836.87",5,5,5,15,"Champions"
"17954.0",5,"19","3963.50",5,5,5,15,"Champions"
"18065.0",5,"28","5846.63",5,5,5,15,"Champions"
"14456.0",5,"9","3059.44",5,5,5,15,"Champions"
"12437.0",1,"38","11282.40",5,5,5,15,"Champions"
"17618.0",5,"11","4073.24",5,5,5,15,"Champions"
"16905.0",5,"17","5031.65",5,5,5,15,"Champions"
"15867.0",5,"31","9010.52",5,5,5,15,"Champions"
"14546.0",5,"11","5197.90",5,5,5,15,"Champions"
"16326.0",5,"24","4731.99",5,5,5,15,"Champions"
"13435.0",5,"9","4475.23",5,5,5,15,"Champions"
"13319.0",5,"58","22082.50",5,5,5,15,"Champions"
"13263.0",1,"38","8679.47",5,5,5,15,"Champions"
"17173.0",5,"8","3766.60",5,5,5,15,"Champions"
"18109.0",1,"38","9893.96",5,5,5,15,"Champions"
"16931.0",5,"23","5233.62",5,5,5,15,"Champions"
"16283.0",5,"8","4402.12",5,5,5,15,"Champions"
"12433.0",0,"10","20581.26",5,5,5,15,"Champions"
"14560.0",7,"44","6114.03",5,5,5,15,"Champions"
"13953.0",7,"12","6640.68",5,5,5,15,"Champions"
"15570.0",7,"25","9311.04",5,5,5,15,"Champions"
"15078.0",7,"52","17751.88",5,5,5,15,"Champions"
"15796.0",1,"17","5174.83",5,5,5,15,"Champions"
"14031.0",7,"44","40999.17",5,5,5,15,"Champions"
"13183.0",7,"15","7036.18",5,5,5,15,"Champions"
"13102.0",1,"37","11696.92",5,5,5,15,"Champions"
"18055.0",7,"14","11195.57",5,5,5,15,"Champions"
"15271.0",7,"24","4709.54",5,5,5,15,"Champions"
"18097.0",7,"11","4663.32",5,5,5,15,"Champions"
"17491.0",1,"17","5981.07",5,5,5,15,"Champions"
"18144.0",7,"19","5058.00",5,5,5,15,"Champions"
"18245.0",7,"20","6324.98",5,5,5,15,"Champions"
"15769.0",7,"46","88704.32",5,5,5,15,"Champions"
"17611.0",7,"28","8321.98",5,5,5,15,"Champions"
"14092.0",7,"24","7229.45",5,5,5,15,"Champions"
"16103.0",7,"22","6191.71",5,5,5,15,"Champions"
"14895.0",7,"38","25119.54",5,5,5,15,"Champions"
"16333.0",7,"22","26626.80",5,5,5,15,"Champions"
"12621.0",1,"35","22525.81",5,5,5,15,"Champions"
"17686.0",7,"9","8296.81",5,5,5,15,"Champions"
"17157.0",7,"19","5151.90",5,5,5,15,"Champions"
"13458.0",7,"16","11959.27",5,5,5,15,"Champions"
"16954.0",0,"20","6081.88",5,5,5,15,"Champions"
"14292.0",7,"16","9226.25",5,5,5,15,"Champions"
"14688.0",7,"28","7713.57",5,5,5,15,"Champions"
"17567.0",7,"9","5356.03",5,5,5,15,"Champions"
"14493.0",7,"10","5130.15",5,5,5,15,"Champions"
"17949.0",1,"116","109147.48",5,5,5,15,"Champions"
"15547.0",7,"26","10099.99",5,5,5,15,"Champions"
"13969.0",7,"35","13365.87",5,5,5,15,"Champions"
"13495.0",7,"10","5374.26",5,5,5,15,"Champions"
"16701.0",8,"26","9916.73",5,5,5,15,"Champions"
"14298.0",8,"82","91194.49",5,5,5,15,"Champions"
"14367.0",8,"16","9261.52",5,5,5,15,"Champions"
"16938.0",8,"9","7043.18",5,5,5,15,"Champions"
"17381.0",8,"38","40002.37",5,5,5,15,"Champions"
"15373.0",8,"17","3421.39",5,5,5,15,"Champions"
"12951.0",8,"15","3213.72",5,5,5,15,"Champions"
"14243.0",8,"17","7431.05",5,5,5,15,"Champions"
"15687.0",8,"9","2993.10",5,5,5,15,"Champions"
"13854.0",8,"39","12253.96",5,5,5,15,"Champions"
"15159.0",1,"34","22116.73",5,5,5,15,"Champions"
"13394.0",1,"19","6621.70",5,5,5,15,"Champions"
"17293.0",8,"17","3774.23",5,5,5,15,"Champions"
"17644.0",1,"20","6028.60",5,5,5,15,"Champions"
"17450.0",8,"51","246973.09",5,5,5,15,"Champions"
"18077.0",8,"18","4338.56",5,5,5,15,"Champions"
"12562.0",8,"9","4426.92",5,5,5,15,"Champions"
"14309.0",8,"11","3780.81",5,5,5,15,"Champions"
"16210.0",1,"33","38469.51",5,5,5,15,"Champions"
"14051.0",0,"37","22434.00",5,5,5,15,"Champions"
"16626.0",0,"17","4413.10",5,5,5,15,"Champions"
"17576.0",8,"41","9050.46",5,5,5,15,"Champions"
"14732.0",8,"19","5517.07",5,5,5,15,"Champions"
"16145.0",8,"19","6805.44",5,5,5,15,"Champions"
"15144.0",8,"29","12160.31",5,5,5,15,"Champions"
"13599.0",1,"33","10167.63",5,5,5,15,"Champions"
"12901.0",8,"28","17654.54",5,5,5,15,"Champions"
"16011.0",8,"29","5878.76",5,5,5,15,"Champions"
"12963.0",8,"12","3601.59",5,5,5,15,"Champions"
"16700.0",8,"25","9167.71",5,5,5,15,"Champions"
"14047.0",8,"14","4255.03",5,5,5,15,"Champions"
"16242.0",8,"14","7474.40",5,5,5,15,"Champions"
"14299.0",8,"27","14499.49",5,5,5,15,"Champions"
"16839.0",8,"44","22310.49",5,5,5,15,"Champions"
"16156.0",8,"20","6218.18",5,5,5,15,"Champions"
"14440.0",8,"13","6638.73",5,5,5,15,"Champions"
"14291.0",1,"23","7904.10",5,5,5,15,"Champions"
"14135.0",1,"24","9643.92",5,5,5,15,"Champions"
"13510.0",1,"11","4558.29",5,5,5,15,"Champions"
"12553.0",8,"12","4104.75",5,5,5,15,"Champions"
"14146.0",8,"12","9450.30",5,5,5,15,"Champions"
"17426.0",8,"13","8077.77",5,5,5,15,"Champions"
"15898.0",1,"25","5592.56",5,5,5,15,"Champions"
"15380.0",8,"11","3479.06",5,5,5,15,"Champions"
"14766.0",8,"11","6556.13",5,5,5,15,"Champions"
"12664.0",8,"11","5420.04",5,5,5,15,"Champions"
"15602.0",8,"16","3230.51",5,5,5,15,"Champions"
"13090.0",8,"23","14073.09",5,5,5,15,"Champions"
"18241.0",9,"21","2986.99",5,5,5,15,"Champions"
"15251.0",9,"21","20324.54",5,5,5,15,"Champions"
"14713.0",9,"21","5418.47",5,5,5,15,"Champions"
"15544.0",9,"20","8162.43",5,5,5,15,"Champions"
"12524.0",9,"17","9794.11",5,5,5,15,"Champions"
"16241.0",9,"16","4326.26",5,5,5,15,"Champions"
"15024.0",9,"16","4075.51",5,5,5,15,"Champions"
"14911.0",1,"378","284577.97",5,5,5,15,"Champions"
"15152.0",9,"14","5263.83",5,5,5,15,"Champions"
"14796.0",1,"27","10888.08",5,5,5,15,"Champions"
"16712.0",9,"13","4259.34",5,5,5,15,"Champions"
"18230.0",9,"9","4291.06",5,5,5,15,"Champions"
"15039.0",9,"93","40031.43",5,5,5,15,"Champions"
"12957.0",9,"13","8706.97",5,5,5,15,"Champions"
"15712.0",9,"12","3472.41",5,5,5,15,"Champions"
"13013.0",1,"29","12625.77",5,5,5,15,"Champions"
"12921.0",9,"74","35921.04",5,5,5,15,"Champions"
"14702.0",1,"29","6742.42",5,5,5,15,"Champions"
"13269.0",1,"28","8891.70",5,5,5,15,"Champions"
"16523.0",1,"28","11916.33",5,5,5,15,"Champions"
"14963.0",9,"12","3164.48",5,5,5,15,"Champions"
"16265.0",9,"12","6935.17",5,5,5,15,"Champions"
"14156.0",9,"151","305767.92",5,5,5,15,"Champions"
"15903.0",9,"12","8939.84",5,5,5,15,"Champions"
"12714.0",9,"12","12815.71",5,5,5,15,"Champions"
"13012.0",9,"11","2972.83",5,5,5,15,"Champions"
"12429.0",9,"8","6979.91",5,5,5,15,"Champions"
"15394.0",9,"11","5286.80",5,5,5,15,"Champions"
"15680.0",9,"10","4507.58",5,5,5,15,"Champions"
"12598.0",9,"10","4192.09",5,5,5,15,"Champions"
"13658.0",9,"9","6025.50",5,5,5,15,"Champions"
"14540.0",9,"11","3795.34",5,5,5,15,"Champions"
"14258.0",9,"25","32051.34",5,5,5,15,"Champions"
"15046.0",9,"25","7793.44",5,5,5,15,"Champions"
"12955.0",1,"11","4757.16",5,5,5,15,"Champions"
"14755.0",9,"25","9972.55",5,5,5,15,"Champions"
"15611.0",9,"24","2976.28",5,5,5,15,"Champions"
"14062.0",9,"24","25604.20",5,5,5,15,"Champions"
"16775.0",10,"16","3056.89",5,5,5,15,"Champions"
"13098.0",1,"28","28882.44",5,5,5,15,"Champions"
"14667.0",10,"54","21891.39",5,5,5,15,"Champions"
"17655.0",10,"9","3652.48",5,5,5,15,"Champions"
"15615.0",10,"47","21373.97",5,5,5,15,"Champions"
"14388.0",10,"16","6701.00",5,5,5,15,"Champions"
"15218.0",10,"22","11501.57",5,5,5,15,"Champions"
"18118.0",10,"29","6730.82",5,5,5,15,"Champions"
"13137.0",10,"16","7712.70",5,5,5,15,"Champions"
"14088.0",10,"16","64036.80",5,5,5,15,"Champions"
"12727.0",10,"10","4905.53",5,5,5,15,"Champions"
"13883.0",10,"14","6535.37",5,5,5,15,"Champions"
"13576.0",10,"28","11551.74",5,5,5,15,"Champions"
"16549.0",10,"34","13182.19",5,5,5,15,"Champions"
"16782.0",10,"38","10438.41",5,5,5,15,"Champions"
"14390.0",10,"13","6399.83",5,5,5,15,"Champions"
"13014.0",10,"11","5381.08",5,5,5,15,"Champions"
"14701.0",10,"15","4562.09",5,5,5,15,"Champions"
"14209.0",10,"15","4993.27",5,5,5,15,"Champions"
"16818.0",10,"11","3349.57",5,5,5,15,"Champions"
"15755.0",10,"17","5993.12",5,5,5,15,"Champions"
"14866.0",10,"17","20803.72",5,5,5,15,"Champions"
"14621.0",1,"9","3000.57",5,5,5,15,"Champions"
"17682.0",10,"11","4456.78",5,5,5,15,"Champions"
"14180.0",10,"33","6319.25",5,5,5,15,"Champions"
"13198.0",10,"8","4974.23",5,5,5,15,"Champions"
"17675.0",1,"70","38259.60",5,5,5,15,"Champions"
"16168.0",10,"66","10636.47",5,5,5,15,"Champions"
"14408.0",10,"11","4109.77",5,5,5,15,"Champions"
"14824.0",10,"10","4022.91",5,5,5,15,"Champions"
"13999.0",10,"29","9502.26",5,5,5,15,"Champions"
"17306.0",10,"21","9782.35",5,5,5,15,"Champions"
"14961.0",10,"22","16410.15",5,5,5,15,"Champions"
"16992.0",10,"13","5476.50",5,5,5,15,"Champions"
"14606.0",1,"184","30558.44",5,5,5,15,"Champions"
"17019.0",11,"11","3996.90",5,5,5,15,"Champions"
"13590.0",11,"18","6349.59",5,5,5,15,"Champions"
"18229.0",11,"28","10803.71",5,5,5,15,"Champions"
"17419.0",11,"18","6500.52",5,5,5,15,"Champions"
"17739.0",11,"18","7730.59",5,5,5,15,"Champions"
"13266.0",11,"19","6135.04",5,5,5,15,"Champions"
"15838.0",11,"34","74163.00",5,5,5,15,"Champions"
"13081.0",11,"28","59205.15",5,5,5,15,"Champions"
"16705.0",0,"42","43515.05",5,5,5,15,"Champions"
"16933.0",1,"9","3181.25",5,5,5,15,"Champions"
"15571.0",11,"14","4051.63",5,5,5,15,"Champions"
"13468.0",1,"72","13390.51",5,5,5,15,"Champions"
"14290.0",11,"8","4516.56",5,5,5,15,"Champions"
"13115.0",11,"10","5494.70",5,5,5,15,"Champions"
"13077.0",1,"11","3064.67",5,5,5,15,"Champions"
"17929.0",11,"12","3082.10",5,5,5,15,"Champions"
"17841.0",1,"211","70858.77",5,5,5,15,"Champions"
"18041.0",11,"38","8752.38",5,5,5,15,"Champions"
"15601.0",11,"30","14960.12",5,5,5,15,"Champions"
"13418.0",11,"31","12233.60",5,5,5,15,"Champions"
"12668.0",11,"9","9967.68",5,5,5,15,"Champions"
"14215.0",11,"9","3416.33",5,5,5,15,"Champions"
"17651.0",11,"16","5703.52",5,5,5,15,"Champions"
"13758.0",11,"14","9314.14",5,5,5,15,"Champions"
"13680.0",1,"12","11435.67",5,5,5,15,"Champions"
"17188.0",11,"13","4592.93",5,5,5,15,"Champions"
"17757.0",1,"56","9418.50",5,5,5,15,"Champions"
"16347.0",11,"11","3509.41",5,5,5,15,"Champions"
"13004.0",11,"36","11650.85",5,5,5,15,"Champions"
"14415.0",1,"23","12091.60",5,5,5,15,"Champions"
"16094.0",11,"11","3695.56",5,5,5,15,"Champions"
"16401.0",1,"23","6847.45",5,5,5,15,"Champions"
"13571.0",12,"26","4546.54",5,5,5,15,"Champions"
"17243.0",1,"69","20870.96",5,5,5,15,"Champions"
"14056.0",1,"23","8214.65",5,5,5,15,"Champions"
"17231.0",12,"25","7197.04",5,5,5,15,"Champions"
"14878.0",12,"25","4105.24",5,5,5,15,"Champions"
"17365.0",12,"15","8219.94",5,5,5,15,"Champions"
"18145.0",12,"11","5617.79",5,5,5,15,"Champions"
"15351.0",12,"10","3738.29",5,5,5,15,"Champions"
"17769.0",12,"17","7103.08",5,5,5,15,"Champions"
"15555.0",12,"36","12102.22",5,5,5,15,"Champions"
"15514.0",12,"18","6594.77",5,5,5,15,"Champions"
"16923.0",12,"32","13378.36",5,5,5,15,"Champions"
"14441.0",0,"11","4611.69",5,5,5,15,"Champions"
"14217.0",1,"23","3416.89",5,5,5,15,"Champions"
"16983.0",12,"11","3710.22",5,5,5,15,"Champions"
"15861.0",12,"12","4393.49",5,5,5,15,"Champions"
"17068.0",12,"47","9147.33",5,5,5,15,"Champions"
"13089.0",2,"203","116737.86",5,5,5,15,"Champions"
"16327.0",14,"16","10670.14",5,5,5,15,"Champions"
"16719.0",14,"14","3968.30",5,5,5,15,"Champions"
"18172.0",14,"52","17479.84",5,5,5,15,"Champions"
"16539.0",2,"10","3732.01",5,5,5,15,"Champions"
"15382.0",14,"12","13733.55",5,5,5,15,"Champions"
"12681.0",14,"44","27898.28",5,5,5,15,"Champions"
"17511.0",2,"60","175603.55",5,5,5,15,"Champions"
"16779.0",2,"53","33268.24",5,5,5,15,"Champions"
"13050.0",14,"34","12235.30",5,5,5,15,"Champions"
"16525.0",2,"48","24582.64",5,5,5,15,"Champions"
"15498.0",2,"44","26039.58",5,5,5,15,"Champions"
"16814.0",14,"36","12489.81",5,5,5,15,"Champions"
"13048.0",14,"9","4084.21",5,5,5,15,"Champions"
"15005.0",15,"56","14104.20",5,5,5,15,"Champions"
"12709.0",15,"33","30247.34",5,5,5,15,"Champions"
"14709.0",15,"25","8886.33",5,5,5,15,"Champions"
"17139.0",15,"25","19584.46",5,5,5,15,"Champions"
"17975.0",15,"24","7025.53",5,5,5,15,"Champions"
"15270.0",15,"21","8524.86",5,5,5,15,"Champions"
"16570.0",15,"20","7434.31",5,5,5,15,"Champions"
"14607.0",15,"20","22589.63",5,5,5,15,"Champions"
"12476.0",15,"18","12351.41",5,5,5,15,"Champions"
"15953.0",15,"18","3669.55",5,5,5,15,"Champions"
"15482.0",15,"18","14552.56",5,5,5,15,"Champions"
"15034.0",15,"14","8313.40",5,5,5,15,"Champions"
"13995.0",15,"14","3902.01",5,5,5,15,"Champions"
"12748.0",0,"323","52581.80",5,5,5,15,"Champions"
"13267.0",2,"36","9758.26",5,5,5,15,"Champions"
"15858.0",15,"13","3960.37",5,5,5,15,"Champions"
"12705.0",15,"13","11114.10",5,5,5,15,"Champions"
"17228.0",15,"13","3177.24",5,5,5,15,"Champions"
"15502.0",15,"12","10532.52",5,5,5,15,"Champions"
"17133.0",15,"12","14622.33",5,5,5,15,"Champions"
"17096.0",15,"11","3759.18",5,5,5,15,"Champions"
"12757.0",15,"9","4199.20",5,5,5,15,"Champions"
"12937.0",15,"9","3097.61",5,5,5,15,"Champions"
"14277.0",15,"8","16817.36",5,5,5,15,"Champions"
"12388.0",15,"8","3901.11",5,5,5,15,"Champions"
"13534.0",2,"35","7720.90",5,5,5,15,"Champions"
"13668.0",2,"35","13089.94",5,5,5,15,"Champions"
"12569.0",2,"32","3152.69",5,5,5,15,"Champions"
"14085.0",2,"32","10089.97",5,5,5,15,"Champions"
"13831.0",16,"18","7023.58",5,5,5,15,"Champions"
"15916.0",16,"13","3427.17",5,5,5,15,"Champions"
"17725.0",16,"11","3439.08",5,5,5,15,"Champions"
"14099.0",16,"20","5765.71",5,5,5,15,"Champions"
"16255.0",16,"15","4906.80",5,5,5,15,"Champions"
"17422.0",16,"11","3594.76",5,5,5,15,"Champions"
"14049.0",16,"13","13239.03",5,5,5,15,"Champions"
"13448.0",16,"12","8881.16",5,5,5,15,"Champions"
"14334.0",16,"12","4318.48",5,5,5,15,"Champions"
"17238.0",2,"32","7782.60",5,5,5,15,"Champions"
"13174.0",16,"11","9471.94",5,5,5,15,"Champions"
"15984.0",2,"30","8759.32",5,5,5,15,"Champions"
"17685.0",16,"12","5943.17",5,5,5,15,"Champions"
"13650.0",16,"10","3288.00",5,5,5,15,"Champions"
"17700.0",16,"14","6679.97",5,5,5,15,"Champions"
"17469.0",16,"17","5051.25",5,5,5,15,"Champions"
"12619.0",16,"9","3085.70",5,5,5,15,"Champions"
"16458.0",2,"30","5715.34",5,5,5,15,"Champions"
"16057.0",16,"10","3854.85",5,5,5,15,"Champions"
"12720.0",2,"29","7306.67",5,5,5,15,"Champions"
"14744.0",16,"14","3885.08",5,5,5,15,"Champions"
"14733.0",16,"15","16184.97",5,5,5,15,"Champions"
"12557.0",16,"8","18716.14",5,5,5,15,"Champions"
"13018.0",16,"35","9763.16",5,5,5,15,"Champions"
"17809.0",16,"20","11337.39",5,5,5,15,"Champions"
"17017.0",2,"29","14110.61",5,5,5,15,"Champions"
"13742.0",16,"12","3131.02",5,5,5,15,"Champions"
"15727.0",16,"15","9445.51",5,5,5,15,"Champions"
"16670.0",16,"20","8030.15",5,5,5,15,"Champions"
"12583.0",2,"27","13295.44",5,5,5,15,"Champions"
"16722.0",17,"22","8989.08",5,5,5,15,"Champions"
"14515.0",17,"12","3749.26",5,5,5,15,"Champions"
"12483.0",17,"19","4092.58",5,5,5,15,"Champions"
"15497.0",17,"9","8657.39",5,5,5,15,"Champions"
"16365.0",17,"15","3307.20",5,5,5,15,"Champions"
"16748.0",17,"14","3637.33",5,5,5,15,"Champions"
"17659.0",17,"14","3834.79",5,5,5,15,"Champions"
"15150.0",17,"13","9001.08",5,5,5,15,"Champions"
"14534.0",2,"26","6266.51",5,5,5,15,"Champions"
"12839.0",2,"26","10071.73",5,5,5,15,"Champions"
"12747.0",2,"26","9276.54",5,5,5,15,"Champions"
"17338.0",17,"17","12133.78",5,5,5,15,"Champions"
"16128.0",17,"11","3801.05",5,5,5,15,"Champions"
"17389.0",0,"61","57224.68",5,5,5,15,"Champions"
"12474.0",17,"29","11362.45",5,5,5,15,"Champions"
"15845.0",17,"11","4426.28",5,5,5,15,"Champions"
"17735.0",2,"26","17244.93",5,5,5,15,"Champions"
"16422.0",17,"109","63651.47",5,5,5,15,"Champions"
"14329.0",17,"15","9927.22",5,5,5,15,"Champions"
"15965.0",17,"13","3013.09",5,5,5,15,"Champions"
"16607.0",17,"25","5706.87",5,5,5,15,"Champions"
"13268.0",17,"10","3192.65",5,5,5,15,"Champions"
"17519.0",17,"15","5109.47",5,5,5,15,"Champions"
"16191.0",2,"24","15688.02",5,5,5,15,"Champions"
"16655.0",17,"13","6548.37",5,5,5,15,"Champions"
"16985.0",17,"23","10923.16",5,5,5,15,"Champions"
"13488.0",17,"23","15587.88",5,5,5,15,"Champions"
"15971.0",17,"18","5897.88",5,5,5,15,"Champions"
"14505.0",17,"19","11995.84",5,5,5,15,"Champions"
"12656.0",17,"8","5723.83",5,5,5,15,"Champions"
"13756.0",2,"23","9207.50",5,5,5,15,"Champions"
"15738.0",18,"41","13372.97",5,5,5,15,"Champions"
"14030.0",18,"20","8262.29",5,5,5,15,"Champions"
"13246.0",18,"11","3387.43",5,5,5,15,"Champions"
"15105.0",18,"9","3094.91",5,5,5,15,"Champions"
"15527.0",18,"23","5574.79",5,5,5,15,"Champions"
"13777.0",0,"61","56478.42",5,5,5,15,"Champions"
"15093.0",18,"23","14326.11",5,5,5,15,"Champions"
"15298.0",2,"23","9459.37",5,5,5,15,"Champions"
"16393.0",2,"23","5561.66",5,5,5,15,"Champions"
"15804.0",0,"13","4206.39",5,5,5,15,"Champions"
"15179.0",18,"13","7491.92",5,5,5,15,"Champions"
"14482.0",18,"12","4357.91",5,5,5,15,"Champions"
"14395.0",2,"20","8208.01",5,5,5,15,"Champions"
"16672.0",2,"20","8134.94",5,5,5,15,"Champions"
"13769.0",2,"20","5800.42",5,5,5,15,"Champions"
"16713.0",18,"32","14560.69",5,5,5,15,"Champions"
"12395.0",19,"15","4551.27",5,5,5,15,"Champions"
"15044.0",19,"32","15949.19",5,5,5,15,"Champions"
"15465.0",19,"32","12655.65",5,5,5,15,"Champions"
"12540.0",19,"32","19250.49",5,5,5,15,"Champions"
"17049.0",2,"19","9947.48",5,5,5,15,"Champions"
"17091.0",2,"19","7811.10",5,5,5,15,"Champions"
"18092.0",2,"18","16179.44",5,5,5,15,"Champions"
"14527.0",2,"122","27750.50",5,5,5,15,"Champions"
"15750.0",2,"18","6797.19",5,5,5,15,"Champions"
"18219.0",2,"17","3562.89",5,5,5,15,"Champions"
"14769.0",2,"17","15770.23",5,5,5,15,"Champions"
"17412.0",2,"16","4417.52",5,5,5,15,"Champions"
"14189.0",2,"16","5814.39",5,5,5,15,"Champions"
"17428.0",0,"45","31819.76",5,5,5,15,"Champions"
"12935.0",2,"15","4243.86",5,5,5,15,"Champions"
"13870.0",2,"15","5712.08",5,5,5,15,"Champions"
"17602.0",2,"14","7451.13",5,5,5,15,"Champions"
"13069.0",0,"38","9683.13",5,5,5,15,"Champions"
"17870.0",2,"13","3108.15",5,5,5,15,"Champions"
"17449.0",2,"13","4948.15",5,5,5,15,"Champions"
"12662.0",0,"20","6374.02",5,5,5,15,"Champions"
"13767.0",2,"73","35540.53",5,5,5,15,"Champions"
"17754.0",0,"13","4577.53",5,5,5,15,"Champions"
"16678.0",2,"12","3109.99",5,5,5,15,"Champions"
"12826.0",2,"12","2955.75",5,5,5,15,"Champions"
"12471.0",2,"72","35186.59",5,5,5,15,"Champions"
"12615.0",2,"8","5362.98",5,5,5,15,"Champions"
"12347.0",2,"8","5633.32",5,5,5,15,"Champions"
"14132.0",2,"11","3586.03",5,5,5,15,"Champions"
"18272.0",2,"9","4385.98",5,5,5,15,"Champions"
"14032.0",2,"16","4850.27",5,5,5,15,"Champions"
"18102.0",0,"145","608821.65",5,5,5,15,"Champions"
"15194.0",3,"28","12427.69",5,5,5,15,"Champions"
"13113.0",0,"37","18625.73",5,5,5,15,"Champions"
"16143.0",3,"12","4910.83",5,5,5,15,"Champions"
"15311.0",0,"207","116476.16",5,5,5,15,"Champions"
"17346.0",3,"26","5315.80",5,5,5,15,"Champions"
"13426.0",0,"22","8167.38",5,5,5,15,"Champions"
"14293.0",3,"9","3267.93",5,5,5,15,"Champions"
"14735.0",3,"55","12225.16",5,5,5,15,"Champions"
"14282.0",3,"25","7849.66",5,5,5,15,"Champions"
"13881.0",3,"43","45179.10",5,5,5,15,"Champions"
"13225.0",3,"16","16260.07",5,5,5,15,"Champions"
"18225.0",3,"26","13054.26",5,5,5,15,"Champions"
"16133.0",3,"56","22992.26",5,5,5,15,"Champions"
"14572.0",3,"11","5609.28",5,5,5,15,"Champions"
"12766.0",3,"9","9116.28",5,5,5,15,"Champions"
"14868.0",3,"12","4184.01",5,5,5,15,"Champions"
"16558.0",0,"38","13873.51",5,5,5,15,"Champions"
"14547.0",3,"8","4007.54",5,5,5,15,"Champions"
"12362.0",3,"10","4737.23",5,5,5,15,"Champions"
"15694.0",0,"23","10795.81",5,5,5,15,"Champions"
"13709.0",3,"18","7591.75",5,5,5,15,"Champions"
"17530.0",1,"12","3136.92",5,5,5,15,"Champions"
"14907.0",3,"16","6165.79",5,5,5,15,"Champions"
"17677.0",1,"54","36692.91",5,5,5,15,"Champions"
"12971.0",3,"116","15972.79",5,5,5,15,"Champions"
"14653.0",1,"12","3604.59",5,5,5,15,"Champions"
"12877.0",3,"20","2955.17",5,5,5,15,"Champions"
"15061.0",3,"127","137817.07",5,5,5,15,"Champions"
"12989.0",3,"33","13551.75",5,5,5,15,"Champions"
"12749.0",3,"9","6897.36",5,5,5,15,"Champions"
"13694.0",3,"143","196482.81",5,5,5,15,"Champions"
"13078.0",3,"57","29532.45",5,5,5,15,"Champions"
"14113.0",3,"16","7092.61",5,5,5,15,"Champions"
"14110.0",3,"33","12987.95",5,5,5,15,"Champions"
"14646.0",1,"145","526751.52",5,5,5,15,"Champions"
"14422.0",0,"19","10271.52",5,5,5,15,"Champions"
"12417.0",3,"20","6017.91",5,5,5,15,"Champions"
"17861.0",3,"18","5127.69",5,5,5,15,"Champions"
"15023.0",3,"20","12147.53",5,5,5,15,"Champions"
"14825.0",3,"24","4925.08",5,5,5,15,"Champions"
"13199.0",3,"66","16417.89",5,5,5,15,"Champions"
"17001.0",0,"19","6640.80",5,5,5,15,"Champions"
"17730.0",3,"20","7773.80",5,5,5,15,"Champions"
"12682.0",3,"51","21693.91",5,5,5,15,"Champions"
"15189.0",1,"46","17524.38",5,5,5,15,"Champions"
"17593.0",3,"11","8095.80",5,5,5,15,"Champions"
"16013.0",3,"84","57446.44",5,5,5,15,"Champions"
"14562.0",3,"26","6729.40",5,5,5,15,"Champions"
"16353.0",3,"38","9999.46",5,5,5,15,"Champions"
"17673.0",1,"13","4233.58",5,5,5,15,"Champions"
"17884.0",3,"20","3067.89",5,5,5,15,"Champions"
"14608.0",4,"10","3342.94",5,5,5,15,"Champions"
"17706.0",4,"31","20749.98",5,5,5,15,"Champions"
"13305.0",4,"16","3754.71",5,5,5,15,"Champions"
"15572.0",4,"10","4068.67",5,5,5,15,"Champions"
"17090.0",4,"13","3149.48",5,5,5,15,"Champions"
"17402.0",4,"22","5061.18",5,5,5,15,"Champions"
"17920.0",4,"54","24492.66",5,5,5,15,"Champions"
"14401.0",4,"22","6795.90",5,5,5,15,"Champions"
"14739.0",4,"25","12287.50",5,5,5,15,"Champions"
"15290.0",4,"26","10496.28",5,5,5,15,"Champions"
"13110.0",31,"12","2957.47",4,5,5,14,"Champions"
"17696.0",38,"27","7679.59",4,5,5,14,"Champions"
"14841.0",53,"14","7163.00",4,5,5,14,"Champions"
"17432.0",18,"9","1751.39",5,5,4,14,"Champions"
"13329.0",31,"8","5112.97",4,5,5,14,"Champions"
"16837.0",31,"11","3170.98",4,5,5,14,"Champions"
"13316.0",37,"10","13191.57",4,5,5,14,"Champions"
"14198.0",18,"9","1569.73",5,5,4,14,"Champions"
"14341.0",45,"18","4467.32",4,5,5,14,"Champions"
"15249.0",31,"18","9266.00",4,5,5,14,"Champions"
"17348.0",14,"9","2464.31",5,5,4,14,"Champions"
"18139.0",17,"6","8438.34",5,4,5,14,"Champions"
"15134.0",14,"10","1596.29",5,5,4,14,"Champions"
"13862.0",18,"9","2556.09",5,5,4,14,"Champions"
"17183.0",7,"6","3347.31",5,4,5,14,"Champions"
"13975.0",31,"12","5358.84",4,5,5,14,"Champions"
"13884.0",7,"10","1888.48",5,5,4,14,"Champions"
"13118.0",19,"9","2415.41",5,5,4,14,"Champions"
"12779.0",37,"14","6722.27",4,5,5,14,"Champions"
"14502.0",19,"11","2467.63",5,5,4,14,"Champions"
"15123.0",7,"5","4656.17",5,4,5,14,"Champions"
"16940.0",52,"8","6427.66",4,5,5,14,"Champions"
"13381.0",31,"12","8224.37",4,5,5,14,"Champions"
"12627.0",10,"6","4082.53",5,4,5,14,"Champions"
"14205.0",16,"9","2414.20",5,5,4,14,"Champions"
"14397.0",2,"19","2612.96",5,5,4,14,"Champions"
"12523.0",19,"23","4030.15",4,5,5,14,"Champions"
"13804.0",30,"9","3208.52",4,5,5,14,"Champions"
"13988.0",19,"8","4757.80",4,5,5,14,"Champions"
"16710.0",19,"22","6349.09",4,5,5,14,"Champions"
"16258.0",45,"15","11942.52",4,5,5,14,"Champions"
"14159.0",19,"20","7926.79",4,5,5,14,"Champions"
"17865.0",30,"46","26372.29",4,5,5,14,"Champions"
"17758.0",19,"12","5012.53",4,5,5,14,"Champions"
"15421.0",58,"10","3805.34",4,5,5,14,"Champions"
"17738.0",19,"13","4183.56",4,5,5,14,"Champions"
"14525.0",19,"17","8232.69",4,5,5,14,"Champions"
"14221.0",42,"17","6517.49",4,5,5,14,"Champions"
"15027.0",30,"10","3195.60",4,5,5,14,"Champions"
"13384.0",30,"11","6680.83",4,5,5,14,"Champions"
"14593.0",21,"12","3704.51",4,5,5,14,"Champions"
"12359.0",57,"10","8935.94",4,5,5,14,"Champions"
"12949.0",30,"22","15526.70",4,5,5,14,"Champions"
"17690.0",30,"20","7448.10",4,5,5,14,"Champions"
"15114.0",30,"12","3400.12",4,5,5,14,"Champions"
"13941.0",21,"15","11122.30",4,5,5,14,"Champions"
"16767.0",30,"15","8069.45",4,5,5,14,"Champions"
"17509.0",57,"8","6115.14",4,5,5,14,"Champions"
"12759.0",52,"8","4618.74",4,5,5,14,"Champions"
"13880.0",21,"17","4391.66",4,5,5,14,"Champions"
"12700.0",7,"4","4525.99",5,4,5,14,"Champions"
"17719.0",37,"15","5396.04",4,5,5,14,"Champions"
"18061.0",21,"28","6488.97",4,5,5,14,"Champions"
"14849.0",21,"43","15763.45",4,5,5,14,"Champions"
"12380.0",21,"8","7210.65",4,5,5,14,"Champions"
"12594.0",37,"14","4890.11",4,5,5,14,"Champions"
"17063.0",21,"13","3638.53",4,5,5,14,"Champions"
"16945.0",21,"33","8548.16",4,5,5,14,"Champions"
"15754.0",51,"9","3037.61",4,5,5,14,"Champions"
"16131.0",51,"12","9957.42",4,5,5,14,"Champions"
"16293.0",21,"15","4657.95",4,5,5,14,"Champions"
"13209.0",30,"13","8509.51",4,5,5,14,"Champions"
"16218.0",29,"13","4439.97",4,5,5,14,"Champions"
"17961.0",21,"100","2995.54",4,5,5,14,"Champions"
"13520.0",58,"11","5669.40",4,5,5,14,"Champions"
"12931.0",21,"57","92347.34",4,5,5,14,"Champions"
"14748.0",29,"10","3152.32",4,5,5,14,"Champions"
"16279.0",21,"9","5705.08",4,5,5,14,"Champions"
"14776.0",51,"15","3708.30",4,5,5,14,"Champions"
"15529.0",22,"12","5109.40",4,5,5,14,"Champions"
"16743.0",29,"14","4253.26",4,5,5,14,"Champions"
"16986.0",29,"11","4888.75",4,5,5,14,"Champions"
"13983.0",29,"21","7108.45",4,5,5,14,"Champions"
"14794.0",2,"10","1953.90",5,5,4,14,"Champions"
"13815.0",22,"8","6737.74",4,5,5,14,"Champions"
"13313.0",22,"12","3445.32",4,5,5,14,"Champions"
"13340.0",45,"12","22100.56",4,5,5,14,"Champions"
"14944.0",29,"19","9784.67",4,5,5,14,"Champions"
"13481.0",45,"11","3830.84",4,5,5,14,"Champions"
"17416.0",29,"22","17298.45",4,5,5,14,"Champions"
"12477.0",22,"9","20276.37",4,5,5,14,"Champions"
"12708.0",29,"18","4738.10",4,5,5,14,"Champions"
"17059.0",29,"9","5602.53",4,5,5,14,"Champions"
"17716.0",22,"24","15956.97",4,5,5,14,"Champions"
"16186.0",22,"26","9026.11",4,5,5,14,"Champions"
"16126.0",29,"15","14646.80",4,5,5,14,"Champions"
"17340.0",29,"18","22404.82",4,5,5,14,"Champions"
"14466.0",29,"13","4646.90",4,5,5,14,"Champions"
"13047.0",56,"23","8790.21",4,5,5,14,"Champions"
"16791.0",29,"15","4025.94",4,5,5,14,"Champions"
"13685.0",2,"7","3119.44",5,4,5,14,"Champions"
"17584.0",7,"6","5309.42",5,4,5,14,"Champions"
"13871.0",22,"17","7885.85",4,5,5,14,"Champions"
"17147.0",22,"9","3199.95",4,5,5,14,"Champions"
"16656.0",22,"30","16833.17",4,5,5,14,"Champions"
"14064.0",29,"15","3332.42",4,5,5,14,"Champions"
"14112.0",22,"13","5834.59",4,5,5,14,"Champions"
"12798.0",10,"4","8510.93",5,4,5,14,"Champions"
"12647.0",22,"35","14916.35",4,5,5,14,"Champions"
"12481.0",22,"14","11191.39",4,5,5,14,"Champions"
"12567.0",22,"15","12467.86",4,5,5,14,"Champions"
"13148.0",29,"26","8612.31",4,5,5,14,"Champions"
"16003.0",29,"10","5613.83",4,5,5,14,"Champions"
"17799.0",22,"20","6341.89",4,5,5,14,"Champions"
"13491.0",51,"27","4566.56",4,5,5,14,"Champions"
"15983.0",22,"8","3958.82",4,5,5,14,"Champions"
"17965.0",37,"29","7237.23",4,5,5,14,"Champions"
"17613.0",22,"14","4559.15",4,5,5,14,"Champions"
"14107.0",51,"11","4877.30",4,5,5,14,"Champions"
"14507.0",23,"11","3284.43",4,5,5,14,"Champions"
"12910.0",23,"13","5796.52",4,5,5,14,"Champions"
"14710.0",14,"13","1922.59",5,5,4,14,"Champions"
"16008.0",23,"15","5384.13",4,5,5,14,"Champions"
"16817.0",2,"13","2804.90",5,5,4,14,"Champions"
"12500.0",23,"18","5559.21",4,5,5,14,"Champions"
"16717.0",23,"14","6986.23",4,5,5,14,"Champions"
"18075.0",23,"20","5783.29",4,5,5,14,"Champions"
"15051.0",23,"9","3935.16",4,5,5,14,"Champions"
"14898.0",23,"14","3507.81",4,5,5,14,"Champions"
"16652.0",58,"16","17550.39",4,5,5,14,"Champions"
"13629.0",23,"19","13370.86",4,5,5,14,"Champions"
"14057.0",23,"22","8408.84",4,5,5,14,"Champions"
"12678.0",42,"17","32855.18",4,5,5,14,"Champions"
"17377.0",23,"78","18314.37",4,5,5,14,"Champions"
"17071.0",28,"13","3801.20",4,5,5,14,"Champions"
"12970.0",7,"10","1523.91",5,5,4,14,"Champions"
"13211.0",10,"10","2729.32",5,5,4,14,"Champions"
"14626.0",23,"11","5410.92",4,5,5,14,"Champions"
"12731.0",23,"17","25631.71",4,5,5,14,"Champions"
"14426.0",23,"17","11727.94",4,5,5,14,"Champions"
"17596.0",23,"13","4920.67",4,5,5,14,"Champions"
"16359.0",7,"16","2697.75",5,5,4,14,"Champions"
"12626.0",23,"9","5954.48",4,5,5,14,"Champions"
"15805.0",23,"30","10189.23",4,5,5,14,"Champions"
"15967.0",23,"12","3041.60",4,5,5,14,"Champions"
"17069.0",28,"14","5794.28",4,5,5,14,"Champions"
"17191.0",28,"15","4836.05",4,5,5,14,"Champions"
"12451.0",10,"8","12629.88",5,4,5,14,"Champions"
"14640.0",24,"10","3667.06",4,5,5,14,"Champions"
"14533.0",24,"11","3466.37",4,5,5,14,"Champions"
"13557.0",28,"13","3032.26",4,5,5,14,"Champions"
"16426.0",2,"10","1908.25",5,5,4,14,"Champions"
"12600.0",28,"21","4448.92",4,5,5,14,"Champions"
"16771.0",33,"10","3939.10",4,5,5,14,"Champions"
"16912.0",28,"15","4480.31",4,5,5,14,"Champions"
"12726.0",28,"11","3690.60",4,5,5,14,"Champions"
"12712.0",28,"21","6401.66",4,5,5,14,"Champions"
"17512.0",28,"18","5467.82",4,5,5,14,"Champions"
"13735.0",24,"13","9813.22",4,5,5,14,"Champions"
"15296.0",50,"12","10342.83",4,5,5,14,"Champions"
"17097.0",2,"9","1340.45",5,5,4,14,"Champions"
"17314.0",24,"17","4904.43",4,5,5,14,"Champions"
"14543.0",28,"39","14867.12",4,5,5,14,"Champions"
"15981.0",24,"21","9362.77",4,5,5,14,"Champions"
"17220.0",24,"21","4475.85",4,5,5,14,"Champions"
"15955.0",24,"22","8658.36",4,5,5,14,"Champions"
"13178.0",26,"21","14059.19",4,5,5,14,"Champions"
"13451.0",26,"11","7189.78",4,5,5,14,"Champions"
"12415.0",24,"24","144033.37",4,5,5,14,"Champions"
"12423.0",0,"10","2301.39",5,5,4,14,"Champions"
"18069.0",26,"11","4524.66",4,5,5,14,"Champions"
"13875.0",53,"14","4814.37",4,5,5,14,"Champions"
"16150.0",42,"10","4395.59",4,5,5,14,"Champions"
"15532.0",25,"10","3750.25",4,5,5,14,"Champions"
"15513.0",33,"35","27750.55",4,5,5,14,"Champions"
"17663.0",25,"17","5175.83",4,5,5,14,"Champions"
"17652.0",25,"12","4867.72",4,5,5,14,"Champions"
"16416.0",26,"9","2972.88",4,5,5,14,"Champions"
"13184.0",14,"10","1700.29",5,5,4,14,"Champions"
"15281.0",58,"16","8543.57",4,5,5,14,"Champions"
"12428.0",25,"8","6405.26",4,5,5,14,"Champions"
"13577.0",25,"11","3484.28",4,5,5,14,"Champions"
"15681.0",25,"14","2989.70",4,5,5,14,"Champions"
"14227.0",26,"15","6366.16",4,5,5,14,"Champions"
"15058.0",25,"16","3410.03",4,5,5,14,"Champions"
"15291.0",25,"39","13801.56",4,5,5,14,"Champions"
"15203.0",25,"15","4400.18",4,5,5,14,"Champions"
"14530.0",25,"16","6197.40",4,5,5,14,"Champions"
"15365.0",25,"13","4557.13",4,5,5,14,"Champions"
"15910.0",0,"15","2681.80",5,5,4,14,"Champions"
"14680.0",25,"58","57412.77",4,5,5,14,"Champions"
"15125.0",25,"24","17024.87",4,5,5,14,"Champions"
"17044.0",25,"12","11962.30",4,5,5,14,"Champions"
"17287.0",26,"21","4111.96",4,5,5,14,"Champions"
"16571.0",26,"10","4248.74",4,5,5,14,"Champions"
"14044.0",26,"10","3119.35",4,5,5,14,"Champions"
"17838.0",26,"13","6722.90",4,5,5,14,"Champions"
"13450.0",26,"13","4120.04",4,5,5,14,"Champions"
"17211.0",26,"13","4046.65",4,5,5,14,"Champions"
"14882.0",26,"14","3628.15",4,5,5,14,"Champions"
"12867.0",26,"13","7913.29",4,5,5,14,"Champions"
"13437.0",14,"7","3408.06",5,4,5,14,"Champions"
"17913.0",58,"14","3475.44",4,5,5,14,"Champions"
"12613.0",57,"9","6295.07",4,5,5,14,"Champions"
"14001.0",45,"9","4530.09",4,5,5,14,"Champions"
"17092.0",50,"11","5594.96",4,5,5,14,"Champions"
"17442.0",36,"15","4620.30",4,5,5,14,"Champions"
"14467.0",17,"12","2220.99",5,5,4,14,"Champions"
"14506.0",17,"7","3290.67",5,4,5,14,"Champions"
"17768.0",8,"7","3509.51",5,4,5,14,"Champions"
"16532.0",17,"5","8756.64",5,4,5,14,"Champions"
"13634.0",33,"16","5060.07",4,5,5,14,"Champions"
"15998.0",36,"16","8308.34",4,5,5,14,"Champions"
"17705.0",3,"11","2083.90",5,5,4,14,"Champions"
"12948.0",16,"9","2317.43",5,5,4,14,"Champions"
"13107.0",44,"9","5253.07",4,5,5,14,"Champions"
"15129.0",50,"23","6860.18",4,5,5,14,"Champions"
"17937.0",8,"7","4301.22",5,4,5,14,"Champions"
"16813.0",8,"10","1692.98",5,5,4,14,"Champions"
"16170.0",50,"20","6869.00",4,5,5,14,"Champions"
"15862.0",8,"13","2923.14",5,5,4,14,"Champions"
"13213.0",56,"11","3851.52",4,5,5,14,"Champions"
"16891.0",1,"11","2056.82",5,5,4,14,"Champions"
"14737.0",3,"4","3554.17",5,4,5,14,"Champions"
"15484.0",1,"6","4656.00",5,4,5,14,"Champions"
"12670.0",10,"7","3436.29",5,4,5,14,"Champions"
"17528.0",1,"8","3628.50",5,4,5,14,"Champions"
"17107.0",33,"10","16075.42",4,5,5,14,"Champions"
"14711.0",10,"11","2868.80",5,5,4,14,"Champions"
"18283.0",3,"22","2730.70",5,5,4,14,"Champions"
"16409.0",36,"12","5709.04",4,5,5,14,"Champions"
"13324.0",36,"18","10513.47",4,5,5,14,"Champions"
"12472.0",32,"19","16494.59",4,5,5,14,"Champions"
"16208.0",44,"10","3440.45",4,5,5,14,"Champions"
"14655.0",8,"7","3878.51",5,4,5,14,"Champions"
"15021.0",8,"12","2783.83",5,5,4,14,"Champions"
"16841.0",36,"12","4006.06",4,5,5,14,"Champions"
"17135.0",16,"10","1948.36",5,5,4,14,"Champions"
"17075.0",17,"10","2241.73",5,5,4,14,"Champions"
"13993.0",42,"19","6775.71",4,5,5,14,"Champions"
"14871.0",3,"9","1258.97",5,5,4,14,"Champions"
"16466.0",33,"15","3838.59",4,5,5,14,"Champions"
"13015.0",53,"11","6586.42",4,5,5,14,"Champions"
"14587.0",18,"9","1601.14",5,5,4,14,"Champions"
"15240.0",44,"12","4459.98",4,5,5,14,"Champions"
"16107.0",17,"7","3204.16",5,4,5,14,"Champions"
"15356.0",31,"13","3464.95",4,5,5,14,"Champions"
"16843.0",42,"35","19571.43",4,5,5,14,"Champions"
"16612.0",32,"9","3245.43",4,5,5,14,"Champions"
"12584.0",3,"9","2254.15",5,5,4,14,"Champions"
"12358.0",1,"5","3447.07",5,4,5,14,"Champions"
"13421.0",40,"8","4092.62",4,5,5,14,"Champions"
"14503.0",3,"6","3543.26",5,4,5,14,"Champions"
"15434.0",8,"11","2567.06",5,5,4,14,"Champions"
"14676.0",31,"12","8356.79",4,5,5,14,"Champions"
"15301.0",50,"17","7603.44",4,5,5,14,"Champions"
"14936.0",33,"12","12410.81",4,5,5,14,"Champions"
"13104.0",3,"9","1709.10",5,5,4,14,"Champions"
"12408.0",32,"8","3905.77",4,5,5,14,"Champions"
"12820.0",3,"11","2689.52",5,5,4,14,"Champions"
"16987.0",3,"11","2513.95",5,5,4,14,"Champions"
"16979.0",3,"9","2859.74",5,5,4,14,"Champions"
"16711.0",3,"9","2868.48",5,5,4,14,"Champions"
"16016.0",3,"11","2533.94",5,5,4,14,"Champions"
"16497.0",49,"23","6695.28",4,5,5,14,"Champions"
"17940.0",49,"15","28525.33",4,5,5,14,"Champions"
"13097.0",32,"27","13080.48",4,5,5,14,"Champions"
"14901.0",11,"12","2289.65",5,5,4,14,"Champions"
"13755.0",3,"9","2161.35",5,5,4,14,"Champions"
"16076.0",3,"10","2234.73",5,5,4,14,"Champions"
"18226.0",44,"26","11878.88",4,5,5,14,"Champions"
"14673.0",3,"7","3410.81",5,4,5,14,"Champions"
"16764.0",3,"13","2799.25",5,5,4,14,"Champions"
"15696.0",33,"13","3906.57",4,5,5,14,"Champions"
"15950.0",31,"10","7180.71",4,5,5,14,"Champions"
"17728.0",3,"5","4238.76",5,4,5,14,"Champions"
"14129.0",1,"9","2591.34",5,5,4,14,"Champions"
"14083.0",4,"11","1407.26",5,5,4,14,"Champions"
"13890.0",1,"14","2927.38",5,5,4,14,"Champions"
"13750.0",53,"11","3602.18",4,5,5,14,"Champions"
"17213.0",40,"13","5182.30",4,5,5,14,"Champions"
"16153.0",49,"11","5133.49",4,5,5,14,"Champions"
"15785.0",32,"16","5969.93",4,5,5,14,"Champions"
"15059.0",40,"19","3522.77",4,5,5,14,"Champions"
"17676.0",4,"10","2765.84",5,5,4,14,"Champions"
"14639.0",52,"9","4978.96",4,5,5,14,"Champions"
"14004.0",43,"11","6258.45",4,5,5,14,"Champions"
"16515.0",52,"10","3216.30",4,5,5,14,"Champions"
"13842.0",58,"18","5629.91",4,5,5,14,"Champions"
"14790.0",16,"10","2526.62",5,5,4,14,"Champions"
"15493.0",32,"9","4306.49",4,5,5,14,"Champions"
"16187.0",31,"15","6911.44",4,5,5,14,"Champions"
"17323.0",15,"12","1562.19",5,5,4,14,"Champions"
"17372.0",40,"27","4346.71",4,5,5,14,"Champions"
"15819.0",49,"10","3934.79",4,5,5,14,"Champions"
"17490.0",0,"9","2750.50",5,5,4,14,"Champions"
"14659.0",8,"9","2529.93",5,5,4,14,"Champions"
"13824.0",32,"12","3314.76",4,5,5,14,"Champions"
"13719.0",15,"11","2814.27",5,5,4,14,"Champions"
"16918.0",49,"16","3213.29",4,5,5,14,"Champions"
"14040.0",40,"35","12645.57",4,5,5,14,"Champions"
"15288.0",43,"10","3874.28",4,5,5,14,"Champions"
"13823.0",18,"7","3403.45",5,4,5,14,"Champions"
"17288.0",9,"11","2499.98",5,5,4,14,"Champions"
"17345.0",15,"10","1604.68",5,5,4,14,"Champions"
"12494.0",15,"9","1602.87",5,5,4,14,"Champions"
"14239.0",43,"21","4263.17",4,5,5,14,"Champions"
"15708.0",40,"9","4378.72",4,5,5,14,"Champions"
"13157.0",49,"9","5687.36",4,5,5,14,"Champions"
"16950.0",56,"10","3776.37",4,5,5,14,"Champions"
"14211.0",53,"18","4402.29",4,5,5,14,"Champions"
"15782.0",9,"4","4014.10",5,4,5,14,"Champions"
"16686.0",47,"16","5070.92",4,5,5,14,"Champions"
"16081.0",56,"8","4460.18",4,5,5,14,"Champions"
"15521.0",40,"16","7096.09",4,5,5,14,"Champions"
"13362.0",9,"7","5394.07",5,4,5,14,"Champions"
"13654.0",43,"11","6308.00",4,5,5,14,"Champions"
"12838.0",33,"10","3398.48",4,5,5,14,"Champions"
"17924.0",11,"8","3536.70",5,4,5,14,"Champions"
"14913.0",35,"8","4073.13",4,5,5,14,"Champions"
"13784.0",9,"14","2910.23",5,5,4,14,"Champions"
"13588.0",15,"9","2478.95",5,5,4,14,"Champions"
"15329.0",39,"11","2984.33",4,5,5,14,"Champions"
"15752.0",39,"9","4207.54",4,5,5,14,"Champions"
"15622.0",43,"17","7852.61",4,5,5,14,"Champions"
"13196.0",11,"7","3068.84",5,4,5,14,"Champions"
"17236.0",12,"12","1929.26",5,5,4,14,"Champions"
"13173.0",4,"11","2629.35",5,5,4,14,"Champions"
"18257.0",39,"12","4585.15",4,5,5,14,"Champions"
"16407.0",12,"14","2821.65",5,5,4,14,"Champions"
"13610.0",12,"14","2174.63",5,5,4,14,"Champions"
"16360.0",4,"6","3512.53",5,4,5,14,"Champions"
"14800.0",47,"17","7763.07",4,5,5,14,"Champions"
"13527.0",33,"12","4683.74",4,5,5,14,"Champions"
"13139.0",16,"8","8202.98",5,4,5,14,"Champions"
"16115.0",9,"12","2575.14",5,5,4,14,"Champions"
"17396.0",39,"13","8789.10",4,5,5,14,"Champions"
"16600.0",4,"13","2153.41",5,5,4,14,"Champions"
"15550.0",4,"12","2218.80",5,5,4,14,"Champions"
"17227.0",18,"12","2022.03",5,5,4,14,"Champions"
"16005.0",12,"10","2435.80",5,5,4,14,"Champions"
"15033.0",4,"10","2583.37",5,5,4,14,"Champions"
"13647.0",9,"8","3071.68",5,4,5,14,"Champions"
"16271.0",15,"8","3433.02",5,4,5,14,"Champions"
"13982.0",39,"9","4445.59",4,5,5,14,"Champions"
"16444.0",46,"17","3656.58",4,5,5,14,"Champions"
"15632.0",15,"8","3285.31",5,4,5,14,"Champions"
"17324.0",17,"12","2301.87",5,5,4,14,"Champions"
"16915.0",9,"11","1543.18",5,5,4,14,"Champions"
"15747.0",12,"9","2562.61",5,5,4,14,"Champions"
"13327.0",38,"20","9879.48",4,5,5,14,"Champions"
"13538.0",43,"12","3112.73",4,5,5,14,"Champions"
"16325.0",46,"12","3597.50",4,5,5,14,"Champions"
"13203.0",9,"10","2648.25",5,5,4,14,"Champions"
"17629.0",5,"10","2455.52",5,5,4,14,"Champions"
"16942.0",12,"9","1920.59",5,5,4,14,"Champions"
"12484.0",35,"9","5573.15",4,5,5,14,"Champions"
"17203.0",35,"10","5575.88",4,5,5,14,"Champions"
"14312.0",46,"11","3090.29",4,5,5,14,"Champions"
"16019.0",46,"27","17465.85",4,5,5,14,"Champions"
"16609.0",15,"7","5493.46",5,4,5,14,"Champions"
"15722.0",35,"11","5258.10",4,5,5,14,"Champions"
"18188.0",15,"6","3280.59",5,4,5,14,"Champions"
"17750.0",5,"9","1781.28",5,5,4,14,"Champions"
"13838.0",5,"10","1966.09",5,5,4,14,"Champions"
"16794.0",1,"15","2088.89",5,5,4,14,"Champions"
"12928.0",35,"12","4304.89",4,5,5,14,"Champions"
"17160.0",31,"17","10209.16",4,5,5,14,"Champions"
"13026.0",1,"9","1733.08",5,5,4,14,"Champions"
"13136.0",56,"13","6274.56",4,5,5,14,"Champions"
"16029.0",38,"106","114066.39",4,5,5,14,"Champions"
"13536.0",1,"7","3448.29",5,4,5,14,"Champions"
"13704.0",5,"9","2308.06",5,5,4,14,"Champions"
"14498.0",42,"10","3911.27",4,5,5,14,"Champions"
"15367.0",57,"11","5081.33",4,5,5,14,"Champions"
"17930.0",35,"13","4275.22",4,5,5,14,"Champions"
"17669.0",42,"10","6142.35",4,5,5,14,"Champions"
"14897.0",7,"8","3140.54",5,4,5,14,"Champions"
"16729.0",38,"21","7236.60",4,5,5,14,"Champions"
"14852.0",58,"18","6147.18",4,5,5,14,"Champions"
"13911.0",57,"20","4234.99",4,5,5,14,"Champions"
"13782.0",12,"13","1793.72",5,5,4,14,"Champions"
"15719.0",32,"31","10221.41",4,5,5,14,"Champions"
"16440.0",7,"6","3856.97",5,4,5,14,"Champions"
"14723.0",10,"11","2089.66",5,5,4,14,"Champions"
"12431.0",35,"25","10527.97",4,5,5,14,"Champions"
"13297.0",7,"7","4368.62",5,4,5,14,"Champions"
"17612.0",53,"18","5394.86",4,5,5,14,"Champions"
"13617.0",40,"8","1278.75",4,5,4,13,"Champions"
"14446.0",0,"5","1236.51",5,4,4,13,"Champions"
"12518.0",0,"5","1840.89",5,4,4,13,"Champions"
"16446.0",0,"2","168472.50",5,3,5,13,"Loyal Customers"
"14730.0",1,"8","2005.06",5,4,4,13,"Champions"
"15214.0",1,"8","1661.44",5,4,4,13,"Champions"
"13860.0",1,"5","1245.90",5,4,4,13,"Champions"
"18210.0",1,"7","2768.83",5,4,4,13,"Champions"
"17451.0",1,"7","1721.40",5,4,4,13,"Champions"
"15453.0",1,"7","1388.37",5,4,4,13,"Champions"
"14251.0",1,"5","2879.70",5,4,4,13,"Champions"
"14698.0",1,"5","1250.76",5,4,4,13,"Champions"
"16833.0",1,"6","2409.04",5,4,4,13,"Champions"
"13471.0",1,"4","2531.58",5,4,4,13,"Champions"
"17554.0",1,"5","1952.45",5,4,4,13,"Champions"
"14719.0",1,"5","1602.13",5,4,4,13,"Champions"
"13924.0",1,"6","1838.85",5,4,4,13,"Champions"
"16358.0",1,"5","2919.65",5,4,4,13,"Champions"
"12912.0",2,"5","1662.30",5,4,4,13,"Champions"
"14708.0",2,"5","2212.28",5,4,4,13,"Champions"
"13949.0",2,"6","2427.32",5,4,4,13,"Champions"
"14904.0",2,"4","1640.64",5,4,4,13,"Champions"
"17434.0",2,"7","2373.82",5,4,4,13,"Champions"
"13743.0",2,"7","1341.60",5,4,4,13,"Champions"
"16000.0",2,"3","12393.70",5,3,5,13,"Loyal Customers"
"16620.0",3,"6","1758.93",5,4,4,13,"Champions"
"15157.0",3,"5","2654.11",5,4,4,13,"Champions"
"17290.0",3,"8","1440.96",5,4,4,13,"Champions"
"17666.0",3,"5","2047.80",5,4,4,13,"Champions"
"16949.0",3,"6","1286.27",5,4,4,13,"Champions"
"14216.0",3,"5","2150.04",5,4,4,13,"Champions"
"13994.0",3,"6","2313.14",5,4,4,13,"Champions"
"14121.0",3,"4","2780.15",5,4,4,13,"Champions"
"16569.0",3,"5","1455.23",5,4,4,13,"Champions"
"13507.0",3,"4","2479.16",5,4,4,13,"Champions"
"14071.0",3,"8","1424.00",5,4,4,13,"Champions"
"15822.0",3,"6","1840.06",5,4,4,13,"Champions"
"16929.0",3,"7","1295.39",5,4,4,13,"Champions"
"16201.0",3,"5","2112.12",5,4,4,13,"Champions"
"16790.0",3,"6","1545.62",5,4,4,13,"Champions"
"17744.0",3,"7","2649.14",5,4,4,13,"Champions"
"15392.0",4,"7","2911.62",5,4,4,13,"Champions"
"16500.0",4,"9","843.91",5,5,3,13,"Loyal Customers"
"15932.0",4,"8","2495.87",5,4,4,13,"Champions"
"14075.0",4,"5","1724.87",5,4,4,13,"Champions"
"16910.0",4,"8","1510.06",5,4,4,13,"Champions"
"14696.0",4,"8","2767.90",5,4,4,13,"Champions"
"13417.0",4,"6","1669.49",5,4,4,13,"Champions"
"18180.0",4,"6","1843.75",5,4,4,13,"Champions"
"17006.0",4,"8","1636.32",5,4,4,13,"Champions"
"16379.0",4,"4","2157.40",5,4,4,13,"Champions"
"14583.0",5,"8","1781.03",5,4,4,13,"Champions"
"13808.0",5,"5","1747.66",5,4,4,13,"Champions"
"14102.0",5,"5","1360.28",5,4,4,13,"Champions"
"17827.0",5,"6","2388.05",5,4,4,13,"Champions"
"17114.0",5,"8","808.62",5,5,3,13,"Loyal Customers"
"13736.0",5,"7","2766.21",5,4,4,13,"Champions"
"17131.0",5,"5","2463.17",5,4,4,13,"Champions"
"13630.0",5,"7","2031.78",5,4,4,13,"Champions"
"12724.0",5,"7","2083.52",5,4,4,13,"Champions"
"16899.0",7,"8","1721.02",5,4,4,13,"Champions"
"13868.0",7,"2","3192.54",5,3,5,13,"Loyal Customers"
"14428.0",7,"5","1244.83",5,4,4,13,"Champions"
"12684.0",7,"6","2073.63",5,4,4,13,"Champions"
"13309.0",7,"6","1706.37",5,4,4,13,"Champions"
"17086.0",7,"6","2050.08",5,4,4,13,"Champions"
"16474.0",7,"7","1871.34",5,4,4,13,"Champions"
"13705.0",7,"7","2035.33",5,4,4,13,"Champions"
"17386.0",7,"7","2812.77",5,4,4,13,"Champions"
"12856.0",7,"6","2179.93",5,4,4,13,"Champions"
"12695.0",7,"7","1371.12",5,4,4,13,"Champions"
"12704.0",7,"8","1740.84",5,4,4,13,"Champions"
"15993.0",8,"7","2788.87",5,4,4,13,"Champions"
"17115.0",8,"7","2761.49",5,4,4,13,"Champions"
"14178.0",8,"7","1600.93",5,4,4,13,"Champions"
"15101.0",8,"6","1477.94",5,4,4,13,"Champions"
"16169.0",8,"4","1822.97",5,4,4,13,"Champions"
"16496.0",8,"6","2330.77",5,4,4,13,"Champions"
"16119.0",8,"8","1720.81",5,4,4,13,"Champions"
"18122.0",8,"6","1824.99",5,4,4,13,"Champions"
"14869.0",8,"6","2804.24",5,4,4,13,"Champions"
"14262.0",8,"8","2618.23",5,4,4,13,"Champions"
"17321.0",8,"6","1741.18",5,4,4,13,"Champions"
"17350.0",8,"7","1906.04",5,4,4,13,"Champions"
"12919.0",8,"6","1335.19",5,4,4,13,"Champions"
"15172.0",8,"5","1624.05",5,4,4,13,"Champions"
"16966.0",8,"7","2154.97",5,4,4,13,"Champions"
"14432.0",9,"6","2255.51",5,4,4,13,"Champions"
"14005.0",9,"5","2874.72",5,4,4,13,"Champions"
"14618.0",9,"7","1342.32",5,4,4,13,"Champions"
"15113.0",9,"3","3608.94",5,3,5,13,"Loyal Customers"
"18179.0",9,"8","2547.55",5,4,4,13,"Champions"
"15073.0",9,"8","2788.02",5,4,4,13,"Champions"
"16062.0",9,"8","2863.45",5,4,4,13,"Champions"
"12528.0",9,"6","1645.48",5,4,4,13,"Champions"
"15197.0",10,"6","1877.51",5,4,4,13,"Champions"
"14554.0",10,"4","2381.04",5,4,4,13,"Champions"
"14321.0",10,"7","2218.06",5,4,4,13,"Champions"
"14419.0",10,"7","1260.91",5,4,4,13,"Champions"
"15089.0",10,"6","2420.84",5,4,4,13,"Champions"
"17101.0",10,"7","2507.05",5,4,4,13,"Champions"
"14597.0",11,"6","2201.54",5,4,4,13,"Champions"
"16744.0",11,"7","1304.76",5,4,4,13,"Champions"
"14511.0",11,"5","1314.81",5,4,4,13,"Champions"
"14741.0",11,"7","1897.59",5,4,4,13,"Champions"
"18096.0",11,"6","1785.57",5,4,4,13,"Champions"
"12906.0",11,"5","2919.81",5,4,4,13,"Champions"
"15561.0",11,"8","1934.39",5,4,4,13,"Champions"
"17031.0",11,"6","2773.85",5,4,4,13,"Champions"
"14577.0",12,"7","1374.25",5,4,4,13,"Champions"
"13232.0",12,"7","1357.00",5,4,4,13,"Champions"
"13064.0",12,"6","1680.74",5,4,4,13,"Champions"
"17411.0",12,"5","1425.38",5,4,4,13,"Champions"
"14859.0",12,"5","1705.64",5,4,4,13,"Champions"
"15987.0",12,"8","1682.13",5,4,4,13,"Champions"
"15186.0",14,"5","1403.20",5,4,4,13,"Champions"
"13579.0",14,"5","1539.04",5,4,4,13,"Champions"
"15473.0",14,"8","2046.00",5,4,4,13,"Champions"
"15737.0",14,"8","1205.12",5,5,3,13,"Loyal Customers"
"15793.0",14,"8","2399.57",5,4,4,13,"Champions"
"17813.0",14,"5","1770.88",5,4,4,13,"Champions"
"15117.0",14,"8","2485.97",5,4,4,13,"Champions"
"13149.0",14,"4","1676.06",5,4,4,13,"Champions"
"16668.0",15,"13","862.42",5,5,3,13,"Loyal Customers"
"14987.0",15,"8","1713.85",5,4,4,13,"Champions"
"17671.0",15,"5","2403.34",5,4,4,13,"Champions"
"18161.0",15,"6","1803.10",5,4,4,13,"Champions"
"16173.0",15,"6","1418.32",5,4,4,13,"Champions"
"15594.0",15,"5","1771.78",5,4,4,13,"Champions"
"17463.0",16,"7","2557.91",5,4,4,13,"Champions"
"17034.0",16,"5","1283.92",5,4,4,13,"Champions"
"16660.0",16,"7","1879.55",5,4,4,13,"Champions"
"16066.0",16,"5","1521.87",5,4,4,13,"Champions"
"15814.0",16,"6","2634.44",5,4,4,13,"Champions"
"14912.0",16,"6","1889.25",5,4,4,13,"Champions"
"15253.0",16,"8","2055.09",5,4,4,13,"Champions"
"13644.0",16,"4","2624.26",5,4,4,13,"Champions"
"16633.0",17,"6","2883.10",5,4,4,13,"Champions"
"15106.0",17,"5","1422.52",5,4,4,13,"Champions"
"12775.0",17,"7","1551.12",5,4,4,13,"Champions"
"14834.0",17,"7","2206.16",5,4,4,13,"Champions"
"13456.0",17,"6","1766.72",5,4,4,13,"Champions"
"12586.0",17,"4","2062.67",5,4,4,13,"Champions"
"14657.0",17,"6","1460.87",5,4,4,13,"Champions"
"17759.0",17,"5","1275.66",5,4,4,13,"Champions"
"14447.0",18,"6","1711.73",5,4,4,13,"Champions"
"14449.0",18,"8","2482.80",5,4,4,13,"Champions"
"16369.0",18,"7","2662.73",5,4,4,13,"Champions"
"15676.0",18,"3","3435.76",5,3,5,13,"Loyal Customers"
"12349.0",18,"3","3678.69",5,3,5,13,"Loyal Customers"
"15671.0",18,"7","2657.13",5,4,4,13,"Champions"
"14984.0",19,"6","1271.41",5,4,4,13,"Champions"
"14553.0",19,"9","1841.54",4,5,4,13,"Champions"
"12778.0",19,"9","1541.68",4,5,4,13,"Champions"
"14704.0",19,"9","1781.23",4,5,4,13,"Champions"
"15426.0",19,"9","2615.39",4,5,4,13,"Champions"
"12597.0",19,"4","3195.22",4,4,5,13,"Champions"
"15906.0",19,"10","2555.64",4,5,4,13,"Champions"
"17888.0",21,"25","1820.44",4,5,4,13,"Champions"
"13094.0",21,"13","2433.12",4,5,4,13,"Champions"
"12444.0",21,"5","4085.46",4,4,5,13,"Champions"
"14285.0",21,"8","3284.42",4,4,5,13,"Champions"
"15494.0",21,"5","3780.05",4,4,5,13,"Champions"
"14820.0",21,"9","1274.76",4,5,4,13,"Champions"
"16350.0",21,"9","2253.89",4,5,4,13,"Champions"
"17621.0",21,"6","3175.12",4,4,5,13,"Champions"
"12578.0",21,"4","4026.45",4,4,5,13,"Champions"
"13117.0",21,"18","2643.81",4,5,4,13,"Champions"
"15081.0",22,"12","1965.72",4,5,4,13,"Champions"
"16638.0",22,"15","2430.53",4,5,4,13,"Champions"
"12753.0",22,"6","21429.39",4,4,5,13,"Champions"
"16531.0",22,"11","2298.33",4,5,4,13,"Champions"
"12539.0",22,"7","11186.75",4,4,5,13,"Champions"
"12449.0",22,"5","4274.89",4,4,5,13,"Champions"
"15811.0",22,"7","3796.92",4,4,5,13,"Champions"
"12406.0",22,"5","6390.36",4,4,5,13,"Champions"
"12356.0",22,"6","5613.68",4,4,5,13,"Champions"
"14286.0",23,"7","8479.76",4,4,5,13,"Champions"
"16085.0",23,"12","2327.21",4,5,4,13,"Champions"
"12993.0",23,"8","1259.63",4,5,4,13,"Champions"
"17368.0",23,"14","2826.14",4,5,4,13,"Champions"
"13285.0",23,"6","3364.59",4,4,5,13,"Champions"
"13131.0",23,"7","3313.77",4,4,5,13,"Champions"
"16809.0",23,"9","1727.43",4,5,4,13,"Champions"
"13410.0",24,"9","2201.96",4,5,4,13,"Champions"
"13632.0",24,"8","3648.15",4,4,5,13,"Champions"
"16341.0",24,"7","3850.79",4,4,5,13,"Champions"
"18259.0",24,"7","4318.20",4,4,5,13,"Champions"
"13692.0",24,"5","3114.40",4,4,5,13,"Champions"
"12676.0",24,"10","2333.09",4,5,4,13,"Champions"
"16303.0",25,"7","7928.27",4,4,5,13,"Champions"
"15660.0",25,"15","2812.99",4,5,4,13,"Champions"
"15050.0",25,"5","4193.79",4,4,5,13,"Champions"
"13700.0",26,"13","2613.46",4,5,4,13,"Champions"
"12865.0",26,"4","3323.47",4,4,5,13,"Champions"
"13984.0",26,"12","2048.60",4,5,4,13,"Champions"
"17790.0",26,"20","2783.61",4,5,4,13,"Champions"
"16560.0",26,"8","3048.38",4,4,5,13,"Champions"
"17720.0",26,"10","2768.91",4,5,4,13,"Champions"
"14035.0",28,"9","2856.72",4,5,4,13,"Champions"
"13895.0",28,"6","4008.52",4,4,5,13,"Champions"
"17162.0",28,"10","1715.46",4,5,4,13,"Champions"
"14226.0",28,"6","3002.53",4,4,5,13,"Champions"
"16332.0",28,"11","2007.89",4,5,4,13,"Champions"
"12589.0",28,"6","3294.91",4,4,5,13,"Champions"
"12480.0",28,"7","4834.85",4,4,5,13,"Champions"
"12599.0",29,"13","2026.72",4,5,4,13,"Champions"
"18135.0",29,"10","1249.62",4,5,4,13,"Champions"
"16434.0",29,"12","2741.74",4,5,4,13,"Champions"
"16907.0",29,"9","1707.90",4,5,4,13,"Champions"
"17109.0",29,"8","1295.46",4,5,4,13,"Champions"
"18236.0",29,"12","1795.35",4,5,4,13,"Champions"
"17867.0",30,"15","1616.28",4,5,4,13,"Champions"
"15485.0",30,"7","5771.51",4,4,5,13,"Champions"
"13623.0",30,"10","2566.49",4,5,4,13,"Champions"
"17702.0",30,"6","3144.04",4,4,5,13,"Champions"
"16996.0",30,"9","2123.61",4,5,4,13,"Champions"
"14524.0",31,"13","2933.71",4,5,4,13,"Champions"
"16732.0",31,"4","4387.64",4,4,5,13,"Champions"
"18177.0",31,"9","2216.87",4,5,4,13,"Champions"
"12721.0",31,"8","3635.08",4,4,5,13,"Champions"
"13643.0",31,"10","2156.77",4,5,4,13,"Champions"
"12849.0",31,"6","3064.07",4,4,5,13,"Champions"
"13695.0",31,"16","2770.73",4,5,4,13,"Champions"
"17289.0",31,"9","2079.39",4,5,4,13,"Champions"
"17515.0",31,"9","1617.46",4,5,4,13,"Champions"
"14700.0",32,"5","3116.26",4,4,5,13,"Champions"
"14623.0",32,"10","2054.90",4,5,4,13,"Champions"
"16053.0",32,"6","3634.84",4,4,5,13,"Champions"
"18036.0",32,"11","1563.64",4,5,4,13,"Champions"
"12645.0",33,"8","3215.30",4,4,5,13,"Champions"
"13772.0",33,"8","3114.22",4,4,5,13,"Champions"
"18170.0",33,"9","2878.00",4,5,4,13,"Champions"
"14404.0",33,"13","2899.11",4,5,4,13,"Champions"
"17082.0",33,"6","4732.03",4,4,5,13,"Champions"
"13523.0",33,"6","5101.52",4,4,5,13,"Champions"
"17193.0",35,"9","2310.04",4,5,4,13,"Champions"
"16012.0",35,"5","2989.79",4,4,5,13,"Champions"
"17634.0",36,"9","2361.97",4,5,4,13,"Champions"
"16221.0",36,"9","2234.06",4,5,4,13,"Champions"
"17351.0",36,"12","1964.38",4,5,4,13,"Champions"
"13728.0",36,"16","2855.17",4,5,4,13,"Champions"
"12352.0",36,"9","1729.54",4,5,4,13,"Champions"
"15227.0",36,"9","2488.49",4,5,4,13,"Champions"
"15605.0",36,"9","1936.80",4,5,4,13,"Champions"
"17966.0",37,"10","1974.42",4,5,4,13,"Champions"
"13477.0",37,"11","2834.17",4,5,4,13,"Champions"
"16308.0",37,"7","5120.00",4,4,5,13,"Champions"
"12830.0",37,"6","6814.64",4,4,5,13,"Champions"
"15065.0",37,"5","3326.86",4,4,5,13,"Champions"
"13461.0",38,"6","4160.00",4,4,5,13,"Champions"
"14167.0",39,"8","1296.49",4,5,4,13,"Champions"
"12909.0",39,"8","3103.19",4,4,5,13,"Champions"
"15974.0",39,"7","3442.15",4,4,5,13,"Champions"
"14810.0",40,"13","2537.02",4,5,4,13,"Champions"
"17609.0",40,"11","1881.80",4,5,4,13,"Champions"
"15370.0",40,"8","3739.01",4,4,5,13,"Champions"
"15860.0",40,"17","2502.71",4,5,4,13,"Champions"
"18287.0",42,"7","4182.99",4,4,5,13,"Champions"
"12432.0",42,"4","4359.32",4,4,5,13,"Champions"
"14738.0",42,"9","1821.90",4,5,4,13,"Champions"
"15791.0",43,"5","3608.34",4,4,5,13,"Champions"
"14315.0",44,"8","3197.82",4,4,5,13,"Champions"
"16225.0",44,"15","2867.41",4,5,4,13,"Champions"
"17470.0",44,"11","2804.87",4,5,4,13,"Champions"
"18079.0",45,"5","4242.75",4,4,5,13,"Champions"
"15786.0",46,"5","8514.82",4,4,5,13,"Champions"
"14145.0",46,"7","7600.05",4,4,5,13,"Champions"
"16007.0",47,"7","3075.14",4,4,5,13,"Champions"
"16768.0",47,"9","1708.12",4,5,4,13,"Champions"
"17672.0",50,"7","5778.63",4,4,5,13,"Champions"
"17354.0",50,"4","3143.46",4,4,5,13,"Champions"
"12370.0",51,"7","3960.31",4,4,5,13,"Champions"
"13849.0",51,"5","3469.30",4,4,5,13,"Champions"
"16470.0",51,"11","2458.60",4,5,4,13,"Champions"
"14306.0",51,"6","3151.40",4,4,5,13,"Champions"
"17262.0",52,"11","2757.62",4,5,4,13,"Champions"
"15505.0",52,"5","3610.96",4,4,5,13,"Champions"
"15140.0",52,"8","3243.69",4,4,5,13,"Champions"
"13032.0",52,"9","2843.55",4,5,4,13,"Champions"
"17679.0",52,"7","3577.61",4,4,5,13,"Champions"
"14861.0",52,"10","1380.73",4,5,4,13,"Champions"
"12360.0",52,"6","3612.89",4,4,5,13,"Champions"
"16563.0",53,"6","4422.76",4,4,5,13,"Champions"
"16206.0",54,"13","2589.57",4,5,4,13,"Champions"
"12744.0",56,"8","13158.16",4,4,5,13,"Champions"
"17180.0",56,"11","2256.98",4,5,4,13,"Champions"
"16770.0",57,"9","1932.13",4,5,4,13,"Champions"
"12876.0",57,"4","3751.79",4,4,5,13,"Champions"
"12631.0",57,"6","3321.57",4,4,5,13,"Champions"
"12633.0",58,"7","5156.16",4,4,5,13,"Champions"
"13464.0",58,"6","3097.64",4,4,5,13,"Champions"
"14541.0",58,"14","2499.68",4,5,4,13,"Champions"
"12836.0",59,"15","6585.62",3,5,5,13,"Loyal Customers"
"15199.0",59,"10","3122.40",3,5,5,13,"Loyal Customers"
"12530.0",59,"9","3381.26",3,5,5,13,"Loyal Customers"
"17863.0",59,"12","5745.20",3,5,5,13,"Loyal Customers"
"14952.0",59,"32","17629.35",3,5,5,13,"Loyal Customers"
"17589.0",60,"18","14018.20",3,5,5,13,"Loyal Customers"
"14535.0",60,"9","6019.39",3,5,5,13,"Loyal Customers"
"14451.0",60,"12","3308.77",3,5,5,13,"Loyal Customers"
"16395.0",60,"14","3537.00",3,5,5,13,"Loyal Customers"
"17552.0",60,"12","3085.29",3,5,5,13,"Loyal Customers"
"15606.0",61,"17","5230.99",3,5,5,13,"Loyal Customers"
"14514.0",61,"9","4598.98",3,5,5,13,"Loyal Customers"
"16477.0",63,"11","4320.02",3,5,5,13,"Loyal Customers"
"16455.0",63,"11","4384.37",3,5,5,13,"Loyal Customers"
"15874.0",63,"21","11284.76",3,5,5,13,"Loyal Customers"
"14844.0",63,"10","6702.43",3,5,5,13,"Loyal Customers"
"12939.0",64,"20","25264.80",3,5,5,13,"Loyal Customers"
"15518.0",64,"15","4218.94",3,5,5,13,"Loyal Customers"
"16316.0",64,"13","5744.91",3,5,5,13,"Loyal Customers"
"13771.0",64,"9","5728.82",3,5,5,13,"Loyal Customers"
"14257.0",64,"9","5954.45",3,5,5,13,"Loyal Customers"
"15306.0",64,"9","3484.73",3,5,5,13,"Loyal Customers"
"12843.0",65,"29","6568.91",3,5,5,13,"Loyal Customers"
"16059.0",65,"12","3217.77",3,5,5,13,"Loyal Customers"
"16556.0",66,"17","8012.58",3,5,5,13,"Loyal Customers"
"15255.0",66,"9","3729.42",3,5,5,13,"Loyal Customers"
"15241.0",66,"11","3050.16",3,5,5,13,"Loyal Customers"
"13317.0",66,"19","6486.09",3,5,5,13,"Loyal Customers"
"13552.0",66,"22","6978.92",3,5,5,13,"Loyal Customers"
"17667.0",66,"9","3950.70",3,5,5,13,"Loyal Customers"
"16875.0",67,"11","4234.53",3,5,5,13,"Loyal Customers"
"12637.0",67,"12","8142.31",3,5,5,13,"Loyal Customers"
"15299.0",67,"9","7391.54",3,5,5,13,"Loyal Customers"
"14970.0",68,"12","4919.35",3,5,5,13,"Loyal Customers"
"15321.0",70,"12","6709.73",3,5,5,13,"Loyal Customers"
"18008.0",70,"23","19787.13",3,5,5,13,"Loyal Customers"
"17819.0",71,"12","6612.52",3,5,5,13,"Loyal Customers"
"14409.0",71,"9","3756.09",3,5,5,13,"Loyal Customers"
"14978.0",72,"10","3142.14",3,5,5,13,"Loyal Customers"
"13901.0",72,"15","5676.34",3,5,5,13,"Loyal Customers"
"13397.0",72,"10","3191.87",3,5,5,13,"Loyal Customers"
"16182.0",72,"9","9971.65",3,5,5,13,"Loyal Customers"
"12455.0",73,"9","5722.95",3,5,5,13,"Loyal Customers"
"15827.0",73,"28","3794.07",3,5,5,13,"Loyal Customers"
"14101.0",73,"13","9961.93",3,5,5,13,"Loyal Customers"
"17061.0",73,"11","5232.23",3,5,5,13,"Loyal Customers"
"15674.0",73,"12","6613.52",3,5,5,13,"Loyal Customers"
"13555.0",73,"13","8999.19",3,5,5,13,"Loyal Customers"
"12823.0",74,"18","6501.50",3,5,5,13,"Loyal Customers"
"14235.0",75,"9","4717.99",3,5,5,13,"Loyal Customers"
"14854.0",78,"11","4322.86",3,5,5,13,"Loyal Customers"
"16735.0",78,"14","6270.56",3,5,5,13,"Loyal Customers"
"12609.0",78,"9","3021.86",3,5,5,13,"Loyal Customers"
"16928.0",80,"26","4013.78",3,5,5,13,"Loyal Customers"
"17873.0",80,"18","6386.50",3,5,5,13,"Loyal Customers"
"13562.0",81,"8","4838.18",3,5,5,13,"Loyal Customers"
"18094.0",81,"13","6391.52",3,5,5,13,"Loyal Customers"
"17848.0",81,"30","3619.75",3,5,5,13,"Loyal Customers"
"17802.0",82,"10","5053.12",3,5,5,13,"Loyal Customers"
"15523.0",84,"16","17359.99",3,5,5,13,"Loyal Customers"
"16709.0",84,"14","9087.46",3,5,5,13,"Loyal Customers"
"15410.0",84,"10","4685.72",3,5,5,13,"Loyal Customers"
"13141.0",84,"17","7668.58",3,5,5,13,"Loyal Customers"
"16745.0",86,"17","7194.30",3,5,5,13,"Loyal Customers"
"18251.0",87,"9","26278.86",3,5,5,13,"Loyal Customers"
"16098.0",87,"14","4448.10",3,5,5,13,"Loyal Customers"
"16209.0",88,"9","4146.78",3,5,5,13,"Loyal Customers"
"16984.0",88,"9","10754.80",3,5,5,13,"Loyal Customers"
"15764.0",88,"8","4503.08",3,5,5,13,"Loyal Customers"
"15673.0",88,"9","6414.79",3,5,5,13,"Loyal Customers"
"14307.0",88,"10","5071.03",3,5,5,13,"Loyal Customers"
"15939.0",89,"15","9004.84",3,5,5,13,"Loyal Customers"
"13611.0",89,"10","3319.53",3,5,5,13,"Loyal Customers"
"14837.0",89,"9","3460.32",3,5,5,13,"Loyal Customers"
"18093.0",93,"8","4452.71",3,5,5,13,"Loyal Customers"
"16400.0",94,"9","3159.44",3,5,5,13,"Loyal Customers"
"13851.0",95,"8","4606.46",3,5,5,13,"Loyal Customers"
"12422.0",95,"12","3639.35",3,5,5,13,"Loyal Customers"
"13931.0",95,"11","5257.38",3,5,5,13,"Loyal Customers"
"17050.0",96,"11","4691.79",3,5,5,13,"Loyal Customers"
"17774.0",96,"9","3327.05",3,5,5,13,"Loyal Customers"
"13631.0",99,"11","3070.42",3,5,5,13,"Loyal Customers"
"16456.0",99,"13","6862.91",3,5,5,13,"Loyal Customers"
"16180.0",100,"13","16249.87",3,5,5,13,"Loyal Customers"
"15260.0",100,"25","9188.23",3,5,5,13,"Loyal Customers"
"15596.0",100,"9","3130.04",3,5,5,13,"Loyal Customers"
"15569.0",103,"10","3586.35",3,5,5,13,"Loyal Customers"
"15095.0",103,"10","3141.64",3,5,5,13,"Loyal Customers"
"15625.0",103,"9","3236.40",3,5,5,13,"Loyal Customers"
"17146.0",105,"13","5860.24",3,5,5,13,"Loyal Customers"
"15641.0",105,"12","5345.55",3,5,5,13,"Loyal Customers"
"14210.0",105,"16","5861.52",3,5,5,13,"Loyal Customers"
"16503.0",106,"11","3614.34",3,5,5,13,"Loyal Customers"
"15812.0",107,"12","5201.47",3,5,5,13,"Loyal Customers"
"13593.0",108,"14","5523.69",3,5,5,13,"Loyal Customers"
"16550.0",108,"18","9429.23",3,5,5,13,"Loyal Customers"
"14045.0",109,"16","11313.03",3,5,5,13,"Loyal Customers"
"17083.0",109,"9","4049.79",3,5,5,13,"Loyal Customers"
"13027.0",113,"19","17335.20",3,5,5,13,"Loyal Customers"
"15122.0",114,"11","4497.47",3,5,5,13,"Loyal Customers"
"18073.0",114,"12","3877.52",3,5,5,13,"Loyal Customers"
"15002.0",115,"9","4817.28",3,5,5,13,"Loyal Customers"
"14918.0",115,"9","5955.81",3,5,5,13,"Loyal Customers"
"15768.0",115,"34","15601.09",3,5,5,13,"Loyal Customers"
"13162.0",122,"16","9275.49",3,5,5,13,"Loyal Customers"
"13869.0",123,"10","8111.57",3,5,5,13,"Loyal Customers"
"17085.0",123,"28","7883.01",3,5,5,13,"Loyal Customers"
"17400.0",126,"8","4677.05",3,5,5,13,"Loyal Customers"
"17457.0",126,"14","5984.81",3,5,5,13,"Loyal Customers"
"13082.0",126,"21","7335.75",3,5,5,13,"Loyal Customers"
"14344.0",127,"20","3333.70",3,5,5,13,"Loyal Customers"
"17692.0",127,"12","2960.44",3,5,5,13,"Loyal Customers"
"12643.0",128,"11","7849.42",3,5,5,13,"Loyal Customers"
"18178.0",128,"11","6103.74",3,5,5,13,"Loyal Customers"
"13722.0",131,"10","5635.41",3,5,5,13,"Loyal Customers"
"18064.0",133,"11","4495.03",3,5,5,13,"Loyal Customers"
"12853.0",134,"11","3907.50",3,5,5,13,"Loyal Customers"
"17931.0",134,"14","3437.29",3,5,5,13,"Loyal Customers"
"15245.0",134,"8","4610.84",3,5,5,13,"Loyal Customers"
"15372.0",137,"8","6017.06",3,5,5,13,"Loyal Customers"
"13037.0",138,"12","3914.95",3,5,5,13,"Loyal Customers"
"13802.0",138,"19","26259.11",3,5,5,13,"Loyal Customers"
"15716.0",145,"11","3054.29",3,5,5,13,"Loyal Customers"
"14461.0",148,"13","6713.11",3,5,5,13,"Loyal Customers"
"15182.0",154,"11","2998.95",3,5,5,13,"Loyal Customers"
"13291.0",155,"11","3320.84",3,5,5,13,"Loyal Customers"
"15581.0",156,"34","4819.35",3,5,5,13,"Loyal Customers"
"16919.0",156,"24","5125.91",3,5,5,13,"Loyal Customers"
"12980.0",157,"21","16245.78",3,5,5,13,"Loyal Customers"
"14016.0",161,"11","11403.41",3,5,5,13,"Loyal Customers"
"16553.0",163,"33","16644.01",3,5,5,13,"Loyal Customers"
"13929.0",169,"11","3494.10",3,5,5,13,"Loyal Customers"
"15379.0",169,"8","4877.84",3,5,5,13,"Loyal Customers"
"18260.0",172,"23","9962.11",3,5,5,13,"Loyal Customers"
"17204.0",175,"9","5504.69",3,5,5,13,"Loyal Customers"
"18168.0",176,"16","3770.27",3,5,5,13,"Loyal Customers"
"17409.0",184,"10","7793.51",3,5,5,13,"Loyal Customers"
"17388.0",77,"11","2691.57",3,5,4,12,"Loyal Customers"
"17307.0",395,"11","3999.89",2,5,5,12,"At Risk"
"15222.0",318,"11","3550.91",2,5,5,12,"At Risk"
"14295.0",40,"4","2352.91",4,4,4,12,"Champions"
"16190.0",40,"8","2723.55",4,4,4,12,"Champions"
"16235.0",40,"8","2043.71",4,4,4,12,"Champions"
"17272.0",42,"4","2148.63",4,4,4,12,"Champions"
"17268.0",107,"11","1733.89",3,5,4,12,"Loyal Customers"
"15810.0",78,"8","2999.04",3,4,5,12,"Loyal Customers"
"17837.0",42,"8","1587.48",4,4,4,12,"Champions"
"15714.0",11,"5","784.81",5,4,3,12,"Loyal Customers"
"17988.0",11,"13","485.69",5,5,2,12,"Needs Attention"
"14147.0",78,"9","2590.20",3,5,4,12,"Loyal Customers"
"14452.0",10,"4","665.59",5,4,3,12,"Loyal Customers"
"14550.0",10,"4","1353.31",5,3,4,12,"Loyal Customers"
"14125.0",10,"3","2740.43",5,3,4,12,"Loyal Customers"
"12464.0",10,"8","957.05",5,4,3,12,"Loyal Customers"
"16554.0",42,"8","2841.72",4,4,4,12,"Champions"
"14232.0",42,"5","2048.07",4,4,4,12,"Champions"
"12882.0",9,"2","1463.04",5,3,4,12,"Loyal Customers"
"17414.0",43,"6","2249.52",4,4,4,12,"Champions"
"12488.0",9,"3","1244.66",5,3,4,12,"Loyal Customers"
"17545.0",43,"6","1448.54",4,4,4,12,"Champions"
"16232.0",43,"7","2712.97",4,4,4,12,"Champions"
"18276.0",43,"6","1656.52",4,4,4,12,"Champions"
"14893.0",9,"3","1809.61",5,3,4,12,"Loyal Customers"
"16295.0",9,"4","1328.55",5,3,4,12,"Loyal Customers"
"17502.0",9,"4","689.10",5,4,3,12,"Loyal Customers"
"15444.0",9,"2","1418.26",5,3,4,12,"Loyal Customers"
"14842.0",43,"4","2824.69",4,4,4,12,"Champions"
"15028.0",8,"6","1157.71",5,4,3,12,"Loyal Customers"
"14038.0",78,"5","3069.88",3,4,5,12,"Loyal Customers"
"15948.0",8,"3","1509.09",5,3,4,12,"Loyal Customers"
"15067.0",78,"5","3877.88",3,4,5,12,"Loyal Customers"
"12854.0",78,"7","2994.02",3,4,5,12,"Loyal Customers"
"15990.0",44,"7","2010.05",4,4,4,12,"Champions"
"14289.0",8,"6","911.26",5,4,3,12,"Loyal Customers"
"14754.0",44,"6","1550.48",4,4,4,12,"Champions"
"15531.0",8,"2","2007.44",5,3,4,12,"Loyal Customers"
"13159.0",8,"4","1437.85",5,3,4,12,"Loyal Customers"
"17850.0",372,"155","56600.08",2,5,5,12,"At Risk"
"13509.0",8,"7","1099.72",5,4,3,12,"Loyal Customers"
"14250.0",7,"3","1904.05",5,3,4,12,"Loyal Customers"
"12762.0",7,"2","1702.52",5,3,4,12,"Loyal Customers"
"16110.0",45,"4","1819.27",4,4,4,12,"Champions"
"16320.0",172,"6","5628.99",3,4,5,12,"Loyal Customers"
"16989.0",7,"6","1133.25",5,4,3,12,"Loyal Customers"
"17221.0",7,"5","978.52",5,4,3,12,"Loyal Customers"
"13652.0",45,"5","2570.85",4,4,4,12,"Champions"
"14930.0",108,"6","5246.63",3,4,5,12,"Loyal Customers"
"12952.0",5,"4","1387.79",5,3,4,12,"Loyal Customers"
"13956.0",5,"5","1026.42",5,4,3,12,"Loyal Customers"
"15142.0",46,"6","2619.92",4,4,4,12,"Champions"
"12560.0",5,"2","1918.01",5,3,4,12,"Loyal Customers"
"15215.0",46,"7","2422.43",4,4,4,12,"Champions"
"16754.0",372,"29","67502.47",2,5,5,12,"At Risk"
"16438.0",5,"5","798.35",5,4,3,12,"Loyal Customers"
"17004.0",46,"4","2425.16",4,4,4,12,"Champions"
"17817.0",4,"6","807.85",5,4,3,12,"Loyal Customers"
"17311.0",78,"6","3566.56",3,4,5,12,"Loyal Customers"
"12646.0",4,"2","1346.97",5,3,4,12,"Loyal Customers"
"16017.0",47,"5","1553.83",4,4,4,12,"Champions"
"12409.0",78,"7","23419.29",3,4,5,12,"Loyal Customers"
"12407.0",49,"5","1507.12",4,4,4,12,"Champions"
"14233.0",49,"7","2904.27",4,4,4,12,"Champions"
"12381.0",4,"3","1474.81",5,3,4,12,"Loyal Customers"
"14759.0",4,"3","1625.97",5,3,4,12,"Loyal Customers"
"16682.0",4,"5","1028.00",5,4,3,12,"Loyal Customers"
"14967.0",49,"6","1982.61",4,4,4,12,"Champions"
"15621.0",4,"4","1293.03",5,3,4,12,"Loyal Customers"
"18154.0",3,"5","932.60",5,4,3,12,"Loyal Customers"
"13725.0",49,"8","1980.56",4,4,4,12,"Champions"
"17481.0",3,"4","1255.59",5,3,4,12,"Loyal Customers"
"13761.0",50,"6","1952.17",4,4,4,12,"Champions"
"14418.0",3,"3","1937.25",5,3,4,12,"Loyal Customers"
"18252.0",50,"7","1542.09",4,4,4,12,"Champions"
"16099.0",50,"7","1573.20",4,4,4,12,"Champions"
"12723.0",3,"5","707.07",5,4,3,12,"Loyal Customers"
"15807.0",50,"5","1817.52",4,4,4,12,"Champions"
"17027.0",78,"9","1327.11",3,5,4,12,"Loyal Customers"
"15587.0",50,"7","1522.08",4,4,4,12,"Champions"
"16593.0",50,"8","1071.14",4,5,3,12,"Loyal Customers"
"17883.0",3,"7","995.85",5,4,3,12,"Loyal Customers"
"12435.0",79,"6","13925.93",3,4,5,12,"Loyal Customers"
"14631.0",50,"6","2025.69",4,4,4,12,"Champions"
"17764.0",50,"5","1623.64",4,4,4,12,"Champions"
"18149.0",50,"7","1624.71",4,4,4,12,"Champions"
"13323.0",3,"5","787.85",5,4,3,12,"Loyal Customers"
"15471.0",2,"3","1316.56",5,3,4,12,"Loyal Customers"
"17571.0",50,"5","1702.50",4,4,4,12,"Champions"
"16177.0",50,"8","2247.31",4,4,4,12,"Champions"
"12468.0",187,"5","3238.74",3,4,5,12,"Loyal Customers"
"15220.0",51,"6","1778.96",4,4,4,12,"Champions"
"13425.0",108,"5","3403.63",3,4,5,12,"Loyal Customers"
"12950.0",2,"3","1843.00",5,3,4,12,"Loyal Customers"
"17590.0",2,"3","1477.97",5,3,4,12,"Loyal Customers"
"14229.0",51,"7","2594.04",4,4,4,12,"Champions"
"15136.0",2,"4","1286.70",5,3,4,12,"Loyal Customers"
"16584.0",80,"5","3163.67",3,4,5,12,"Loyal Customers"
"15803.0",51,"4","1929.66",4,4,4,12,"Champions"
"15525.0",2,"4","1293.20",5,3,4,12,"Loyal Customers"
"12783.0",2,"4","1295.87",5,3,4,12,"Loyal Customers"
"13564.0",354,"36","16630.80",2,5,5,12,"At Risk"
"14364.0",108,"8","3717.35",3,4,5,12,"Loyal Customers"
"18231.0",192,"28","6875.07",2,5,5,12,"At Risk"
"14934.0",81,"5","3503.50",3,4,5,12,"Loyal Customers"
"15701.0",2,"4","1542.14",5,3,4,12,"Loyal Customers"
"12828.0",2,"6","1018.71",5,4,3,12,"Loyal Customers"
"13882.0",2,"5","1191.13",5,4,3,12,"Loyal Customers"
"14798.0",52,"8","724.31",4,5,3,12,"Loyal Customers"
"13952.0",217,"14","12823.52",2,5,5,12,"At Risk"
"16249.0",52,"5","1800.07",4,4,4,12,"Champions"
"15969.0",2,"5","1127.05",5,4,3,12,"Loyal Customers"
"12424.0",162,"4","3340.03",3,4,5,12,"Loyal Customers"
"16858.0",368,"10","4668.28",2,5,5,12,"At Risk"
"18237.0",2,"5","987.10",5,4,3,12,"Loyal Customers"
"18194.0",82,"6","4162.04",3,4,5,12,"Loyal Customers"
"12863.0",52,"6","2792.55",4,4,4,12,"Champions"
"17042.0",2,"5","1044.38",5,4,3,12,"Loyal Customers"
"14443.0",53,"5","2386.47",4,4,4,12,"Champions"
"15208.0",1,"6","970.52",5,4,3,12,"Loyal Customers"
"17734.0",53,"6","1442.32",4,4,4,12,"Champions"
"13265.0",53,"5","2107.66",4,4,4,12,"Champions"
"17244.0",53,"5","1826.04",4,4,4,12,"Champions"
"17534.0",53,"5","1668.83",4,4,4,12,"Champions"
"17522.0",1,"5","1066.15",5,4,3,12,"Loyal Customers"
"16442.0",1,"5","899.47",5,4,3,12,"Loyal Customers"
"13334.0",82,"5","6263.75",3,4,5,12,"Loyal Customers"
"17856.0",1,"4","1418.03",5,3,4,12,"Loyal Customers"
"15237.0",1,"4","1412.32",5,3,4,12,"Loyal Customers"
"13615.0",318,"8","6272.53",2,5,5,12,"At Risk"
"13760.0",54,"5","1363.64",4,4,4,12,"Champions"
"13878.0",54,"4","2473.06",4,4,4,12,"Champions"
"16934.0",54,"6","2110.99",4,4,4,12,"Champions"
"14134.0",382,"15","11123.35",2,5,5,12,"At Risk"
"16688.0",1,"4","1260.86",5,3,4,12,"Loyal Customers"
"16239.0",56,"6","1492.20",4,4,4,12,"Champions"
"14224.0",110,"9","1897.90",3,5,4,12,"Loyal Customers"
"16892.0",1,"7","762.10",5,4,3,12,"Loyal Customers"
"12454.0",56,"4","16459.78",4,3,5,12,"Loyal Customers"
"16394.0",56,"5","1555.34",4,4,4,12,"Champions"
"14566.0",110,"4","4092.00",3,4,5,12,"Loyal Customers"
"15620.0",56,"4","1942.36",4,4,4,12,"Champions"
"17631.0",1,"7","998.49",5,4,3,12,"Loyal Customers"
"12985.0",0,"2","1239.38",5,3,4,12,"Loyal Customers"
"13963.0",308,"17","3011.87",2,5,5,12,"At Risk"
"15826.0",56,"4","2598.28",4,4,4,12,"Champions"
"15272.0",57,"6","2085.48",4,4,4,12,"Champions"
"15808.0",306,"21","18409.93",2,5,5,12,"At Risk"
"16121.0",57,"5","1477.09",4,4,4,12,"Champions"
"14081.0",302,"10","5370.10",2,5,5,12,"At Risk"
"14745.0",112,"12","2571.81",3,5,4,12,"Loyal Customers"
"14421.0",57,"6","2469.37",4,4,4,12,"Champions"
"13044.0",291,"11","4853.90",2,5,5,12,"At Risk"
"18087.0",290,"16","13908.72",2,5,5,12,"At Risk"
"16125.0",367,"14","4587.65",2,5,5,12,"At Risk"
"15079.0",212,"11","3767.35",2,5,5,12,"At Risk"
"16224.0",57,"5","1616.54",4,4,4,12,"Champions"
"14555.0",57,"6","2315.63",4,4,4,12,"Champions"
"13715.0",281,"17","8483.29",2,5,5,12,"At Risk"
"17190.0",58,"7","1741.20",4,4,4,12,"Champions"
"13662.0",85,"11","2250.11",3,5,4,12,"Loyal Customers"
"14692.0",137,"12","1745.09",3,5,4,12,"Loyal Customers"
"12755.0",280,"11","9030.66",2,5,5,12,"At Risk"
"17508.0",280,"8","4579.23",2,5,5,12,"At Risk"
"17640.0",86,"6","3168.94",3,4,5,12,"Loyal Customers"
"13093.0",275,"55","54943.65",2,5,5,12,"At Risk"
"17230.0",264,"18","9924.95",2,5,5,12,"At Risk"
"14465.0",246,"11","3946.03",2,5,5,12,"At Risk"
"14154.0",239,"8","6460.70",2,5,5,12,"At Risk"
"14532.0",236,"11","3859.18",2,5,5,12,"At Risk"
"18171.0",58,"9","2437.31",3,5,4,12,"Loyal Customers"
"15038.0",58,"9","1309.86",3,5,4,12,"Loyal Customers"
"14177.0",86,"13","2229.34",3,5,4,12,"Loyal Customers"
"16086.0",59,"10","2864.99",3,5,4,12,"Loyal Customers"
"14857.0",59,"7","3651.85",3,4,5,12,"Loyal Customers"
"17742.0",113,"11","2098.48",3,5,4,12,"Loyal Customers"
"16120.0",59,"6","3056.91",3,4,5,12,"Loyal Customers"
"14175.0",59,"8","7678.88",3,4,5,12,"Loyal Customers"
"12916.0",138,"7","4654.02",3,4,5,12,"Loyal Customers"
"17969.0",166,"20","2369.94",3,5,4,12,"Loyal Customers"
"15665.0",168,"5","4015.12",3,4,5,12,"Loyal Customers"
"12371.0",59,"4","3347.38",3,4,5,12,"Loyal Customers"
"15980.0",88,"7","6593.68",3,4,5,12,"Loyal Customers"
"17504.0",206,"18","9565.12",2,5,5,12,"At Risk"
"12872.0",326,"12","3685.49",2,5,5,12,"At Risk"
"13958.0",379,"8","4709.23",2,5,5,12,"At Risk"
"13373.0",60,"6","7587.19",3,4,5,12,"Loyal Customers"
"15704.0",140,"6","3817.96",3,4,5,12,"Loyal Customers"
"13799.0",116,"9","2803.57",3,5,4,12,"Loyal Customers"
"16104.0",61,"9","2778.61",3,5,4,12,"Loyal Customers"
"12924.0",88,"12","2461.45",3,5,4,12,"Loyal Customers"
"13259.0",61,"9","1429.63",3,5,4,12,"Loyal Customers"
"12758.0",116,"7","9903.24",3,4,5,12,"Loyal Customers"
"14855.0",119,"7","6520.30",3,4,5,12,"Loyal Customers"
"13124.0",89,"4","4782.45",3,4,5,12,"Loyal Customers"
"16045.0",119,"8","3434.93",3,4,5,12,"Loyal Customers"
"14487.0",26,"7","1453.61",4,4,4,12,"Champions"
"14499.0",26,"7","2138.97",4,4,4,12,"Champions"
"16027.0",91,"15","2048.36",3,5,4,12,"Loyal Customers"
"14684.0",25,"6","1468.55",4,4,4,12,"Champions"
"13892.0",26,"6","1267.65",4,4,4,12,"Champions"
"17041.0",26,"6","1686.28",4,4,4,12,"Champions"
"16726.0",26,"7","2088.41",4,4,4,12,"Champions"
"17235.0",25,"8","1904.88",4,4,4,12,"Champions"
"14915.0",91,"11","1811.25",3,5,4,12,"Loyal Customers"
"17540.0",24,"6","1590.60",4,4,4,12,"Champions"
"14410.0",92,"11","2650.14",3,5,4,12,"Loyal Customers"
"13249.0",92,"9","1608.93",3,5,4,12,"Loyal Customers"
"14853.0",24,"5","1376.87",4,4,4,12,"Champions"
"17974.0",24,"6","1858.06",4,4,4,12,"Champions"
"15416.0",64,"7","4572.82",3,4,5,12,"Loyal Customers"
"13614.0",24,"6","2359.19",4,4,4,12,"Champions"
"13727.0",28,"8","1080.05",4,5,3,12,"Loyal Customers"
"12933.0",24,"8","1687.03",4,4,4,12,"Champions"
"17054.0",28,"5","1356.33",4,4,4,12,"Champions"
"14522.0",24,"8","1758.62",4,4,4,12,"Champions"
"12517.0",28,"4","2322.84",4,4,4,12,"Champions"
"17921.0",64,"10","2423.50",3,5,4,12,"Loyal Customers"
"15400.0",92,"8","1302.30",3,5,4,12,"Loyal Customers"
"14715.0",24,"8","1824.55",4,4,4,12,"Champions"
"14544.0",24,"3","2982.43",4,3,5,12,"Loyal Customers"
"13455.0",24,"6","2905.93",4,4,4,12,"Champions"
"13848.0",92,"8","3335.00",3,4,5,12,"Loyal Customers"
"17088.0",28,"4","1991.01",4,4,4,12,"Champions"
"14662.0",28,"7","1416.33",4,4,4,12,"Champions"
"13542.0",376,"17","4006.17",2,5,5,12,"At Risk"
"16240.0",24,"2","3718.80",4,3,5,12,"Loyal Customers"
"14740.0",197,"11","4161.06",2,5,5,12,"At Risk"
"13485.0",233,"11","3015.22",2,5,5,12,"At Risk"
"15608.0",28,"5","1785.98",4,4,4,12,"Champions"
"12685.0",28,"6","2575.08",4,4,4,12,"Champions"
"15584.0",23,"6","1277.50",4,4,4,12,"Champions"
"15110.0",23,"6","1505.85",4,4,4,12,"Champions"
"13310.0",28,"5","1541.20",4,4,4,12,"Champions"
"13939.0",23,"7","1560.96",4,4,4,12,"Champions"
"15885.0",93,"13","1921.82",3,5,4,12,"Loyal Customers"
"15563.0",22,"6","2828.00",4,4,4,12,"Champions"
"15506.0",22,"6","2040.03",4,4,4,12,"Champions"
"17994.0",121,"11","2307.32",3,5,4,12,"Loyal Customers"
"17460.0",94,"16","2228.27",3,5,4,12,"Loyal Customers"
"13138.0",22,"7","1467.24",4,4,4,12,"Champions"
"16628.0",29,"7","2318.10",4,4,4,12,"Champions"
"15864.0",22,"7","2180.76",4,4,4,12,"Champions"
"17095.0",22,"7","2572.25",4,4,4,12,"Champions"
"13308.0",22,"4","1670.37",4,4,4,12,"Champions"
"15111.0",29,"5","2730.87",4,4,4,12,"Champions"
"18221.0",22,"6","1424.94",4,4,4,12,"Champions"
"14829.0",29,"7","1692.84",4,4,4,12,"Champions"
"14462.0",66,"12","2265.01",3,5,4,12,"Loyal Customers"
"12610.0",22,"4","1747.54",4,4,4,12,"Champions"
"14332.0",22,"5","1943.51",4,4,4,12,"Champions"
"17521.0",29,"5","1278.06",4,4,4,12,"Champions"
"16871.0",22,"6","2812.34",4,4,4,12,"Champions"
"17797.0",22,"8","1985.87",4,4,4,12,"Champions"
"13748.0",95,"9","2268.35",3,5,4,12,"Loyal Customers"
"15452.0",29,"6","1799.11",4,4,4,12,"Champions"
"12510.0",142,"7","3039.03",3,4,5,12,"Loyal Customers"
"15267.0",22,"5","1717.36",4,4,4,12,"Champions"
"12997.0",22,"8","2110.91",4,4,4,12,"Champions"
"12840.0",143,"7","4041.97",3,4,5,12,"Loyal Customers"
"16042.0",22,"8","2265.12",4,4,4,12,"Champions"
"15289.0",29,"5","1593.09",4,4,4,12,"Champions"
"15489.0",22,"8","2419.61",4,4,4,12,"Champions"
"16511.0",21,"6","1817.02",4,4,4,12,"Champions"
"12391.0",21,"6","2773.42",4,4,4,12,"Champions"
"14565.0",95,"5","3859.22",3,4,5,12,"Loyal Customers"
"15530.0",21,"5","1813.72",4,4,4,12,"Champions"
"16134.0",21,"5","2145.34",4,4,4,12,"Champions"
"15228.0",66,"6","5580.27",3,4,5,12,"Loyal Customers"
"16205.0",30,"7","1824.01",4,4,4,12,"Champions"
"16880.0",30,"8","1840.86",4,4,4,12,"Champions"
"16041.0",30,"3","3166.40",4,3,5,12,"Loyal Customers"
"14903.0",21,"5","2810.63",4,4,4,12,"Champions"
"14188.0",30,"6","2054.36",4,4,4,12,"Champions"
"14434.0",21,"6","1372.80",4,4,4,12,"Champions"
"13516.0",21,"4","1685.26",4,4,4,12,"Champions"
"14573.0",179,"13","2621.42",3,5,4,12,"Loyal Customers"
"14691.0",30,"5","2114.33",4,4,4,12,"Champions"
"13029.0",30,"5","1927.30",4,4,4,12,"Champions"
"17159.0",21,"5","2099.59",4,4,4,12,"Champions"
"16253.0",66,"7","7310.15",3,4,5,12,"Loyal Customers"
"14477.0",19,"7","1969.60",4,4,4,12,"Champions"
"14595.0",19,"8","2164.45",4,4,4,12,"Champions"
"14116.0",19,"5","1382.74",4,4,4,12,"Champions"
"13431.0",67,"8","3316.24",3,4,5,12,"Loyal Customers"
"13635.0",67,"4","2999.16",3,4,5,12,"Loyal Customers"
"15491.0",95,"6","3100.09",3,4,5,12,"Loyal Customers"
"16464.0",19,"3","1314.68",5,3,4,12,"Loyal Customers"
"16639.0",31,"4","1747.98",4,4,4,12,"Champions"
"14651.0",67,"9","2034.12",3,5,4,12,"Loyal Customers"
"15850.0",19,"6","1058.72",5,4,3,12,"Loyal Customers"
"13282.0",18,"4","1313.19",5,3,4,12,"Loyal Customers"
"17886.0",31,"6","1608.38",4,4,4,12,"Champions"
"12502.0",95,"5","2995.87",3,4,5,12,"Loyal Customers"
"14360.0",31,"4","2128.23",4,4,4,12,"Champions"
"13167.0",18,"5","1113.15",5,4,3,12,"Loyal Customers"
"13659.0",205,"12","4894.88",2,5,5,12,"At Risk"
"17633.0",31,"7","2057.39",4,4,4,12,"Champions"
"18080.0",18,"2","1231.50",5,3,4,12,"Loyal Customers"
"16618.0",31,"5","2647.59",4,4,4,12,"Champions"
"16139.0",18,"5","1111.15",5,4,3,12,"Loyal Customers"
"15043.0",31,"6","2858.80",4,4,4,12,"Champions"
"18116.0",67,"13","2150.70",3,5,4,12,"Loyal Customers"
"14625.0",196,"11","4497.88",2,5,5,12,"At Risk"
"16366.0",18,"4","1548.13",5,3,4,12,"Loyal Customers"
"15164.0",68,"9","2068.92",3,5,4,12,"Loyal Customers"
"17646.0",219,"12","4149.79",2,5,5,12,"At Risk"
"14551.0",18,"7","880.04",5,4,3,12,"Loyal Customers"
"15132.0",18,"5","977.93",5,4,3,12,"Loyal Customers"
"14883.0",18,"6","761.59",5,4,3,12,"Loyal Customers"
"12504.0",18,"4","689.05",5,4,3,12,"Loyal Customers"
"13499.0",17,"5","1159.11",5,4,3,12,"Loyal Customers"
"18016.0",32,"7","1960.46",4,4,4,12,"Champions"
"17158.0",32,"5","1980.00",4,4,4,12,"Champions"
"13092.0",70,"12","2140.28",3,5,4,12,"Loyal Customers"
"17360.0",17,"6","1231.38",5,4,3,12,"Loyal Customers"
"17043.0",32,"8","2616.55",4,4,4,12,"Champions"
"13238.0",17,"6","1006.63",5,4,3,12,"Loyal Customers"
"17073.0",17,"4","1444.84",5,3,4,12,"Loyal Customers"
"13363.0",17,"3","1723.86",5,3,4,12,"Loyal Customers"
"16348.0",32,"8","1795.88",4,4,4,12,"Champions"
"13717.0",32,"8","1763.30",4,4,4,12,"Champions"
"17722.0",96,"5","4430.36",3,4,5,12,"Loyal Customers"
"14916.0",70,"8","3042.95",3,4,5,12,"Loyal Customers"
"15116.0",17,"4","1352.75",5,3,4,12,"Loyal Customers"
"14297.0",17,"4","1305.33",5,3,4,12,"Loyal Customers"
"17164.0",32,"7","2467.35",4,4,4,12,"Champions"
"17623.0",32,"7","2383.67",4,4,4,12,"Champions"
"15834.0",70,"7","3770.49",3,4,5,12,"Loyal Customers"
"17155.0",17,"7","892.46",5,4,3,12,"Loyal Customers"
"16261.0",17,"6","1059.45",5,4,3,12,"Loyal Customers"
"12357.0",33,"2","17437.66",4,3,5,12,"Loyal Customers"
"16101.0",70,"4","3229.16",3,4,5,12,"Loyal Customers"
"13155.0",33,"6","1750.18",4,4,4,12,"Champions"
"17371.0",17,"6","658.55",5,4,3,12,"Loyal Customers"
"12346.0",325,"12","77556.46",2,5,5,12,"At Risk"
"16330.0",17,"7","634.33",5,4,3,12,"Loyal Customers"
"15398.0",16,"2","1345.53",5,3,4,12,"Loyal Customers"
"14020.0",16,"4","1249.01",5,3,4,12,"Loyal Customers"
"13502.0",16,"5","780.50",5,4,3,12,"Loyal Customers"
"17410.0",16,"5","1214.72",5,4,3,12,"Loyal Customers"
"16372.0",33,"5","1328.61",4,4,4,12,"Champions"
"14548.0",150,"9","2627.49",3,5,4,12,"Loyal Customers"
"16676.0",33,"6","2361.90",4,4,4,12,"Champions"
"16079.0",16,"3","1352.00",5,3,4,12,"Loyal Customers"
"14336.0",16,"4","1614.91",5,3,4,12,"Loyal Customers"
"15901.0",16,"6","683.39",5,4,3,12,"Loyal Customers"
"15393.0",16,"5","891.34",5,4,3,12,"Loyal Customers"
"16233.0",71,"9","1965.71",3,5,4,12,"Loyal Customers"
"17905.0",71,"13","2373.02",3,5,4,12,"Loyal Customers"
"17894.0",71,"18","2452.96",3,5,4,12,"Loyal Customers"
"16566.0",15,"5","614.66",5,4,3,12,"Loyal Customers"
"17516.0",15,"6","957.55",5,4,3,12,"Loyal Customers"
"12421.0",15,"6","874.60",5,4,3,12,"Loyal Customers"
"14591.0",15,"4","1447.14",5,3,4,12,"Loyal Customers"
"14805.0",15,"7","1104.64",5,4,3,12,"Loyal Customers"
"17406.0",333,"13","4905.05",2,5,5,12,"At Risk"
"14756.0",15,"3","2653.76",5,3,4,12,"Loyal Customers"
"12784.0",15,"2","1552.75",5,3,4,12,"Loyal Customers"
"12576.0",35,"8","2062.72",4,4,4,12,"Champions"
"12577.0",35,"8","1649.80",4,4,4,12,"Champions"
"16555.0",35,"6","1915.68",4,4,4,12,"Champions"
"18022.0",35,"5","1651.16",4,4,4,12,"Champions"
"18035.0",35,"5","1276.74",4,4,4,12,"Champions"
"17723.0",127,"7","3378.40",3,4,5,12,"Loyal Customers"
"17084.0",35,"3","5202.97",4,3,5,12,"Loyal Customers"
"12531.0",14,"2","1771.20",5,3,4,12,"Loyal Customers"
"17624.0",14,"4","1568.63",5,3,4,12,"Loyal Customers"
"15841.0",72,"9","2742.41",3,5,4,12,"Loyal Customers"
"17076.0",36,"6","1242.75",4,4,4,12,"Champions"
"15265.0",151,"4","3345.64",3,4,5,12,"Loyal Customers"
"15809.0",36,"7","1274.44",4,4,4,12,"Champions"
"14609.0",72,"10","1486.20",3,5,4,12,"Loyal Customers"
"17562.0",14,"7","1122.38",5,4,3,12,"Loyal Customers"
"13505.0",72,"4","3633.63",3,4,5,12,"Loyal Customers"
"12438.0",14,"2","2466.85",5,3,4,12,"Loyal Customers"
"13589.0",14,"6","1120.74",5,4,3,12,"Loyal Customers"
"15551.0",36,"7","1710.08",4,4,4,12,"Champions"
"15651.0",36,"5","1259.06",4,4,4,12,"Champions"
"16351.0",332,"13","3330.03",2,5,5,12,"At Risk"
"15252.0",36,"5","2103.41",4,4,4,12,"Champions"
"13168.0",36,"5","1875.31",4,4,4,12,"Champions"
"18242.0",72,"8","3605.21",3,4,5,12,"Loyal Customers"
"14078.0",101,"9","1690.98",3,5,4,12,"Loyal Customers"
"17329.0",14,"5","1004.43",5,4,3,12,"Loyal Customers"
"17126.0",152,"9","2062.94",3,5,4,12,"Loyal Customers"
"13979.0",73,"7","3409.93",3,4,5,12,"Loyal Customers"
"12917.0",128,"6","4359.20",3,4,5,12,"Loyal Customers"
"14472.0",103,"9","2228.22",3,5,4,12,"Loyal Customers"
"13206.0",400,"13","8377.32",2,5,5,12,"At Risk"
"16266.0",73,"14","1757.95",3,5,4,12,"Loyal Customers"
"16043.0",37,"8","1856.59",4,4,4,12,"Champions"
"17302.0",14,"5","1135.63",5,4,3,12,"Loyal Customers"
"12620.0",14,"3","1303.41",5,3,4,12,"Loyal Customers"
"17800.0",37,"9","1198.01",4,5,3,12,"Loyal Customers"
"14966.0",14,"6","1115.84",5,4,3,12,"Loyal Customers"
"14111.0",14,"4","692.85",5,4,3,12,"Loyal Customers"
"16960.0",38,"8","2041.48",4,4,4,12,"Champions"
"13546.0",12,"5","1092.14",5,4,3,12,"Loyal Customers"
"16877.0",12,"6","853.72",5,4,3,12,"Loyal Customers"
"13991.0",12,"6","854.97",5,4,3,12,"Loyal Customers"
"15009.0",12,"3","1261.78",5,3,4,12,"Loyal Customers"
"12674.0",38,"4","1844.60",4,4,4,12,"Champions"
"16825.0",38,"5","1826.89",4,4,4,12,"Champions"
"17897.0",172,"9","2538.15",3,5,4,12,"Loyal Customers"
"17951.0",39,"4","1636.08",4,4,4,12,"Champions"
"13813.0",39,"8","2387.47",4,4,4,12,"Champions"
"14808.0",39,"8","2741.17",4,4,4,12,"Champions"
"17864.0",12,"5","924.32",5,4,3,12,"Loyal Customers"
"13145.0",39,"7","1423.52",4,4,4,12,"Champions"
"18001.0",12,"6","953.84",5,4,3,12,"Loyal Customers"
"17812.0",12,"7","1165.89",5,4,3,12,"Loyal Customers"
"13258.0",11,"5","1035.18",5,4,3,12,"Loyal Customers"
"17299.0",11,"6","1016.08",5,4,3,12,"Loyal Customers"
"14867.0",185,"16","2952.06",3,5,4,12,"Loyal Customers"
"17553.0",129,"4","3757.60",3,4,5,12,"Loyal Customers"
"17353.0",129,"4","3242.00",3,4,5,12,"Loyal Customers"
"17796.0",40,"7","1361.99",4,4,4,12,"Champions"
"16383.0",74,"7","2966.14",3,4,5,12,"Loyal Customers"
"18101.0",11,"5","629.16",5,4,3,12,"Loyal Customers"
"12657.0",11,"4","1427.18",5,3,4,12,"Loyal Customers"
"17018.0",40,"6","2287.70",4,4,4,12,"Champions"
"13566.0",40,"5","1704.27",4,4,4,12,"Champions"
"15511.0",11,"5","909.23",5,4,3,12,"Loyal Customers"
"14480.0",11,"4","1299.52",5,3,4,12,"Loyal Customers"
"15312.0",75,"12","2930.19",3,5,4,12,"Loyal Customers"
"15022.0",11,"5","1186.09",5,4,3,12,"Loyal Customers"
"14828.0",196,"13","9839.46",2,5,5,12,"At Risk"
"15865.0",40,"5","2248.92",4,4,4,12,"Champions"
"16049.0",40,"6","1899.68",4,4,4,12,"Champions"
"17852.0",11,"5","663.21",5,4,3,12,"Loyal Customers"
"17523.0",11,"4","652.74",5,4,3,12,"Loyal Customers"
"13835.0",25,"7","1095.27",4,4,3,11,"Loyal Customers"
"14685.0",576,"8","4619.79",1,5,5,11,"At Risk"
"12482.0",576,"27","21941.72",1,5,5,11,"At Risk"
"17448.0",529,"41","14481.97",1,5,5,11,"At Risk"
"15633.0",509,"13","4352.46",1,5,5,11,"At Risk"
"15369.0",492,"11","6251.26",1,5,5,11,"At Risk"
"14025.0",464,"8","4057.90",1,5,5,11,"At Risk"
"13446.0",430,"11","3881.89",1,5,5,11,"At Risk"
"12835.0",427,"41","6043.31",1,5,5,11,"At Risk"
"14590.0",424,"20","3006.62",1,5,5,11,"At Risk"
"14648.0",416,"15","4543.60",1,5,5,11,"At Risk"
"14249.0",410,"12","5625.46",1,5,5,11,"At Risk"
"13031.0",407,"5","3419.27",2,4,5,11,"At Risk"
"17241.0",385,"12","2744.14",2,5,4,11,"At Risk"
"15580.0",376,"8","1381.19",2,5,4,11,"At Risk"
"13693.0",374,"9","2011.82",2,5,4,11,"At Risk"
"16718.0",369,"5","3647.53",2,4,5,11,"At Risk"
"13786.0",367,"6","3358.94",2,4,5,11,"At Risk"
"15332.0",366,"6","6553.74",2,4,5,11,"At Risk"
"16202.0",360,"9","2501.99",2,5,4,11,"At Risk"
"15607.0",336,"9","1708.97",2,5,4,11,"At Risk"
"14439.0",319,"5","9443.04",2,4,5,11,"At Risk"
"12377.0",315,"4","3266.32",2,4,5,11,"At Risk"
"16725.0",302,"13","1880.66",2,5,4,11,"At Risk"
"17829.0",298,"5","4756.74",2,4,5,11,"At Risk"
"16546.0",290,"5","5606.47",2,4,5,11,"At Risk"
"16072.0",288,"4","4328.89",2,4,5,11,"At Risk"
"15456.0",283,"10","2119.27",2,5,4,11,"At Risk"
"12623.0",276,"7","3315.84",2,4,5,11,"At Risk"
"15057.0",275,"5","3255.96",2,4,5,11,"At Risk"
"17138.0",275,"7","4417.27",2,4,5,11,"At Risk"
"13707.0",267,"5","3365.86",2,4,5,11,"At Risk"
"13357.0",257,"5","3817.36",2,4,5,11,"At Risk"
"15032.0",256,"8","13780.65",2,4,5,11,"At Risk"
"15353.0",254,"7","3175.95",2,4,5,11,"At Risk"
"13059.0",249,"10","2303.17",2,5,4,11,"At Risk"
"16010.0",245,"11","1724.06",2,5,4,11,"At Risk"
"14669.0",241,"7","3243.93",2,4,5,11,"At Risk"
"14105.0",239,"5","5988.83",2,4,5,11,"At Risk"
"14770.0",232,"8","3637.64",2,4,5,11,"At Risk"
"13711.0",218,"9","1792.26",2,5,4,11,"At Risk"
"15235.0",217,"16","2937.81",2,5,4,11,"At Risk"
"14161.0",215,"7","3318.88",2,4,5,11,"At Risk"
"13561.0",215,"11","1820.72",2,5,4,11,"At Risk"
"17597.0",213,"5","3484.09",2,4,5,11,"At Risk"
"13052.0",212,"7","3167.68",2,4,5,11,"At Risk"
"15732.0",212,"10","1682.07",2,5,4,11,"At Risk"
"12976.0",211,"8","3156.38",2,4,5,11,"At Risk"
"12625.0",211,"4","4678.88",2,4,5,11,"At Risk"
"12857.0",210,"6","3688.00",2,4,5,11,"At Risk"
"14442.0",204,"7","5367.02",2,4,5,11,"At Risk"
"14817.0",200,"7","3959.86",2,4,5,11,"At Risk"
"17550.0",197,"9","2547.64",2,5,4,11,"At Risk"
"17454.0",192,"10","1547.94",2,5,4,11,"At Risk"
"16883.0",187,"19","2396.59",2,5,4,11,"At Risk"
"12802.0",186,"5","2186.42",3,4,4,11,"Loyal Customers"
"16611.0",186,"6","1785.13",3,4,4,11,"Loyal Customers"
"16520.0",186,"6","2482.62",3,4,4,11,"Loyal Customers"
"12891.0",185,"11","840.50",3,5,3,11,"Loyal Customers"
"12868.0",185,"8","2247.06",3,4,4,11,"Loyal Customers"
"12383.0",184,"5","1628.56",3,4,4,11,"Loyal Customers"
"16955.0",184,"6","1309.41",3,4,4,11,"Loyal Customers"
"13900.0",183,"6","1610.59",3,4,4,11,"Loyal Customers"
"15098.0",182,"3","39916.50",3,3,5,11,"Loyal Customers"
"13663.0",179,"5","2047.51",3,4,4,11,"Loyal Customers"
"17179.0",178,"6","1507.26",3,4,4,11,"Loyal Customers"
"15912.0",178,"9","1074.70",3,5,3,11,"Loyal Customers"
"13476.0",178,"5","2061.47",3,4,4,11,"Loyal Customers"
"15574.0",177,"6","1518.70",3,4,4,11,"Loyal Customers"
"12908.0",176,"5","1776.00",3,4,4,11,"Loyal Customers"
"18062.0",173,"6","1632.67",3,4,4,11,"Loyal Customers"
"15389.0",172,"5","2733.80",3,4,4,11,"Loyal Customers"
"14643.0",170,"5","1679.89",3,4,4,11,"Loyal Customers"
"16214.0",170,"4","2038.25",3,4,4,11,"Loyal Customers"
"15384.0",169,"4","2027.79",3,4,4,11,"Loyal Customers"
"14584.0",169,"8","1747.91",3,4,4,11,"Loyal Customers"
"13856.0",168,"11","1142.03",3,5,3,11,"Loyal Customers"
"15976.0",165,"6","1732.54",3,4,4,11,"Loyal Customers"
"14481.0",164,"5","2311.49",3,4,4,11,"Loyal Customers"
"14327.0",163,"6","1894.93",3,4,4,11,"Loyal Customers"
"17505.0",161,"5","2435.48",3,4,4,11,"Loyal Customers"
"15483.0",161,"10","855.06",3,5,3,11,"Loyal Customers"
"17046.0",157,"5","1906.07",3,4,4,11,"Loyal Customers"
"13338.0",157,"4","2445.62",3,4,4,11,"Loyal Customers"
"13085.0",157,"8","2433.28",3,4,4,11,"Loyal Customers"
"14905.0",157,"8","1971.39",3,4,4,11,"Loyal Customers"
"17341.0",156,"5","1889.83",3,4,4,11,"Loyal Customers"
"13253.0",156,"4","2951.11",3,4,4,11,"Loyal Customers"
"15889.0",156,"8","1782.33",3,4,4,11,"Loyal Customers"
"14459.0",155,"2","5375.74",3,3,5,11,"Loyal Customers"
"14021.0",155,"7","1716.58",3,4,4,11,"Loyal Customers"
"14264.0",154,"6","1517.36",3,4,4,11,"Loyal Customers"
"17787.0",152,"4","2601.47",3,4,4,11,"Loyal Customers"
"17337.0",151,"4","2026.42",3,4,4,11,"Loyal Customers"
"15795.0",149,"8","1979.87",3,4,4,11,"Loyal Customers"
"15402.0",148,"6","1830.12",3,4,4,11,"Loyal Customers"
"12653.0",148,"3","4160.83",3,3,5,11,"Loyal Customers"
"17259.0",148,"6","1889.34",3,4,4,11,"Loyal Customers"
"16054.0",145,"4","2111.88",3,4,4,11,"Loyal Customers"
"16859.0",144,"7","1932.41",3,4,4,11,"Loyal Customers"
"14758.0",144,"7","2864.97",3,4,4,11,"Loyal Customers"
"13821.0",144,"6","1410.73",3,4,4,11,"Loyal Customers"
"12947.0",143,"6","1908.03",3,4,4,11,"Loyal Customers"
"12875.0",143,"5","1356.99",3,4,4,11,"Loyal Customers"
"16807.0",142,"6","2123.88",3,4,4,11,"Loyal Customers"
"15623.0",141,"8","2437.05",3,4,4,11,"Loyal Customers"
"16654.0",141,"8","1711.47",3,4,4,11,"Loyal Customers"
"18151.0",134,"6","1879.44",3,4,4,11,"Loyal Customers"
"18268.0",134,"6","1490.23",3,4,4,11,"Loyal Customers"
"16147.0",133,"5","2398.91",3,4,4,11,"Loyal Customers"
"13414.0",133,"6","2494.14",3,4,4,11,"Loyal Customers"
"17695.0",131,"5","1746.04",3,4,4,11,"Loyal Customers"
"14403.0",130,"6","1880.51",3,4,4,11,"Loyal Customers"
"17282.0",130,"5","2339.66",3,4,4,11,"Loyal Customers"
"12378.0",129,"2","5416.32",3,3,5,11,"Loyal Customers"
"12644.0",129,"4","1900.49",3,4,4,11,"Loyal Customers"
"16835.0",128,"6","1538.41",3,4,4,11,"Loyal Customers"
"17429.0",128,"5","1357.46",3,4,4,11,"Loyal Customers"
"12693.0",127,"7","1415.02",3,4,4,11,"Loyal Customers"
"15133.0",127,"5","1806.90",3,4,4,11,"Loyal Customers"
"16174.0",126,"7","2246.75",3,4,4,11,"Loyal Customers"
"13752.0",124,"7","1590.73",3,4,4,11,"Loyal Customers"
"16788.0",123,"5","1948.65",3,4,4,11,"Loyal Customers"
"15985.0",123,"7","2715.28",3,4,4,11,"Loyal Customers"
"13280.0",122,"7","2322.63",3,4,4,11,"Loyal Customers"
"14127.0",122,"6","1900.08",3,4,4,11,"Loyal Customers"
"16292.0",121,"5","1253.76",3,4,4,11,"Loyal Customers"
"14346.0",120,"5","2315.75",3,4,4,11,"Loyal Customers"
"13873.0",119,"8","1038.92",3,5,3,11,"Loyal Customers"
"15192.0",119,"5","1981.39",3,4,4,11,"Loyal Customers"
"17642.0",119,"5","1824.49",3,4,4,11,"Loyal Customers"
"12399.0",119,"7","1842.30",3,4,4,11,"Loyal Customers"
"13888.0",119,"7","2169.05",3,4,4,11,"Loyal Customers"
"16317.0",119,"5","2192.51",3,4,4,11,"Loyal Customers"
"17048.0",117,"7","2071.68",3,4,4,11,"Loyal Customers"
"14301.0",117,"4","1992.18",3,4,4,11,"Loyal Customers"
"15480.0",116,"3","3592.25",3,3,5,11,"Loyal Customers"
"14006.0",115,"7","2196.67",3,4,4,11,"Loyal Customers"
"13655.0",114,"6","2280.51",3,4,4,11,"Loyal Customers"
"15734.0",114,"4","2263.30",3,4,4,11,"Loyal Customers"
"16755.0",114,"7","2900.58",3,4,4,11,"Loyal Customers"
"16092.0",114,"6","1587.94",3,4,4,11,"Loyal Customers"
"15797.0",113,"5","2806.08",3,4,4,11,"Loyal Customers"
"15938.0",112,"9","734.81",3,5,3,11,"Loyal Customers"
"12418.0",112,"4","2021.20",3,4,4,11,"Loyal Customers"
"16419.0",112,"8","1487.42",3,4,4,11,"Loyal Customers"
"14460.0",110,"9","1093.50",3,5,3,11,"Loyal Customers"
"17029.0",110,"7","2137.30",3,4,4,11,"Loyal Customers"
"17585.0",109,"7","2093.30",3,4,4,11,"Loyal Customers"
"17242.0",108,"5","2889.28",3,4,4,11,"Loyal Customers"
"14407.0",107,"5","2142.73",3,4,4,11,"Loyal Customers"
"15800.0",107,"7","1242.58",3,4,4,11,"Loyal Customers"
"12649.0",107,"8","2096.65",3,4,4,11,"Loyal Customers"
"15325.0",103,"8","1602.01",3,4,4,11,"Loyal Customers"
"16083.0",100,"4","2351.42",3,4,4,11,"Loyal Customers"
"17320.0",100,"6","2895.77",3,4,4,11,"Loyal Customers"
"17588.0",100,"7","2939.55",3,4,4,11,"Loyal Customers"
"14420.0",99,"4","1639.17",3,4,4,11,"Loyal Customers"
"14276.0",98,"7","2102.68",3,4,4,11,"Loyal Customers"
"13240.0",96,"8","1718.12",3,4,4,11,"Loyal Customers"
"13192.0",95,"6","2558.58",3,4,4,11,"Loyal Customers"
"16172.0",95,"8","1884.55",3,4,4,11,"Loyal Customers"
"16551.0",95,"7","2237.12",3,4,4,11,"Loyal Customers"
"13158.0",94,"5","1508.18",3,4,4,11,"Loyal Customers"
"17560.0",94,"8","1895.80",3,4,4,11,"Loyal Customers"
"16175.0",94,"7","1836.44",3,4,4,11,"Loyal Customers"
"13889.0",92,"6","1991.23",3,4,4,11,"Loyal Customers"
"13330.0",92,"6","2806.18",3,4,4,11,"Loyal Customers"
"12592.0",92,"4","1723.64",3,4,4,11,"Loyal Customers"
"15652.0",91,"5","1420.34",3,4,4,11,"Loyal Customers"
"14628.0",91,"5","1998.00",3,4,4,11,"Loyal Customers"
"14414.0",91,"8","2399.33",3,4,4,11,"Loyal Customers"
"12635.0",89,"4","2624.41",3,4,4,11,"Loyal Customers"
"18215.0",89,"5","2247.49",3,4,4,11,"Loyal Customers"
"15996.0",88,"7","1686.90",3,4,4,11,"Loyal Customers"
"15201.0",87,"7","1842.95",3,4,4,11,"Loyal Customers"
"16036.0",87,"4","2556.84",3,4,4,11,"Loyal Customers"
"16229.0",87,"6","2867.86",3,4,4,11,"Loyal Customers"
"14163.0",87,"5","2594.62",3,4,4,11,"Loyal Customers"
"18173.0",86,"5","2696.36",3,4,4,11,"Loyal Customers"
"17594.0",85,"4","2497.88",3,4,4,11,"Loyal Customers"
"17047.0",85,"6","2289.23",3,4,4,11,"Loyal Customers"
"13539.0",85,"7","1569.36",3,4,4,11,"Loyal Customers"
"13134.0",85,"6","2475.23",3,4,4,11,"Loyal Customers"
"17002.0",85,"7","2571.55",3,4,4,11,"Loyal Customers"
"16108.0",84,"4","2235.92",3,4,4,11,"Loyal Customers"
"12497.0",81,"3","5996.50",3,3,5,11,"Loyal Customers"
"16906.0",81,"7","1447.95",3,4,4,11,"Loyal Customers"
"14236.0",80,"5","1744.64",3,4,4,11,"Loyal Customers"
"16777.0",80,"5","1307.76",3,4,4,11,"Loyal Customers"
"17731.0",79,"6","1708.99",3,4,4,11,"Loyal Customers"
"13908.0",79,"4","2369.55",3,4,4,11,"Loyal Customers"
"12520.0",79,"5","2346.26",3,4,4,11,"Loyal Customers"
"16493.0",79,"7","2132.09",3,4,4,11,"Loyal Customers"
"13946.0",79,"6","1876.23",3,4,4,11,"Loyal Customers"
"12701.0",79,"6","2248.41",3,4,4,11,"Loyal Customers"
"13220.0",78,"5","1336.09",3,4,4,11,"Loyal Customers"
"13055.0",78,"4","2321.11",3,4,4,11,"Loyal Customers"
"17603.0",78,"4","1793.48",3,4,4,11,"Loyal Customers"
"13320.0",78,"6","2228.10",3,4,4,11,"Loyal Customers"
"15549.0",77,"8","2342.21",3,4,4,11,"Loyal Customers"
"15978.0",77,"3","3279.42",3,3,5,11,"Loyal Customers"
"16485.0",77,"5","2294.68",3,4,4,11,"Loyal Customers"
"12516.0",77,"4","2288.62",3,4,4,11,"Loyal Customers"
"15366.0",75,"7","2389.08",3,4,4,11,"Loyal Customers"
"14152.0",75,"7","1997.34",3,4,4,11,"Loyal Customers"
"12348.0",75,"5","1658.40",3,4,4,11,"Loyal Customers"
"12412.0",74,"6","2404.93",3,4,4,11,"Loyal Customers"
"13434.0",74,"5","1666.86",3,4,4,11,"Loyal Customers"
"17997.0",74,"8","1970.67",3,4,4,11,"Loyal Customers"
"17656.0",73,"5","1674.69",3,4,4,11,"Loyal Customers"
"12987.0",73,"5","1312.21",3,4,4,11,"Loyal Customers"
"17591.0",73,"8","2776.67",3,4,4,11,"Loyal Customers"
"17950.0",72,"7","1432.81",3,4,4,11,"Loyal Customers"
"16281.0",72,"3","3424.02",3,3,5,11,"Loyal Customers"
"13515.0",72,"6","1265.82",3,4,4,11,"Loyal Customers"
"16681.0",72,"7","1921.84",3,4,4,11,"Loyal Customers"
"12393.0",72,"6","2399.45",3,4,4,11,"Loyal Customers"
"13503.0",71,"5","1824.19",3,4,4,11,"Loyal Customers"
"16650.0",71,"7","1916.11",3,4,4,11,"Loyal Customers"
"15030.0",71,"8","1979.91",3,4,4,11,"Loyal Customers"
"15062.0",71,"8","2585.62",3,4,4,11,"Loyal Customers"
"17572.0",71,"10","723.01",3,5,3,11,"Loyal Customers"
"12842.0",70,"4","1917.99",3,4,4,11,"Loyal Customers"
"13764.0",70,"6","2942.31",3,4,4,11,"Loyal Customers"
"15579.0",68,"5","1302.50",3,4,4,11,"Loyal Customers"
"15774.0",68,"6","1328.69",3,4,4,11,"Loyal Customers"
"14644.0",67,"7","2247.72",3,4,4,11,"Loyal Customers"
"16774.0",67,"8","1594.45",3,4,4,11,"Loyal Customers"
"12457.0",66,"7","2555.91",3,4,4,11,"Loyal Customers"
"15339.0",66,"7","1827.84",3,4,4,11,"Loyal Customers"
"16374.0",66,"5","1757.60",3,4,4,11,"Loyal Customers"
"15730.0",65,"5","1726.58",3,4,4,11,"Loyal Customers"
"17222.0",65,"6","1589.11",3,4,4,11,"Loyal Customers"
"13989.0",65,"5","2026.06",3,4,4,11,"Loyal Customers"
"14396.0",65,"7","2121.93",3,4,4,11,"Loyal Customers"
"16040.0",65,"7","2416.90",3,4,4,11,"Loyal Customers"
"15757.0",65,"6","2940.36",3,4,4,11,"Loyal Customers"
"14389.0",65,"5","1898.01",3,4,4,11,"Loyal Customers"
"13591.0",64,"7","2093.94",3,4,4,11,"Loyal Customers"
"14538.0",64,"5","1370.84",3,4,4,11,"Loyal Customers"
"15815.0",63,"5","2100.60",3,4,4,11,"Loyal Customers"
"13276.0",63,"5","1939.26",3,4,4,11,"Loyal Customers"
"13587.0",63,"4","1673.50",3,4,4,11,"Loyal Customers"
"13763.0",63,"3","5217.44",3,3,5,11,"Loyal Customers"
"18136.0",63,"5","1631.36",3,4,4,11,"Loyal Customers"
"16595.0",61,"5","1810.18",3,4,4,11,"Loyal Customers"
"13473.0",60,"8","2657.76",3,4,4,11,"Loyal Customers"
"17025.0",60,"5","1510.64",3,4,4,11,"Loyal Customers"
"14201.0",60,"10","1193.54",3,5,3,11,"Loyal Customers"
"17648.0",60,"5","2216.37",3,4,4,11,"Loyal Customers"
"15304.0",60,"9","919.55",3,5,3,11,"Loyal Customers"
"15128.0",60,"5","1783.68",3,4,4,11,"Loyal Customers"
"14665.0",60,"7","2749.65",3,4,4,11,"Loyal Customers"
"17284.0",60,"7","2563.70",3,4,4,11,"Loyal Customers"
"13208.0",59,"8","1964.02",3,4,4,11,"Loyal Customers"
"13627.0",59,"7","2245.90",3,4,4,11,"Loyal Customers"
"16203.0",58,"6","1114.54",4,4,3,11,"Loyal Customers"
"18277.0",58,"5","1180.05",4,4,3,11,"Loyal Customers"
"14775.0",58,"3","1418.46",4,3,4,11,"Loyal Customers"
"16430.0",57,"6","1102.94",4,4,3,11,"Loyal Customers"
"14624.0",57,"6","814.07",4,4,3,11,"Loyal Customers"
"14976.0",57,"6","774.86",4,4,3,11,"Loyal Customers"
"13487.0",57,"5","846.87",4,4,3,11,"Loyal Customers"
"14937.0",56,"3","1621.88",4,3,4,11,"Loyal Customers"
"14567.0",56,"2","1530.36",4,3,4,11,"Loyal Customers"
"16389.0",53,"4","1382.07",4,3,4,11,"Loyal Customers"
"12473.0",53,"3","2596.23",4,3,4,11,"Loyal Customers"
"16412.0",53,"5","647.23",4,4,3,11,"Loyal Customers"
"17201.0",53,"4","1231.54",4,3,4,11,"Loyal Customers"
"16848.0",52,"4","1411.62",4,3,4,11,"Loyal Customers"
"15637.0",52,"5","797.59",4,4,3,11,"Loyal Customers"
"15678.0",52,"3","1893.89",4,3,4,11,"Loyal Customers"
"15468.0",51,"3","1430.48",4,3,4,11,"Loyal Customers"
"17007.0",50,"7","1120.10",4,4,3,11,"Loyal Customers"
"15664.0",50,"4","1231.53",4,3,4,11,"Loyal Customers"
"14427.0",50,"4","1263.52",4,3,4,11,"Loyal Customers"
"17420.0",50,"6","1084.43",4,4,3,11,"Loyal Customers"
"14585.0",50,"5","1143.27",4,4,3,11,"Loyal Customers"
"13573.0",50,"6","915.02",4,4,3,11,"Loyal Customers"
"17361.0",49,"5","880.64",4,4,3,11,"Loyal Customers"
"15677.0",49,"3","1305.63",4,3,4,11,"Loyal Customers"
"14504.0",47,"4","673.26",4,4,3,11,"Loyal Customers"
"13598.0",47,"5","789.59",4,4,3,11,"Loyal Customers"
"13165.0",46,"3","1451.16",4,3,4,11,"Loyal Customers"
"14019.0",46,"3","1421.61",4,3,4,11,"Loyal Customers"
"14474.0",46,"2","1278.08",4,3,4,11,"Loyal Customers"
"16491.0",46,"2","1533.16",4,3,4,11,"Loyal Customers"
"17317.0",46,"3","2600.34",4,3,4,11,"Loyal Customers"
"15630.0",45,"3","1481.40",4,3,4,11,"Loyal Customers"
"16750.0",44,"5","623.93",4,4,3,11,"Loyal Customers"
"16418.0",44,"5","1101.94",4,4,3,11,"Loyal Customers"
"14379.0",44,"4","1268.91",4,3,4,11,"Loyal Customers"
"16188.0",44,"5","1087.66",4,4,3,11,"Loyal Customers"
"12456.0",44,"3","2581.04",4,3,4,11,"Loyal Customers"
"17175.0",44,"4","1443.69",4,3,4,11,"Loyal Customers"
"17878.0",43,"3","1412.33",4,3,4,11,"Loyal Customers"
"16102.0",42,"3","1842.14",4,3,4,11,"Loyal Customers"
"14412.0",42,"3","1426.19",4,3,4,11,"Loyal Customers"
"13524.0",40,"5","680.18",4,4,3,11,"Loyal Customers"
"13278.0",40,"4","1425.35",4,3,4,11,"Loyal Customers"
"17373.0",40,"7","1167.50",4,4,3,11,"Loyal Customers"
"14077.0",40,"6","615.08",4,4,3,11,"Loyal Customers"
"15669.0",40,"4","684.34",4,4,3,11,"Loyal Customers"
"15478.0",40,"3","1982.48",4,3,4,11,"Loyal Customers"
"15376.0",40,"3","1233.36",4,3,4,11,"Loyal Customers"
"13186.0",39,"3","1575.89",4,3,4,11,"Loyal Customers"
"13544.0",39,"6","829.00",4,4,3,11,"Loyal Customers"
"16018.0",39,"4","698.13",4,4,3,11,"Loyal Customers"
"13292.0",38,"5","994.51",4,4,3,11,"Loyal Customers"
"15847.0",38,"5","822.57",4,4,3,11,"Loyal Customers"
"14383.0",38,"3","1247.69",4,3,4,11,"Loyal Customers"
"16014.0",37,"5","1130.27",4,4,3,11,"Loyal Customers"
"16367.0",37,"3","1362.40",4,3,4,11,"Loyal Customers"
"14856.0",36,"3","1311.38",4,3,4,11,"Loyal Customers"
"12808.0",36,"5","850.10",4,4,3,11,"Loyal Customers"
"13636.0",36,"5","949.12",4,4,3,11,"Loyal Customers"
"12397.0",35,"2","2214.90",4,3,4,11,"Loyal Customers"
"13365.0",33,"2","2225.37",4,3,4,11,"Loyal Customers"
"15427.0",33,"3","1483.14",4,3,4,11,"Loyal Customers"
"16362.0",32,"6","946.94",4,4,3,11,"Loyal Customers"
"14387.0",32,"3","1770.56",4,3,4,11,"Loyal Customers"
"14080.0",32,"5","1115.68",4,4,3,11,"Loyal Customers"
"12990.0",31,"7","955.50",4,4,3,11,"Loyal Customers"
"15573.0",31,"5","1199.23",4,4,3,11,"Loyal Customers"
"14921.0",30,"2","1316.07",4,3,4,11,"Loyal Customers"
"14284.0",30,"3","1299.65",4,3,4,11,"Loyal Customers"
"14240.0",30,"3","1247.49",4,3,4,11,"Loyal Customers"
"14214.0",30,"5","1004.38",4,4,3,11,"Loyal Customers"
"12844.0",29,"4","648.60",4,4,3,11,"Loyal Customers"
"17932.0",29,"3","1331.57",4,3,4,11,"Loyal Customers"
"15184.0",29,"4","689.95",4,4,3,11,"Loyal Customers"
"17977.0",29,"2","1565.63",4,3,4,11,"Loyal Customers"
"13396.0",29,"2","1360.99",4,3,4,11,"Loyal Customers"
"14712.0",29,"4","1328.07",4,3,4,11,"Loyal Customers"
"17015.0",28,"3","1842.56",4,3,4,11,"Loyal Customers"
"16671.0",28,"3","1692.27",4,3,4,11,"Loyal Customers"
"12691.0",28,"6","1044.40",4,4,3,11,"Loyal Customers"
"15599.0",26,"3","1250.06",4,3,4,11,"Loyal Customers"
"14382.0",26,"2","1246.80",4,3,4,11,"Loyal Customers"
"16898.0",26,"5","1016.37",4,4,3,11,"Loyal Customers"
"15411.0",26,"4","1358.88",4,3,4,11,"Loyal Customers"
"13549.0",25,"8","1005.80",4,4,3,11,"Loyal Customers"
"12374.0",25,"3","2669.22",4,3,4,11,"Loyal Customers"
"17081.0",25,"6","964.39",4,4,3,11,"Loyal Customers"
"12883.0",24,"4","703.47",4,4,3,11,"Loyal Customers"
"14725.0",24,"4","1309.36",4,3,4,11,"Loyal Customers"
"13846.0",24,"4","1307.79",4,3,4,11,"Loyal Customers"
"18181.0",24,"5","1205.94",4,4,3,11,"Loyal Customers"
"16669.0",23,"2","1370.47",4,3,4,11,"Loyal Customers"
"16469.0",23,"5","828.91",4,4,3,11,"Loyal Customers"
"14948.0",23,"6","1101.97",4,4,3,11,"Loyal Customers"
"18167.0",23,"3","1384.86",4,3,4,11,"Loyal Customers"
"13500.0",23,"4","1466.30",4,3,4,11,"Loyal Customers"
"16245.0",23,"3","1413.66",4,3,4,11,"Loyal Customers"
"13575.0",23,"5","732.07",4,4,3,11,"Loyal Customers"
"16298.0",22,"7","1085.70",4,4,3,11,"Loyal Customers"
"17080.0",22,"7","957.53",4,4,3,11,"Loyal Customers"
"12847.0",22,"2","1636.90",4,3,4,11,"Loyal Customers"
"15287.0",22,"5","856.03",4,4,3,11,"Loyal Customers"
"17397.0",22,"3","1233.18",4,3,4,11,"Loyal Customers"
"14508.0",22,"5","874.94",4,4,3,11,"Loyal Customers"
"14342.0",21,"6","918.44",4,4,3,11,"Loyal Customers"
"17760.0",21,"6","918.93",4,4,3,11,"Loyal Customers"
"16463.0",21,"4","1422.40",4,3,4,11,"Loyal Customers"
"17163.0",21,"4","699.78",4,4,3,11,"Loyal Customers"
"16762.0",19,"3","1501.38",4,3,4,11,"Loyal Customers"
"16212.0",19,"4","1293.71",4,3,4,11,"Loyal Customers"
"14157.0",19,"5","1002.78",4,4,3,11,"Loyal Customers"
"16784.0",19,"5","896.53",4,4,3,11,"Loyal Customers"
"17555.0",19,"5","1057.74",4,4,3,11,"Loyal Customers"
"13427.0",19,"6","1006.53",4,4,3,11,"Loyal Customers"
"16399.0",19,"3","640.02",5,3,3,11,"Loyal Customers"
"13200.0",19,"4","870.09",5,3,3,11,"Loyal Customers"
"16411.0",19,"4","910.19",5,3,3,11,"Loyal Customers"
"17664.0",18,"4","1166.23",5,3,3,11,"Loyal Customers"
"17100.0",18,"2","971.74",5,3,3,11,"Loyal Customers"
"15645.0",18,"3","1054.75",5,3,3,11,"Loyal Customers"
"12462.0",18,"2","937.59",5,3,3,11,"Loyal Customers"
"15977.0",17,"2","1054.73",5,3,3,11,"Loyal Customers"
"13247.0",17,"4","501.12",5,4,2,11,"Needs Attention"
"17500.0",17,"3","1138.00",5,3,3,11,"Loyal Customers"
"13569.0",17,"4","892.28",5,3,3,11,"Loyal Customers"
"13940.0",17,"4","839.14",5,3,3,11,"Loyal Customers"
"13681.0",17,"4","827.83",5,3,3,11,"Loyal Customers"
"16164.0",17,"3","822.48",5,3,3,11,"Loyal Customers"
"12936.0",17,"4","1063.90",5,3,3,11,"Loyal Customers"
"12920.0",17,"4","488.09",5,4,2,11,"Needs Attention"
"16020.0",16,"3","851.01",5,3,3,11,"Loyal Customers"
"16185.0",16,"3","644.72",5,3,3,11,"Loyal Customers"
"18084.0",16,"3","812.93",5,3,3,11,"Loyal Customers"
"16653.0",16,"2","1212.66",5,3,3,11,"Loyal Customers"
"15743.0",16,"4","784.46",5,3,3,11,"Loyal Customers"
"13350.0",16,"2","979.12",5,3,3,11,"Loyal Customers"
"16343.0",16,"3","687.07",5,3,3,11,"Loyal Customers"
"14675.0",16,"2","1066.90",5,3,3,11,"Loyal Customers"
"16900.0",16,"3","882.16",5,3,3,11,"Loyal Customers"
"16596.0",15,"4","579.63",5,4,2,11,"Needs Attention"
"13207.0",15,"4","535.86",5,4,2,11,"Needs Attention"
"15428.0",15,"4","762.75",5,3,3,11,"Loyal Customers"
"16885.0",15,"4","709.49",5,3,3,11,"Loyal Customers"
"16824.0",15,"3","686.24",5,3,3,11,"Loyal Customers"
"13277.0",15,"7","523.30",5,4,2,11,"Needs Attention"
"16157.0",15,"3","656.69",5,3,3,11,"Loyal Customers"
"18130.0",15,"3","1059.39",5,3,3,11,"Loyal Customers"
"17557.0",14,"4","575.46",5,4,2,11,"Needs Attention"
"15872.0",14,"4","795.68",5,3,3,11,"Loyal Customers"
"15436.0",12,"3","1122.53",5,3,3,11,"Loyal Customers"
"18112.0",12,"4","775.96",5,3,3,11,"Loyal Customers"
"18156.0",12,"2","941.17",5,3,3,11,"Loyal Customers"
"13030.0",11,"2","1227.22",5,3,3,11,"Loyal Customers"
"13389.0",11,"3","797.96",5,3,3,11,"Loyal Customers"
"17237.0",11,"4","1002.08",5,3,3,11,"Loyal Customers"
"14470.0",11,"3","712.04",5,3,3,11,"Loyal Customers"
"13950.0",11,"4","745.06",5,3,3,11,"Loyal Customers"
"14173.0",10,"6","586.00",5,4,2,11,"Needs Attention"
"15206.0",10,"4","420.30",5,4,2,11,"Needs Attention"
"12654.0",10,"5","529.98",5,4,2,11,"Needs Attention"
"13928.0",10,"4","464.57",5,4,2,11,"Needs Attention"
"13429.0",10,"4","1006.80",5,3,3,11,"Loyal Customers"
"13467.0",10,"2","1083.71",5,3,3,11,"Loyal Customers"
"13147.0",10,"4","712.80",5,3,3,11,"Loyal Customers"
"15297.0",10,"3","641.94",5,3,3,11,"Loyal Customers"
"18058.0",9,"3","774.06",5,3,3,11,"Loyal Customers"
"15654.0",9,"2","922.53",5,3,3,11,"Loyal Customers"
"15414.0",9,"3","774.90",5,3,3,11,"Loyal Customers"
"12630.0",9,"2","1030.88",5,3,3,11,"Loyal Customers"
"13255.0",9,"3","904.46",5,3,3,11,"Loyal Customers"
"12787.0",9,"4","799.18",5,3,3,11,"Loyal Customers"
"16361.0",9,"4","896.66",5,3,3,11,"Loyal Customers"
"16657.0",9,"4","933.62",5,3,3,11,"Loyal Customers"
"15951.0",8,"3","1013.17",5,3,3,11,"Loyal Customers"
"16376.0",8,"2","987.01",5,3,3,11,"Loyal Customers"
"15500.0",8,"4","1131.56",5,3,3,11,"Loyal Customers"
"12572.0",8,"2","912.42",5,3,3,11,"Loyal Customers"
"17566.0",8,"2","901.21",5,3,3,11,"Loyal Customers"
"12364.0",7,"4","1208.10",5,3,3,11,"Loyal Customers"
"14126.0",7,"4","1172.46",5,3,3,11,"Loyal Customers"
"13780.0",7,"3","735.82",5,3,3,11,"Loyal Customers"
"16759.0",7,"3","789.79",5,3,3,11,"Loyal Customers"
"17495.0",7,"3","806.72",5,3,3,11,"Loyal Customers"
"14788.0",7,"3","1156.32",5,3,3,11,"Loyal Customers"
"14720.0",5,"3","663.81",5,3,3,11,"Loyal Customers"
"12673.0",5,"3","1140.02",5,3,3,11,"Loyal Customers"
"16535.0",5,"2","981.59",5,3,3,11,"Loyal Customers"
"13558.0",5,"4","605.06",5,4,2,11,"Needs Attention"
"15145.0",4,"4","1194.73",5,3,3,11,"Loyal Customers"
"12925.0",4,"3","729.33",5,3,3,11,"Loyal Customers"
"14931.0",4,"4","964.68",5,3,3,11,"Loyal Customers"
"14629.0",4,"2","959.01",5,3,3,11,"Loyal Customers"
"16513.0",4,"4","874.59",5,3,3,11,"Loyal Customers"
"15053.0",4,"3","697.79",5,3,3,11,"Loyal Customers"
"13079.0",4,"6","419.18",5,4,2,11,"Needs Attention"
"17579.0",4,"4","753.28",5,3,3,11,"Loyal Customers"
"12628.0",4,"3","732.46",5,3,3,11,"Loyal Customers"
"12994.0",4,"3","974.42",5,3,3,11,"Loyal Customers"
"16642.0",4,"3","1077.45",5,3,3,11,"Loyal Customers"
"14219.0",4,"3","633.83",5,3,3,11,"Loyal Customers"
"15097.0",4,"3","908.35",5,3,3,11,"Loyal Customers"
"12716.0",3,"2","963.49",5,3,3,11,"Loyal Customers"
"15907.0",3,"3","966.60",5,3,3,11,"Loyal Customers"
"14140.0",3,"2","935.05",5,3,3,11,"Loyal Customers"
"16015.0",3,"3","705.10",5,3,3,11,"Loyal Customers"
"15992.0",3,"3","896.60",5,3,3,11,"Loyal Customers"
"16495.0",3,"3","684.41",5,3,3,11,"Loyal Customers"
"16368.0",2,"3","640.21",5,3,3,11,"Loyal Customers"
"14087.0",2,"3","846.22",5,3,3,11,"Loyal Customers"
"15568.0",2,"3","758.29",5,3,3,11,"Loyal Customers"
"14141.0",2,"4","915.13",5,3,3,11,"Loyal Customers"
"14204.0",2,"4","1062.96",5,3,3,11,"Loyal Customers"
"14910.0",2,"4","434.35",5,4,2,11,"Needs Attention"
"17266.0",2,"5","517.73",5,4,2,11,"Needs Attention"
"15195.0",2,"1","3861.00",5,1,5,11,"New Customers"
"15399.0",1,"3","815.77",5,3,3,11,"Loyal Customers"
"13521.0",1,"3","1092.39",5,3,3,11,"Loyal Customers"
"13314.0",1,"3","775.94",5,3,3,11,"Loyal Customers"
"17436.0",1,"5","534.06",5,4,2,11,"Needs Attention"
"13318.0",1,"3","640.76",5,3,3,11,"Loyal Customers"
"14569.0",1,"4","598.98",5,4,2,11,"Needs Attention"
"17144.0",1,"2","984.57",5,3,3,11,"Loyal Customers"
"14138.0",1,"2","982.38",5,3,3,11,"Loyal Customers"
"17405.0",1,"3","1031.41",5,3,3,11,"Loyal Customers"
"15156.0",1,"3","961.49",5,3,3,11,"Loyal Customers"
"12526.0",0,"3","1172.66",5,3,3,11,"Loyal Customers"
"12680.0",0,"4","790.81",5,3,3,11,"Loyal Customers"
"12507.0",134,"4","1508.06",3,3,4,10,"Loyal Customers"
"16872.0",77,"6","1213.13",3,4,3,10,"Loyal Customers"
"16601.0",40,"3","683.08",4,3,3,10,"Loyal Customers"
"17032.0",603,"6","2974.60",1,4,5,10,"At Risk"
"13083.0",4,"3","395.43",5,3,2,10,"Needs Attention"
"12425.0",78,"2","1741.41",3,3,4,10,"Loyal Customers"
"17732.0",372,"8","2470.39",2,4,4,10,"At Risk"
"16038.0",7,"3","471.78",5,3,2,10,"Needs Attention"
"17926.0",133,"5","1035.49",3,4,3,10,"Loyal Customers"
"16510.0",372,"6","2079.75",2,4,4,10,"At Risk"
"14130.0",319,"4","1882.67",2,4,4,10,"At Risk"
"14865.0",7,"4","129.72",5,4,1,10,"Needs Attention"
"15149.0",133,"4","1524.61",3,3,4,10,"Loyal Customers"
"13649.0",256,"6","1678.88",2,4,4,10,"At Risk"
"14885.0",131,"3","1598.12",3,3,4,10,"Loyal Customers"
"16692.0",256,"4","1764.70",2,4,4,10,"At Risk"
"16009.0",22,"4","992.71",4,3,3,10,"Loyal Customers"
"14988.0",211,"7","2066.60",2,4,4,10,"At Risk"
"17418.0",42,"3","670.06",4,3,3,10,"Loyal Customers"
"16926.0",371,"5","1421.35",2,4,4,10,"At Risk"
"13430.0",18,"2","679.45",5,2,3,10,"New Customers"
"13959.0",79,"6","1076.18",3,4,3,10,"Loyal Customers"
"18239.0",218,"6","2150.36",2,4,4,10,"At Risk"
"17615.0",130,"6","733.20",3,4,3,10,"Loyal Customers"
"18071.0",257,"6","1428.63",2,4,4,10,"At Risk"
"17941.0",130,"4","1433.28",3,3,4,10,"Loyal Customers"
"15026.0",80,"5","1056.81",3,4,3,10,"Loyal Customers"
"15341.0",80,"2","2402.72",3,3,4,10,"Loyal Customers"
"12527.0",81,"5","717.51",3,4,3,10,"Loyal Customers"
"18017.0",81,"4","688.00",3,4,3,10,"Loyal Customers"
"12754.0",235,"3","3010.74",2,3,5,10,"At Risk"
"12379.0",81,"4","1470.22",3,3,4,10,"Loyal Customers"
"12752.0",81,"1","4366.78",3,2,5,10,"Needs Attention"
"14594.0",7,"2","634.83",5,2,3,10,"New Customers"
"14256.0",260,"5","2473.99",2,4,4,10,"At Risk"
"16648.0",42,"3","672.80",4,3,3,10,"Loyal Customers"
"14870.0",261,"6","1838.95",2,4,4,10,"At Risk"
"13239.0",261,"5","1594.69",2,4,4,10,"At Risk"
"16527.0",81,"2","1272.44",3,3,4,10,"Loyal Customers"
"14496.0",311,"7","2668.23",2,4,4,10,"At Risk"
"16370.0",82,"4","1320.56",3,3,4,10,"Loyal Customers"
"14850.0",311,"7","1794.01",2,4,4,10,"At Risk"
"16149.0",4,"3","422.22",5,3,2,10,"Needs Attention"
"14399.0",394,"8","2113.16",2,4,4,10,"At Risk"
"17152.0",194,"4","2016.50",2,4,4,10,"At Risk"
"16889.0",194,"6","2530.90",2,4,4,10,"At Risk"
"15107.0",311,"9","940.35",2,5,3,10,"At Risk"
"13402.0",127,"4","1535.13",3,3,4,10,"Loyal Customers"
"15322.0",85,"2","1390.86",3,3,4,10,"Loyal Customers"
"14894.0",85,"3","1492.81",3,3,4,10,"Loyal Customers"
"15466.0",85,"4","1571.01",3,3,4,10,"Loyal Customers"
"14821.0",366,"7","1286.45",2,4,4,10,"At Risk"
"17033.0",86,"4","1332.79",3,3,4,10,"Loyal Customers"
"13202.0",394,"7","1580.30",2,4,4,10,"At Risk"
"15221.0",366,"4","2465.45",2,4,4,10,"At Risk"
"13135.0",196,"2","3371.45",2,3,5,10,"At Risk"
"17330.0",22,"4","423.80",4,4,2,10,"Needs Attention"
"13375.0",88,"2","1792.23",3,3,4,10,"Loyal Customers"
"13791.0",127,"2","1516.00",3,3,4,10,"Loyal Customers"
"15100.0",333,"7","2894.70",2,4,4,10,"At Risk"
"15016.0",172,"5","630.30",3,4,3,10,"Loyal Customers"
"16619.0",263,"4","1938.33",2,4,4,10,"At Risk"
"17919.0",88,"2","1840.32",3,3,4,10,"Loyal Customers"
"15326.0",333,"5","1700.52",2,4,4,10,"At Risk"
"13596.0",5,"2","697.04",5,2,3,10,"New Customers"
"16065.0",365,"8","2382.62",2,4,4,10,"At Risk"
"15636.0",89,"4","1444.58",3,3,4,10,"Loyal Customers"
"14212.0",89,"2","2190.14",3,3,4,10,"Loyal Customers"
"17254.0",4,"3","470.73",5,3,2,10,"Needs Attention"
"17561.0",19,"4","722.34",4,3,3,10,"Loyal Customers"
"16384.0",89,"4","1358.95",3,3,4,10,"Loyal Customers"
"16723.0",91,"4","1301.63",3,3,4,10,"Loyal Customers"
"13925.0",92,"4","678.25",3,4,3,10,"Loyal Customers"
"15124.0",22,"4","450.82",4,4,2,10,"Needs Attention"
"13814.0",92,"3","2257.32",3,3,4,10,"Loyal Customers"
"16637.0",32,"4","1154.47",4,3,3,10,"Loyal Customers"
"15751.0",460,"11","1380.44",1,5,4,10,"At Risk"
"13902.0",632,"5","34023.26",1,4,5,10,"At Risk"
"17849.0",218,"8","1063.76",2,5,3,10,"At Risk"
"13217.0",122,"4","666.48",3,4,3,10,"Loyal Customers"
"13416.0",43,"3","940.80",4,3,3,10,"Loyal Customers"
"15071.0",93,"4","1455.56",3,3,4,10,"Loyal Customers"
"17011.0",30,"3","671.70",4,3,3,10,"Loyal Customers"
"16924.0",21,"3","846.75",4,3,3,10,"Loyal Customers"
"16851.0",4,"3","342.45",5,3,2,10,"Needs Attention"
"14431.0",302,"4","2614.20",2,4,4,10,"At Risk"
"16801.0",163,"4","1619.73",3,3,4,10,"Loyal Customers"
"15661.0",317,"8","1215.95",2,5,3,10,"At Risk"
"13819.0",301,"6","2642.35",2,4,4,10,"At Risk"
"15076.0",172,"3","1447.74",3,3,4,10,"Loyal Customers"
"18196.0",95,"4","1462.39",3,3,4,10,"Loyal Customers"
"15274.0",4,"2","716.57",5,2,3,10,"New Customers"
"15649.0",336,"4","2170.35",2,4,4,10,"At Risk"
"16680.0",43,"3","821.45",4,3,3,10,"Loyal Customers"
"16499.0",360,"8","2578.34",2,4,4,10,"At Risk"
"16812.0",360,"4","2392.00",2,4,4,10,"At Risk"
"12739.0",99,"2","2421.23",3,3,4,10,"Loyal Customers"
"15381.0",213,"5","1890.57",2,4,4,10,"At Risk"
"16756.0",214,"7","1312.37",2,4,4,10,"At Risk"
"16842.0",100,"3","1264.19",3,3,4,10,"Loyal Customers"
"14513.0",100,"6","788.01",3,4,3,10,"Loyal Customers"
"17298.0",101,"5","941.66",3,4,3,10,"Loyal Customers"
"13753.0",287,"4","2094.57",2,4,4,10,"At Risk"
"15789.0",358,"6","1962.01",2,4,4,10,"At Risk"
"12967.0",358,"3","4306.92",2,3,5,10,"At Risk"
"16037.0",269,"5","1509.34",2,4,4,10,"At Risk"
"15535.0",173,"6","1087.82",3,4,3,10,"Loyal Customers"
"16357.0",33,"4","868.37",4,3,3,10,"Loyal Customers"
"13447.0",23,"3","1129.14",4,3,3,10,"Loyal Customers"
"13874.0",358,"7","2049.15",2,4,4,10,"At Risk"
"15074.0",105,"3","1566.33",3,3,4,10,"Loyal Customers"
"14267.0",162,"3","1516.24",3,3,4,10,"Loyal Customers"
"17308.0",393,"2","4511.76",2,3,5,10,"At Risk"
"17165.0",284,"6","1794.32",2,4,4,10,"At Risk"
"12991.0",23,"3","764.82",4,3,3,10,"Loyal Customers"
"17189.0",106,"5","957.63",3,4,3,10,"Loyal Customers"
"14687.0",106,"3","1402.06",3,3,4,10,"Loyal Customers"
"14055.0",106,"3","1520.96",3,3,4,10,"Loyal Customers"
"13497.0",282,"6","1320.33",2,4,4,10,"At Risk"
"14114.0",273,"7","1364.09",2,4,4,10,"At Risk"
"17869.0",107,"7","1036.16",3,4,3,10,"Loyal Customers"
"16340.0",107,"3","1526.06",3,3,4,10,"Loyal Customers"
"14875.0",107,"3","2862.40",3,3,4,10,"Loyal Customers"
"18095.0",312,"5","2303.09",2,4,4,10,"At Risk"
"16625.0",274,"5","1654.03",2,4,4,10,"At Risk"
"17714.0",320,"5","1410.18",2,4,4,10,"At Risk"
"13762.0",218,"5","2472.48",2,4,4,10,"At Risk"
"14973.0",107,"3","1314.45",3,3,4,10,"Loyal Customers"
"13046.0",30,"3","949.25",4,3,3,10,"Loyal Customers"
"17343.0",355,"6","1259.94",2,4,4,10,"At Risk"
"14690.0",44,"4","794.33",4,3,3,10,"Loyal Customers"
"13382.0",280,"5","1387.58",2,4,4,10,"At Risk"
"15745.0",19,"4","1094.59",4,3,3,10,"Loyal Customers"
"17045.0",113,"5","827.68",3,4,3,10,"Loyal Customers"
"15279.0",354,"5","1580.54",2,4,4,10,"At Risk"
"15988.0",19,"3","767.59",4,3,3,10,"Loyal Customers"
"13140.0",108,"5","1215.68",3,4,3,10,"Loyal Customers"
"15882.0",198,"8","1491.42",2,4,4,10,"At Risk"
"16952.0",109,"5","798.78",3,4,3,10,"Loyal Customers"
"14265.0",109,"4","1373.35",3,3,4,10,"Loyal Customers"
"12688.0",113,"1","4873.81",3,2,5,10,"Needs Attention"
"13242.0",112,"7","699.40",3,4,3,10,"Loyal Customers"
"14013.0",110,"5","1084.57",3,4,3,10,"Loyal Customers"
"12640.0",23,"3","994.58",4,3,3,10,"Loyal Customers"
"14246.0",110,"3","1474.06",3,3,4,10,"Loyal Customers"
"15944.0",276,"4","2164.24",2,4,4,10,"At Risk"
"13822.0",5,"2","632.00",5,2,3,10,"New Customers"
"16071.0",44,"4","1076.80",4,3,3,10,"Loyal Customers"
"17979.0",35,"4","754.31",4,3,3,10,"Loyal Customers"
"15870.0",32,"4","862.61",4,3,3,10,"Loyal Customers"
"16797.0",393,"5","1827.77",2,4,4,10,"At Risk"
"16415.0",44,"3","719.44",4,3,3,10,"Loyal Customers"
"16445.0",33,"4","602.73",4,4,2,10,"Needs Attention"
"15146.0",164,"2","1327.16",3,3,4,10,"Loyal Customers"
"16345.0",44,"2","1198.74",4,3,3,10,"Loyal Customers"
"15835.0",44,"4","954.09",4,3,3,10,"Loyal Customers"
"12541.0",29,"3","841.18",4,3,3,10,"Loyal Customers"
"16903.0",29,"3","1062.28",4,3,3,10,"Loyal Customers"
"13601.0",45,"4","1185.14",4,3,3,10,"Loyal Customers"
"15656.0",45,"4","748.50",4,3,3,10,"Loyal Customers"
"17537.0",29,"2","897.62",4,3,3,10,"Loyal Customers"
"12733.0",234,"4","2424.02",2,4,4,10,"At Risk"
"12546.0",46,"2","1021.50",4,3,3,10,"Loyal Customers"
"14656.0",169,"5","814.65",3,4,3,10,"Loyal Customers"
"14139.0",46,"4","1086.80",4,3,3,10,"Loyal Customers"
"16204.0",23,"3","944.24",4,3,3,10,"Loyal Customers"
"15068.0",46,"4","1176.85",4,3,3,10,"Loyal Customers"
"16728.0",46,"4","1054.67",4,3,3,10,"Loyal Customers"
"16311.0",17,"2","616.26",5,2,3,10,"New Customers"
"18006.0",23,"4","997.86",4,3,3,10,"Loyal Customers"
"17423.0",46,"3","1118.95",4,3,3,10,"Loyal Customers"
"15413.0",691,"5","6798.72",1,4,5,10,"At Risk"
"18125.0",29,"4","1142.99",4,3,3,10,"Loyal Customers"
"15344.0",0,"3","563.94",5,3,2,10,"Needs Attention"
"15806.0",46,"3","784.58",4,3,3,10,"Loyal Customers"
"18246.0",23,"3","758.82",4,3,3,10,"Loyal Customers"
"16916.0",23,"4","1117.50",4,3,3,10,"Loyal Customers"
"16023.0",46,"3","719.81",4,3,3,10,"Loyal Customers"
"15801.0",46,"3","1063.95",4,3,3,10,"Loyal Customers"
"16197.0",469,"9","2016.71",1,5,4,10,"At Risk"
"12582.0",238,"4","1820.40",2,4,4,10,"At Risk"
"14997.0",46,"4","776.60",4,3,3,10,"Loyal Customers"
"18273.0",2,"4","357.00",5,3,2,10,"Needs Attention"
"14359.0",19,"3","912.18",4,3,3,10,"Loyal Customers"
"18217.0",29,"4","945.04",4,3,3,10,"Loyal Customers"
"13214.0",417,"7","3264.23",1,4,5,10,"At Risk"
"12465.0",17,"2","682.19",5,2,3,10,"New Customers"
"16276.0",176,"3","2629.39",3,3,4,10,"Loyal Customers"
"14320.0",206,"5","1346.75",2,4,4,10,"At Risk"
"15900.0",23,"4","900.40",4,3,3,10,"Loyal Customers"
"13918.0",49,"2","1212.84",4,3,3,10,"Loyal Customers"
"16124.0",317,"4","1772.49",2,4,4,10,"At Risk"
"16087.0",389,"5","1739.92",2,4,4,10,"At Risk"
"18127.0",19,"4","561.53",4,4,2,10,"Needs Attention"
"13531.0",205,"6","1738.52",2,4,4,10,"At Risk"
"12403.0",49,"2","947.36",4,3,3,10,"Loyal Customers"
"15238.0",29,"3","1071.99",4,3,3,10,"Loyal Customers"
"12827.0",5,"3","430.15",5,3,2,10,"Needs Attention"
"16163.0",232,"6","2849.58",2,4,4,10,"At Risk"
"17835.0",2,"3","350.64",5,3,2,10,"Needs Attention"
"16636.0",438,"4","3802.04",1,4,5,10,"At Risk"
"14037.0",176,"6","836.95",3,4,3,10,"Loyal Customers"
"14929.0",32,"2","836.69",4,3,3,10,"Loyal Customers"
"15269.0",23,"3","1225.36",4,3,3,10,"Loyal Customers"
"17198.0",23,"3","1213.88",4,3,3,10,"Loyal Customers"
"13245.0",50,"2","989.22",4,3,3,10,"Loyal Customers"
"13897.0",50,"3","1160.72",4,3,3,10,"Loyal Customers"
"14484.0",50,"4","1070.98",4,3,3,10,"Loyal Customers"
"17430.0",32,"4","735.17",4,3,3,10,"Loyal Customers"
"14851.0",23,"3","829.41",4,3,3,10,"Loyal Customers"
"14261.0",50,"2","1163.45",4,3,3,10,"Loyal Customers"
"15933.0",21,"3","1107.46",4,3,3,10,"Loyal Customers"
"14063.0",686,"7","9471.50",1,4,5,10,"At Risk"
"15614.0",437,"4","3147.36",1,4,5,10,"At Risk"
"12697.0",28,"3","757.59",4,3,3,10,"Loyal Customers"
"17653.0",36,"4","1207.56",4,3,3,10,"Loyal Customers"
"16461.0",177,"3","1609.22",3,3,4,10,"Loyal Customers"
"16846.0",50,"3","842.41",4,3,3,10,"Loyal Customers"
"15469.0",50,"3","874.25",4,3,3,10,"Loyal Customers"
"15013.0",487,"10","1641.30",1,5,4,10,"At Risk"
"16621.0",51,"4","813.48",4,3,3,10,"Loyal Customers"
"16336.0",420,"4","3517.69",1,4,5,10,"At Risk"
"12809.0",177,"3","1384.34",3,3,4,10,"Loyal Customers"
"17934.0",51,"3","1049.15",4,3,3,10,"Loyal Customers"
"15425.0",400,"4","1944.57",2,4,4,10,"At Risk"
"14273.0",51,"4","559.97",4,4,2,10,"Needs Attention"
"16730.0",52,"3","743.11",4,3,3,10,"Loyal Customers"
"15618.0",32,"4","776.85",4,3,3,10,"Loyal Customers"
"17779.0",21,"3","658.57",4,3,3,10,"Loyal Customers"
"15582.0",24,"3","682.91",4,3,3,10,"Loyal Customers"
"13637.0",52,"3","809.25",4,3,3,10,"Loyal Customers"
"16747.0",37,"2","836.06",4,3,3,10,"Loyal Customers"
"17727.0",15,"1","1060.25",5,2,3,10,"New Customers"
"16742.0",492,"13","2387.71",1,5,4,10,"At Risk"
"16460.0",28,"3","814.72",4,3,3,10,"Loyal Customers"
"17777.0",24,"3","665.86",4,3,3,10,"Loyal Customers"
"13300.0",169,"3","1285.51",3,3,4,10,"Loyal Customers"
"16734.0",52,"3","650.51",4,3,3,10,"Loyal Customers"
"16386.0",28,"3","1102.59",4,3,3,10,"Loyal Customers"
"15533.0",19,"3","807.57",4,3,3,10,"Loyal Customers"
"12978.0",385,"5","2502.82",2,4,4,10,"At Risk"
"18043.0",24,"3","875.97",4,3,3,10,"Loyal Customers"
"13805.0",52,"2","924.60",4,3,3,10,"Loyal Customers"
"12427.0",21,"3","949.30",4,3,3,10,"Loyal Customers"
"13091.0",28,"2","1108.80",4,3,3,10,"Loyal Customers"
"17349.0",179,"5","852.25",3,4,3,10,"Loyal Customers"
"13740.0",240,"5","1597.77",2,4,4,10,"At Risk"
"14896.0",204,"8","2092.42",2,4,4,10,"At Risk"
"15012.0",53,"3","860.62",4,3,3,10,"Loyal Customers"
"17205.0",53,"3","999.35",4,3,3,10,"Loyal Customers"
"17527.0",53,"4","939.37",4,3,3,10,"Loyal Customers"
"12794.0",53,"2","860.41",4,3,3,10,"Loyal Customers"
"15025.0",33,"2","1005.14",4,3,3,10,"Loyal Customers"
"12463.0",53,"4","1200.78",4,3,3,10,"Loyal Customers"
"18123.0",24,"3","684.59",4,3,3,10,"Loyal Customers"
"18034.0",21,"3","792.85",4,3,3,10,"Loyal Customers"
"15679.0",24,"4","781.28",4,3,3,10,"Loyal Customers"
"12986.0",428,"10","2729.84",1,5,4,10,"At Risk"
"14714.0",24,"4","906.24",4,3,3,10,"Loyal Customers"
"12475.0",53,"2","1065.64",4,3,3,10,"Loyal Customers"
"12940.0",54,"2","913.54",4,3,3,10,"Loyal Customers"
"13034.0",54,"3","922.68",4,3,3,10,"Loyal Customers"
"15952.0",33,"4","806.57",4,3,3,10,"Loyal Customers"
"13212.0",19,"3","788.08",4,3,3,10,"Loyal Customers"
"15994.0",54,"3","1202.18",4,3,3,10,"Loyal Customers"
"13648.0",400,"8","1759.07",2,4,4,10,"At Risk"
"15590.0",382,"5","1496.60",2,4,4,10,"At Risk"
"17830.0",1,"3","398.70",5,3,2,10,"Needs Attention"
"14450.0",180,"7","1128.44",3,4,3,10,"Loyal Customers"
"15015.0",501,"13","2354.52",1,5,4,10,"At Risk"
"16856.0",14,"3","358.49",5,3,2,10,"Needs Attention"
"16823.0",227,"7","2260.09",2,4,4,10,"At Risk"
"13525.0",14,"2","628.78",5,2,3,10,"New Customers"
"14231.0",183,"4","1235.62",3,3,4,10,"Loyal Customers"
"15763.0",31,"2","1086.92",4,3,3,10,"Loyal Customers"
"15787.0",26,"3","948.05",4,3,3,10,"Loyal Customers"
"15957.0",31,"3","930.10",4,3,3,10,"Loyal Customers"
"17169.0",57,"3","1156.73",4,3,3,10,"Loyal Customers"
"17999.0",37,"3","730.90",4,3,3,10,"Loyal Customers"
"16519.0",25,"4","554.16",4,4,2,10,"Needs Attention"
"16884.0",37,"4","1073.92",4,3,3,10,"Loyal Customers"
"18160.0",57,"3","1003.88",4,3,3,10,"Loyal Customers"
"13554.0",380,"7","1638.28",2,4,4,10,"At Risk"
"14953.0",25,"4","1011.27",4,3,3,10,"Loyal Customers"
"15449.0",26,"3","974.52",4,3,3,10,"Loyal Customers"
"13867.0",31,"3","1015.29",4,3,3,10,"Loyal Customers"
"17709.0",169,"5","671.01",3,4,3,10,"Loyal Customers"
"16533.0",19,"3","1095.56",4,3,3,10,"Loyal Customers"
"18263.0",25,"3","1213.16",4,3,3,10,"Loyal Customers"
"18211.0",25,"5","600.07",4,4,2,10,"Needs Attention"
"14136.0",400,"5","1570.81",2,4,4,10,"At Risk"
"15863.0",25,"5","358.70",4,4,2,10,"Needs Attention"
"15406.0",31,"4","975.87",4,3,3,10,"Loyal Customers"
"15167.0",320,"5","1659.67",2,4,4,10,"At Risk"
"13466.0",184,"5","1013.35",3,4,3,10,"Loyal Customers"
"13865.0",58,"4","501.56",4,4,2,10,"Needs Attention"
"16736.0",505,"5","2956.56",1,4,5,10,"At Risk"
"16887.0",35,"3","660.72",4,3,3,10,"Loyal Customers"
"15476.0",380,"4","2209.98",2,4,4,10,"At Risk"
"15173.0",380,"7","1494.60",2,4,4,10,"At Risk"
"16024.0",12,"3","478.92",5,3,2,10,"Needs Attention"
"13734.0",508,"4","6701.64",1,4,5,10,"At Risk"
"12642.0",25,"3","905.26",4,3,3,10,"Loyal Customers"
"12689.0",25,"2","1139.61",4,3,3,10,"Loyal Customers"
"17064.0",58,"3","859.35",4,3,3,10,"Loyal Customers"
"18220.0",226,"6","1921.76",2,4,4,10,"At Risk"
"14902.0",25,"3","1035.62",4,3,3,10,"Loyal Customers"
"16287.0",169,"5","1006.98",3,4,3,10,"Loyal Customers"
"16861.0",59,"5","946.59",3,4,3,10,"Loyal Customers"
"17145.0",512,"4","3120.91",1,4,5,10,"At Risk"
"13517.0",59,"3","2128.42",3,3,4,10,"Loyal Customers"
"14862.0",25,"2","841.20",4,3,3,10,"Loyal Customers"
"16070.0",22,"2","852.15",4,3,3,10,"Loyal Customers"
"15646.0",157,"5","974.61",3,4,3,10,"Loyal Customers"
"13919.0",59,"4","1252.68",3,3,4,10,"Loyal Customers"
"13726.0",38,"2","1079.66",4,3,3,10,"Loyal Customers"
"14160.0",610,"7","8421.47",1,4,5,10,"At Risk"
"15777.0",241,"7","1762.61",2,4,4,10,"At Risk"
"17214.0",60,"6","1069.12",3,4,3,10,"Loyal Customers"
"17582.0",236,"5","1450.70",2,4,4,10,"At Risk"
"13980.0",60,"5","799.92",3,4,3,10,"Loyal Customers"
"16830.0",38,"4","1207.50",4,3,3,10,"Loyal Customers"
"15839.0",33,"3","1048.49",4,3,3,10,"Loyal Customers"
"13224.0",60,"2","2152.95",3,3,4,10,"Loyal Customers"
"15211.0",60,"2","1277.48",3,3,4,10,"Loyal Customers"
"12982.0",242,"8","2744.81",2,4,4,10,"At Risk"
"17703.0",35,"4","1094.84",4,3,3,10,"Loyal Customers"
"15422.0",323,"7","1619.97",2,4,4,10,"At Risk"
"14971.0",35,"3","1116.57",4,3,3,10,"Loyal Customers"
"16385.0",60,"5","1030.61",3,4,3,10,"Loyal Customers"
"16284.0",31,"3","1029.77",4,3,3,10,"Loyal Customers"
"15919.0",19,"2","910.61",4,3,3,10,"Loyal Customers"
"12450.0",156,"5","688.20",3,4,3,10,"Loyal Customers"
"15638.0",378,"6","2265.20",2,4,4,10,"At Risk"
"13914.0",11,"2","626.45",5,2,3,10,"New Customers"
"16364.0",11,"2","707.04",5,2,3,10,"New Customers"
"17876.0",399,"3","3424.02",2,3,5,10,"At Risk"
"17874.0",185,"6","683.46",3,4,3,10,"Loyal Customers"
"17854.0",185,"6","1071.45",3,4,3,10,"Loyal Customers"
"13689.0",63,"2","1259.50",3,3,4,10,"Loyal Customers"
"16354.0",63,"5","1129.51",3,4,3,10,"Loyal Customers"
"16863.0",31,"3","998.52",4,3,3,10,"Loyal Customers"
"13583.0",155,"2","1445.03",3,3,4,10,"Loyal Customers"
"14104.0",154,"5","768.58",3,4,3,10,"Loyal Customers"
"17987.0",185,"5","1003.64",3,4,3,10,"Loyal Customers"
"17772.0",10,"3","384.77",5,3,2,10,"Needs Attention"
"16398.0",154,"2","1705.80",3,3,4,10,"Loyal Customers"
"16895.0",64,"5","1121.42",3,4,3,10,"Loyal Customers"
"15920.0",154,"8","567.69",3,5,2,10,"Needs Attention"
"13832.0",19,"2","613.69",5,2,3,10,"New Customers"
"14664.0",19,"2","637.89",5,2,3,10,"New Customers"
"17990.0",236,"6","1527.61",2,4,4,10,"At Risk"
"15538.0",537,"6","3358.40",1,4,5,10,"At Risk"
"16184.0",64,"6","1158.79",3,4,3,10,"Loyal Customers"
"14959.0",64,"4","695.42",3,4,3,10,"Loyal Customers"
"15223.0",225,"5","1417.95",2,4,4,10,"At Risk"
"16969.0",39,"3","650.41",4,3,3,10,"Loyal Customers"
"17461.0",22,"3","757.46",4,3,3,10,"Loyal Customers"
"13023.0",64,"3","1251.03",3,3,4,10,"Loyal Customers"
"17444.0",151,"2","2389.10",3,3,4,10,"Loyal Customers"
"13049.0",64,"4","1408.24",3,3,4,10,"Loyal Customers"
"16140.0",65,"3","1557.60",3,3,4,10,"Loyal Customers"
"17150.0",376,"6","1375.65",2,4,4,10,"At Risk"
"17382.0",65,"8","902.28",3,4,3,10,"Loyal Customers"
"15181.0",66,"5","1200.20",3,4,3,10,"Loyal Customers"
"16414.0",21,"5","559.71",4,4,2,10,"Needs Attention"
"12669.0",150,"2","1427.73",3,3,4,10,"Loyal Customers"
"15239.0",10,"2","780.59",5,2,3,10,"New Customers"
"14512.0",187,"7","1223.47",3,4,3,10,"Loyal Customers"
"12588.0",39,"3","718.78",4,3,3,10,"Loyal Customers"
"15276.0",66,"4","649.53",3,4,3,10,"Loyal Customers"
"16634.0",222,"6","1814.61",2,4,4,10,"At Risk"
"13103.0",39,"3","709.64",4,3,3,10,"Loyal Customers"
"14682.0",187,"6","1514.81",2,4,4,10,"At Risk"
"14400.0",149,"3","1732.47",3,3,4,10,"Loyal Customers"
"16450.0",149,"3","1505.73",3,3,4,10,"Loyal Customers"
"12770.0",210,"2","3246.45",2,3,5,10,"At Risk"
"13344.0",67,"3","2543.72",3,3,4,10,"Loyal Customers"
"13506.0",316,"5","1639.20",2,4,4,10,"At Risk"
"14847.0",148,"3","1348.95",3,3,4,10,"Loyal Customers"
"18009.0",235,"8","2155.83",2,4,4,10,"At Risk"
"16441.0",67,"5","1028.48",3,4,3,10,"Loyal Customers"
"12886.0",67,"2","1378.40",3,3,4,10,"Loyal Customers"
"16836.0",39,"4","782.37",4,3,3,10,"Loyal Customers"
"13496.0",10,"2","653.33",5,2,3,10,"New Customers"
"14958.0",147,"6","957.94",3,4,3,10,"Loyal Customers"
"13428.0",10,"3","499.98",5,3,2,10,"Needs Attention"
"17466.0",10,"2","763.28",5,2,3,10,"New Customers"
"14034.0",22,"3","651.82",4,3,3,10,"Loyal Customers"
"16693.0",68,"5","1199.46",3,4,3,10,"Loyal Customers"
"12694.0",70,"3","1663.35",3,3,4,10,"Loyal Customers"
"16869.0",22,"4","825.42",4,3,3,10,"Loyal Customers"
"17984.0",145,"5","1187.77",3,4,3,10,"Loyal Customers"
"15707.0",35,"4","945.58",4,3,3,10,"Loyal Customers"
"15773.0",5,"2","774.52",5,2,3,10,"New Customers"
"14164.0",70,"2","1631.77",3,3,4,10,"Loyal Customers"
"15407.0",33,"4","1056.44",4,3,3,10,"Loyal Customers"
"16105.0",248,"5","2386.19",2,4,4,10,"At Risk"
"12953.0",9,"2","828.81",5,2,3,10,"New Customers"
"14234.0",22,"4","775.46",4,3,3,10,"Loyal Customers"
"17608.0",33,"4","498.53",4,4,2,10,"Needs Attention"
"15658.0",190,"8","2423.47",2,4,4,10,"At Risk"
"16574.0",71,"3","1301.78",3,3,4,10,"Loyal Customers"
"13243.0",203,"5","1278.04",2,4,4,10,"At Risk"
"16406.0",18,"3","552.68",5,3,2,10,"Needs Attention"
"17962.0",142,"4","686.37",3,4,3,10,"Loyal Customers"
"15748.0",40,"3","614.76",4,3,3,10,"Loyal Customers"
"17736.0",9,"3","377.44",5,3,2,10,"Needs Attention"
"15088.0",21,"2","1160.07",4,3,3,10,"Loyal Customers"
"17255.0",40,"4","799.13",4,3,3,10,"Loyal Customers"
"12728.0",71,"5","926.17",3,4,3,10,"Loyal Customers"
"18235.0",71,"3","1796.48",3,3,4,10,"Loyal Customers"
"17694.0",141,"3","1695.97",3,3,4,10,"Loyal Customers"
"15467.0",9,"3","524.88",5,3,2,10,"Needs Attention"
"17438.0",253,"5","1422.77",2,4,4,10,"At Risk"
"18204.0",71,"3","1993.70",3,3,4,10,"Loyal Customers"
"14305.0",71,"3","1858.96",3,3,4,10,"Loyal Customers"
"14195.0",201,"6","2615.60",2,4,4,10,"At Risk"
"14681.0",71,"6","875.15",3,4,3,10,"Loyal Customers"
"12458.0",71,"4","1502.49",3,3,4,10,"Loyal Customers"
"14947.0",72,"6","1049.79",3,4,3,10,"Loyal Customers"
"16529.0",190,"4","2012.00",2,4,4,10,"At Risk"
"17935.0",138,"7","683.24",3,4,3,10,"Loyal Customers"
"13065.0",373,"5","1260.91",2,4,4,10,"At Risk"
"13607.0",40,"2","1078.31",4,3,3,10,"Loyal Customers"
"17828.0",22,"4","1165.09",4,3,3,10,"Loyal Customers"
"18106.0",329,"6","1461.46",2,4,4,10,"At Risk"
"14818.0",73,"6","1170.41",3,4,3,10,"Loyal Customers"
"13035.0",73,"3","1364.20",3,3,4,10,"Loyal Customers"
"17649.0",138,"3","1578.89",3,3,4,10,"Loyal Customers"
"17908.0",373,"5","1411.54",2,4,4,10,"At Risk"
"16948.0",138,"7","868.77",3,4,3,10,"Loyal Customers"
"16122.0",73,"6","1001.34",3,4,3,10,"Loyal Customers"
"14108.0",30,"4","1044.96",4,3,3,10,"Loyal Customers"
"14000.0",211,"5","2046.34",2,4,4,10,"At Risk"
"13296.0",137,"6","792.51",3,4,3,10,"Loyal Customers"
"13040.0",8,"2","676.99",5,2,3,10,"New Customers"
"13639.0",74,"2","1346.27",3,3,4,10,"Loyal Customers"
"13492.0",136,"3","1269.84",3,3,4,10,"Loyal Customers"
"15855.0",136,"6","1052.72",3,4,3,10,"Loyal Customers"
"17014.0",8,"3","586.33",5,3,2,10,"Needs Attention"
"15749.0",235,"3","44534.30",2,3,5,10,"At Risk"
"18066.0",75,"3","1440.40",3,3,4,10,"Loyal Customers"
"16696.0",135,"4","657.90",3,4,3,10,"Loyal Customers"
"15261.0",135,"4","1508.00",3,3,4,10,"Loyal Customers"
"15385.0",40,"3","942.08",4,3,3,10,"Loyal Customers"
"15799.0",75,"4","1424.29",3,3,4,10,"Loyal Customers"
"15154.0",75,"3","1388.41",3,3,4,10,"Loyal Customers"
"16951.0",134,"3","1277.75",3,3,4,10,"Loyal Customers"
"13787.0",75,"6","1222.50",3,4,3,10,"Loyal Customers"
"18189.0",77,"3","1403.73",3,3,4,10,"Loyal Customers"
"18085.0",330,"4","1645.75",2,4,4,10,"At Risk"
"15060.0",8,"4","301.84",5,3,2,10,"Needs Attention"
"14014.0",77,"3","1948.21",3,3,4,10,"Loyal Customers"
"16847.0",43,"2","614.89",4,2,3,9,"New Customers"
"18193.0",165,"3","1207.35",3,3,3,9,"Loyal Customers"
"17286.0",21,"3","395.48",4,3,2,9,"Needs Attention"
"17980.0",165,"4","1033.42",3,3,3,9,"Loyal Customers"
"13171.0",21,"3","468.41",4,3,2,9,"Needs Attention"
"14793.0",21,"2","625.90",4,2,3,9,"New Customers"
"12638.0",33,"2","681.49",4,2,3,9,"New Customers"
"17853.0",407,"3","1608.19",2,3,4,9,"At Risk"
"16129.0",407,"3","1396.05",2,3,4,9,"At Risk"
"13759.0",33,"2","659.41",4,2,3,9,"New Customers"
"13656.0",164,"4","1078.85",3,3,3,9,"Loyal Customers"
"13962.0",21,"3","362.80",4,3,2,9,"Needs Attention"
"15330.0",32,"2","714.96",4,2,3,9,"New Customers"
"16473.0",164,"4","470.83",3,4,2,9,"Needs Attention"
"17478.0",408,"2","1272.80",2,3,4,9,"At Risk"
"18150.0",32,"3","566.58",4,3,2,9,"Needs Attention"
"12498.0",21,"3","349.70",4,3,2,9,"Needs Attention"
"14634.0",437,"4","2124.46",1,4,4,9,"At Risk"
"13028.0",22,"2","661.32",4,2,3,9,"New Customers"
"12975.0",436,"6","2100.09",1,4,4,9,"At Risk"
"14050.0",31,"2","746.36",4,2,3,9,"New Customers"
"15103.0",31,"2","703.36",4,2,3,9,"New Customers"
"17668.0",1,"2","347.75",5,2,2,9,"New Customers"
"17964.0",31,"2","733.46",4,2,3,9,"New Customers"
"14225.0",434,"4","2037.02",1,4,4,9,"At Risk"
"17313.0",31,"1","2328.84",4,1,4,9,"New Customers"
"13710.0",31,"3","509.52",4,3,2,9,"Needs Attention"
"16322.0",1,"2","326.75",5,2,2,9,"New Customers"
"17038.0",30,"2","743.17",4,2,3,9,"New Customers"
"17889.0",212,"7","774.87",2,4,3,9,"At Risk"
"16331.0",432,"6","2037.70",1,4,4,9,"At Risk"
"16167.0",414,"5","1386.12",1,4,4,9,"At Risk"
"17680.0",23,"3","497.45",4,3,2,9,"Needs Attention"
"16751.0",30,"1","1764.72",4,1,4,9,"New Customers"
"14803.0",162,"3","845.55",3,3,3,9,"Loyal Customers"
"18059.0",23,"3","306.46",4,3,2,9,"Needs Attention"
"12538.0",29,"2","640.45",4,2,3,9,"New Customers"
"13894.0",23,"3","564.62",4,3,2,9,"Needs Attention"
"16387.0",322,"5","918.55",2,4,3,9,"At Risk"
"13920.0",431,"4","1774.68",1,4,4,9,"At Risk"
"14469.0",416,"4","2112.21",1,4,4,9,"At Risk"
"17142.0",239,"4","1283.75",2,3,4,9,"At Risk"
"13152.0",417,"7","2146.38",1,4,4,9,"At Risk"
"17362.0",239,"7","1024.04",2,4,3,9,"At Risk"
"16804.0",23,"3","536.99",4,3,2,9,"Needs Attention"
"17197.0",29,"1","1013.01",4,2,3,9,"New Customers"
"17573.0",29,"3","380.60",4,3,2,9,"Needs Attention"
"14492.0",430,"7","1921.91",1,4,4,9,"At Risk"
"17123.0",161,"3","966.67",3,3,3,9,"Loyal Customers"
"17295.0",28,"3","556.95",4,3,2,9,"Needs Attention"
"12890.0",24,"2","717.27",4,2,3,9,"New Customers"
"17822.0",420,"5","2179.65",1,4,4,9,"At Risk"
"16561.0",5,"2","511.12",5,2,2,9,"New Customers"
"15492.0",28,"2","659.46",4,2,3,9,"New Customers"
"13810.0",28,"2","827.51",4,2,3,9,"New Customers"
"17564.0",24,"3","454.01",4,3,2,9,"Needs Attention"
"14338.0",161,"3","928.10",3,3,3,9,"Loyal Customers"
"14699.0",214,"4","702.60",2,4,3,9,"At Risk"
"16176.0",421,"4","2052.69",1,4,4,9,"At Risk"
"16930.0",26,"3","380.55",4,3,2,9,"Needs Attention"
"13379.0",26,"3","572.56",4,3,2,9,"Needs Attention"
"17851.0",422,"6","1563.34",1,4,4,9,"At Risk"
"14316.0",422,"5","1370.34",1,4,4,9,"At Risk"
"16772.0",423,"3","3723.55",1,3,5,9,"At Risk"
"17464.0",158,"3","1000.94",3,3,3,9,"Loyal Customers"
"14186.0",427,"5","1550.63",1,4,4,9,"At Risk"
"13236.0",24,"2","744.85",4,2,3,9,"New Customers"
"15720.0",24,"2","741.92",4,2,3,9,"New Customers"
"14784.0",26,"3","449.93",4,3,2,9,"Needs Attention"
"16344.0",158,"4","842.42",3,3,3,9,"Loyal Customers"
"16720.0",26,"3","603.48",4,3,2,9,"Needs Attention"
"13440.0",423,"7","1295.25",1,4,4,9,"At Risk"
"16329.0",427,"4","1703.07",1,4,4,9,"At Risk"
"14494.0",25,"3","401.46",4,3,2,9,"Needs Attention"
"15781.0",25,"3","345.46",4,3,2,9,"Needs Attention"
"17465.0",425,"7","2542.79",1,4,4,9,"At Risk"
"16478.0",25,"3","331.00",4,3,2,9,"Needs Attention"
"17765.0",158,"4","530.80",3,4,2,9,"Needs Attention"
"18203.0",157,"4","494.42",3,4,2,9,"Needs Attention"
"16146.0",157,"4","946.38",3,3,3,9,"Loyal Customers"
"18142.0",157,"2","1019.52",3,3,3,9,"Loyal Customers"
"14352.0",157,"4","1078.96",3,3,3,9,"Loyal Customers"
"14645.0",156,"3","876.89",3,3,3,9,"Loyal Customers"
"12977.0",156,"4","517.63",3,4,2,9,"Needs Attention"
"16811.0",4,"2","547.07",5,2,2,9,"New Customers"
"12402.0",323,"6","1136.90",2,4,3,9,"At Risk"
"13405.0",204,"5","1198.81",2,4,3,9,"At Risk"
"17035.0",245,"4","613.59",2,4,3,9,"At Risk"
"17862.0",323,"4","1279.09",2,3,4,9,"At Risk"
"18037.0",154,"15","167.42",3,5,1,9,"Needs Attention"
"12648.0",154,"4","1039.00",3,3,3,9,"Loyal Customers"
"17871.0",204,"5","1118.99",2,4,3,9,"At Risk"
"15577.0",151,"5","397.98",3,4,2,9,"Needs Attention"
"12717.0",151,"3","1058.91",3,3,3,9,"Loyal Customers"
"16998.0",149,"5","402.00",3,4,2,9,"Needs Attention"
"14619.0",245,"2","1291.24",2,3,4,9,"At Risk"
"12915.0",148,"4","1174.75",3,3,3,9,"Loyal Customers"
"14891.0",148,"4","1106.73",3,3,3,9,"Loyal Customers"
"12815.0",147,"2","863.46",3,3,3,9,"Loyal Customers"
"13863.0",247,"4","1239.55",2,3,4,9,"At Risk"
"14220.0",247,"4","1515.00",2,3,4,9,"At Risk"
"16586.0",248,"3","1462.78",2,3,4,9,"At Risk"
"15713.0",143,"4","1010.79",3,3,3,9,"Loyal Customers"
"16988.0",5,"2","382.67",5,2,2,9,"New Customers"
"17866.0",142,"3","1134.95",3,3,3,9,"Loyal Customers"
"13462.0",252,"5","1153.85",2,4,3,9,"At Risk"
"16226.0",203,"5","672.17",2,4,3,9,"At Risk"
"15108.0",141,"3","1159.25",3,3,3,9,"Loyal Customers"
"13723.0",217,"6","1209.20",2,4,3,9,"At Risk"
"17312.0",138,"3","644.30",3,3,3,9,"Loyal Customers"
"14479.0",253,"4","1299.11",2,3,4,9,"At Risk"
"16447.0",135,"3","775.14",3,3,3,9,"Loyal Customers"
"15639.0",134,"3","1065.08",3,3,3,9,"Loyal Customers"
"16980.0",255,"3","1473.33",2,3,4,9,"At Risk"
"13803.0",255,"3","1338.91",2,3,4,9,"At Risk"
"17383.0",4,"2","309.99",5,2,2,9,"New Customers"
"12942.0",131,"3","942.65",3,3,3,9,"Loyal Customers"
"13388.0",131,"3","1185.65",3,3,3,9,"Loyal Customers"
"14920.0",212,"3","1607.17",2,3,4,9,"At Risk"
"14133.0",129,"4","911.14",3,3,3,9,"Loyal Customers"
"15911.0",623,"8","1685.89",1,4,4,9,"At Risk"
"13223.0",200,"6","969.12",2,4,3,9,"At Risk"
"15254.0",127,"3","1088.35",3,3,3,9,"Loyal Customers"
"16572.0",127,"3","1009.60",3,3,3,9,"Loyal Customers"
"13513.0",126,"3","824.59",3,3,3,9,"Loyal Customers"
"14053.0",124,"4","572.30",3,4,2,9,"Needs Attention"
"16096.0",264,"4","1584.97",2,3,4,9,"At Risk"
"14693.0",264,"7","1165.36",2,4,3,9,"At Risk"
"16256.0",266,"3","1629.37",2,3,4,9,"At Risk"
"15247.0",122,"3","976.06",3,3,3,9,"Loyal Customers"
"16716.0",266,"3","2149.68",2,3,4,9,"At Risk"
"14024.0",121,"3","645.74",3,3,3,9,"Loyal Customers"
"12514.0",267,"2","1597.76",2,3,4,9,"At Risk"
"16377.0",267,"2","1308.48",2,3,4,9,"At Risk"
"17122.0",119,"4","570.50",3,4,2,9,"Needs Attention"
"18202.0",199,"3","1396.99",2,3,4,9,"At Risk"
"13720.0",116,"4","799.90",3,3,3,9,"Loyal Customers"
"18143.0",116,"2","1000.16",3,3,3,9,"Loyal Customers"
"17958.0",116,"2","973.88",3,3,3,9,"Loyal Customers"
"15624.0",116,"4","588.13",3,4,2,9,"Needs Attention"
"16961.0",116,"3","794.56",3,3,3,9,"Loyal Customers"
"15266.0",338,"5","852.21",2,4,3,9,"At Risk"
"13311.0",4,"2","598.57",5,2,2,9,"New Customers"
"17398.0",114,"3","653.38",3,3,3,9,"Loyal Customers"
"16282.0",339,"3","1307.58",2,3,4,9,"At Risk"
"17375.0",199,"4","660.55",2,4,3,9,"At Risk"
"13790.0",4,"1","348.80",5,2,2,9,"New Customers"
"16917.0",276,"2","1857.83",2,3,4,9,"At Risk"
"17639.0",276,"6","615.17",2,4,3,9,"At Risk"
"14247.0",278,"5","772.66",2,4,3,9,"At Risk"
"17955.0",198,"6","949.90",2,4,3,9,"At Risk"
"17062.0",313,"6","1198.14",2,4,3,9,"At Risk"
"16159.0",281,"4","1232.79",2,3,4,9,"At Risk"
"17256.0",107,"5","498.93",3,4,2,9,"Needs Attention"
"12873.0",282,"3","2027.30",2,3,4,9,"At Risk"
"17770.0",198,"5","1143.27",2,4,3,9,"At Risk"
"16792.0",282,"5","623.46",2,4,3,9,"At Risk"
"13000.0",106,"4","1032.50",3,3,3,9,"Loyal Customers"
"17134.0",106,"3","637.10",3,3,3,9,"Loyal Customers"
"15224.0",358,"5","871.36",2,4,3,9,"At Risk"
"13489.0",105,"4","449.52",3,4,2,9,"Needs Attention"
"17496.0",358,"4","1412.89",2,3,4,9,"At Risk"
"13301.0",103,"4","600.19",3,4,2,9,"Needs Attention"
"16968.0",4,"2","439.43",5,2,2,9,"New Customers"
"16806.0",103,"4","775.54",3,3,3,9,"Loyal Customers"
"13778.0",103,"4","1124.49",3,3,3,9,"Loyal Customers"
"16816.0",103,"4","417.06",3,4,2,9,"Needs Attention"
"13501.0",288,"3","2885.11",2,3,4,9,"At Risk"
"17499.0",289,"2","1341.39",2,3,4,9,"At Risk"
"16278.0",100,"3","1117.84",3,3,3,9,"Loyal Customers"
"13045.0",99,"3","808.92",3,3,3,9,"Loyal Customers"
"13376.0",99,"3","1019.76",3,3,3,9,"Loyal Customers"
"13151.0",295,"3","2570.24",2,3,4,9,"At Risk"
"14463.0",98,"4","786.57",3,3,3,9,"Loyal Customers"
"12710.0",96,"3","1023.02",3,3,3,9,"Loyal Customers"
"13548.0",96,"3","908.99",3,3,3,9,"Loyal Customers"
"14176.0",297,"5","916.01",2,4,3,9,"At Risk"
"13744.0",95,"2","1156.36",3,3,3,9,"Loyal Customers"
"15361.0",361,"4","689.07",2,4,3,9,"At Risk"
"14935.0",297,"2","2849.83",2,3,4,9,"At Risk"
"12616.0",95,"3","1023.10",3,3,3,9,"Loyal Customers"
"15364.0",95,"2","913.19",3,3,3,9,"Loyal Customers"
"17358.0",303,"5","866.05",2,4,3,9,"At Risk"
"13122.0",94,"2","922.39",3,3,3,9,"Loyal Customers"
"15462.0",94,"4","737.05",3,3,3,9,"Loyal Customers"
"14223.0",92,"3","991.13",3,3,3,9,"Loyal Customers"
"15198.0",92,"5","571.35",3,4,2,9,"Needs Attention"
"16727.0",364,"4","1437.42",2,3,4,9,"At Risk"
"15653.0",92,"2","877.44",3,3,3,9,"Loyal Customers"
"15488.0",92,"5","431.92",3,4,2,9,"Needs Attention"
"17978.0",365,"4","1461.76",2,3,4,9,"At Risk"
"14437.0",365,"5","958.84",2,4,3,9,"At Risk"
"16795.0",365,"3","2492.39",2,3,4,9,"At Risk"
"17250.0",3,"2","384.52",5,2,2,9,"New Customers"
"18051.0",634,"7","2282.28",1,4,4,9,"At Risk"
"16211.0",88,"3","1090.59",3,3,3,9,"Loyal Customers"
"16475.0",88,"4","544.30",3,4,2,9,"Needs Attention"
"16141.0",88,"2","955.94",3,3,3,9,"Loyal Customers"
"16714.0",317,"3","1514.80",2,3,4,9,"At Risk"
"16451.0",87,"3","1013.15",3,3,3,9,"Loyal Customers"
"14753.0",87,"2","869.51",3,3,3,9,"Loyal Customers"
"13800.0",309,"3","1679.56",2,3,4,9,"At Risk"
"16275.0",196,"3","2151.11",2,3,4,9,"At Risk"
"15347.0",366,"4","1363.60",2,3,4,9,"At Risk"
"17356.0",311,"5","946.47",2,4,3,9,"At Risk"
"12722.0",85,"4","979.63",3,3,3,9,"Loyal Customers"
"16034.0",196,"6","928.72",2,4,3,9,"At Risk"
"12871.0",84,"3","744.02",3,3,3,9,"Loyal Customers"
"17578.0",218,"7","1047.33",2,4,3,9,"At Risk"
"12434.0",84,"3","1103.43",3,3,3,9,"Loyal Customers"
"16658.0",368,"5","804.07",2,4,3,9,"At Risk"
"18232.0",81,"4","592.97",3,4,2,9,"Needs Attention"
"17058.0",81,"3","1179.89",3,3,3,9,"Loyal Customers"
"15675.0",81,"4","542.04",3,4,2,9,"Needs Attention"
"16080.0",81,"4","602.56",3,4,2,9,"Needs Attention"
"15504.0",81,"4","412.60",3,4,2,9,"Needs Attention"
"13038.0",80,"3","908.46",3,3,3,9,"Loyal Customers"
"12725.0",371,"3","2278.56",2,3,4,9,"At Risk"
"13298.0",1,"1","360.00",5,2,2,9,"New Customers"
"13935.0",596,"3","6116.92",1,3,5,9,"At Risk"
"15520.0",1,"1","343.50",5,2,2,9,"New Customers"
"13486.0",78,"3","1122.41",3,3,3,9,"Loyal Customers"
"18190.0",192,"5","745.62",2,4,3,9,"At Risk"
"15759.0",218,"7","830.93",2,4,3,9,"At Risk"
"14023.0",7,"2","584.07",5,2,2,9,"New Customers"
"16749.0",591,"2","4387.08",1,3,5,9,"At Risk"
"17172.0",78,"3","956.57",3,3,3,9,"Loyal Customers"
"14880.0",77,"3","706.19",3,3,3,9,"Loyal Customers"
"17480.0",77,"2","902.03",3,3,3,9,"Loyal Customers"
"16978.0",77,"3","768.88",3,3,3,9,"Loyal Customers"
"16244.0",211,"2","2579.38",2,3,4,9,"At Risk"
"16198.0",75,"2","1030.04",3,3,3,9,"Loyal Customers"
"14561.0",75,"3","1080.76",3,3,3,9,"Loyal Customers"
"12855.0",372,"4","650.94",2,4,3,9,"At Risk"
"14287.0",8,"3","176.63",5,3,1,9,"Needs Attention"
"12549.0",575,"5","1570.68",1,4,4,9,"At Risk"
"17113.0",574,"6","2322.59",1,4,4,9,"At Risk"
"15243.0",74,"2","927.28",3,3,3,9,"Loyal Customers"
"15958.0",74,"4","492.99",3,4,2,9,"Needs Attention"
"16468.0",74,"3","787.52",3,3,3,9,"Loyal Customers"
"17674.0",74,"2","851.70",3,3,3,9,"Loyal Customers"
"17914.0",3,"1","336.43",5,2,2,9,"New Customers"
"13475.0",191,"4","1431.78",2,3,4,9,"At Risk"
"13233.0",74,"4","1176.46",3,3,3,9,"Loyal Customers"
"15626.0",74,"3","1067.52",3,3,3,9,"Loyal Customers"
"14804.0",8,"1","353.27",5,2,2,9,"New Customers"
"17805.0",73,"2","927.03",3,3,3,9,"Loyal Customers"
"13016.0",73,"3","789.89",3,3,3,9,"Loyal Customers"
"12791.0",373,"5","834.43",2,4,3,9,"At Risk"
"13514.0",73,"4","815.90",3,3,3,9,"Loyal Customers"
"14272.0",73,"4","920.81",3,3,3,9,"Loyal Customers"
"17788.0",73,"2","1112.95",3,3,3,9,"Loyal Customers"
"16067.0",562,"3","3395.29",1,3,5,9,"At Risk"
"16321.0",72,"7","604.55",3,4,2,9,"Needs Attention"
"17370.0",72,"4","446.18",3,4,2,9,"Needs Attention"
"18074.0",373,"2","1509.04",2,3,4,9,"At Risk"
"14385.0",9,"3","202.11",5,3,1,9,"Needs Attention"
"17911.0",9,"1","366.23",5,2,2,9,"New Customers"
"17513.0",72,"3","1158.80",3,3,3,9,"Loyal Customers"
"14475.0",71,"4","1151.15",3,3,3,9,"Loyal Customers"
"15318.0",3,"1","312.62",5,2,2,9,"New Customers"
"16589.0",71,"4","612.36",3,4,2,9,"Needs Attention"
"17531.0",190,"3","1266.82",2,3,4,9,"At Risk"
"12372.0",71,"3","1196.04",3,3,3,9,"Loyal Customers"
"14448.0",9,"2","375.35",5,2,2,9,"New Customers"
"13741.0",71,"3","668.43",3,3,3,9,"Loyal Customers"
"16335.0",551,"7","2774.00",1,4,4,9,"At Risk"
"14028.0",550,"3","10396.50",1,3,5,9,"At Risk"
"17724.0",71,"3","1033.00",3,3,3,9,"Loyal Customers"
"18158.0",9,"2","453.40",5,2,2,9,"New Customers"
"12703.0",71,"4","898.53",3,3,3,9,"Loyal Customers"
"17376.0",70,"4","453.64",3,4,2,9,"Needs Attention"
"17281.0",374,"6","797.85",2,4,3,9,"At Risk"
"15823.0",729,"2","3867.17",1,3,5,9,"At Risk"
"12822.0",70,"2","948.88",3,3,3,9,"Loyal Customers"
"15508.0",189,"6","1000.27",2,4,3,9,"At Risk"
"12870.0",375,"3","1676.95",2,3,4,9,"At Risk"
"17814.0",375,"2","1617.32",2,3,4,9,"At Risk"
"13294.0",189,"3","1689.53",2,3,4,9,"At Risk"
"14245.0",219,"2","1693.45",2,3,4,9,"At Risk"
"15091.0",67,"3","1046.61",3,3,3,9,"Loyal Customers"
"16183.0",67,"4","1077.81",3,3,3,9,"Loyal Customers"
"14193.0",67,"3","1210.19",3,3,3,9,"Loyal Customers"
"14304.0",222,"3","1725.01",2,3,4,9,"At Risk"
"16882.0",66,"3","705.12",3,3,3,9,"Loyal Customers"
"16479.0",10,"2","300.83",5,2,2,9,"New Customers"
"13068.0",10,"2","344.00",5,2,2,9,"New Customers"
"12413.0",66,"4","871.45",3,3,3,9,"Loyal Customers"
"14836.0",10,"3","102.45",5,3,1,9,"Needs Attention"
"16160.0",65,"2","1025.44",3,3,3,9,"Loyal Customers"
"17610.0",540,"5","1529.49",1,4,4,9,"At Risk"
"12932.0",539,"8","1698.56",1,4,4,9,"At Risk"
"15048.0",65,"4","482.75",3,4,2,9,"Needs Attention"
"17322.0",376,"5","922.59",2,4,3,9,"At Risk"
"15244.0",65,"3","912.08",3,3,3,9,"Loyal Customers"
"14091.0",654,"2","9530.08",1,3,5,9,"At Risk"
"17483.0",65,"4","591.73",3,4,2,9,"Needs Attention"
"15766.0",64,"3","831.06",3,3,3,9,"Loyal Customers"
"12923.0",64,"3","788.62",3,3,3,9,"Loyal Customers"
"17604.0",217,"6","945.93",2,4,3,9,"At Risk"
"15264.0",64,"2","848.40",3,3,3,9,"Loyal Customers"
"13602.0",64,"4","1025.17",3,3,3,9,"Loyal Customers"
"15148.0",10,"1","301.29",5,2,2,9,"New Customers"
"14819.0",64,"4","470.16",3,4,2,9,"Needs Attention"
"14454.0",376,"5","977.30",2,4,3,9,"At Risk"
"15619.0",10,"1","336.40",5,2,2,9,"New Customers"
"12375.0",10,"2","377.50",5,2,2,9,"New Customers"
"13657.0",10,"2","382.14",5,2,2,9,"New Customers"
"17119.0",3,"2","606.91",5,2,2,9,"New Customers"
"12885.0",63,"3","1175.22",3,3,3,9,"Loyal Customers"
"17468.0",10,"3","194.80",5,3,1,9,"Needs Attention"
"12394.0",63,"2","1080.48",3,3,3,9,"Loyal Customers"
"17711.0",10,"2","385.10",5,2,2,9,"New Customers"
"15706.0",63,"4","1060.56",3,3,3,9,"Loyal Customers"
"13169.0",63,"3","840.08",3,3,3,9,"Loyal Customers"
"18214.0",530,"4","1780.34",1,4,4,9,"At Risk"
"13359.0",63,"2","1043.31",3,3,3,9,"Loyal Customers"
"13844.0",11,"1","361.62",5,2,2,9,"New Customers"
"15756.0",61,"4","532.96",3,4,2,9,"Needs Attention"
"16800.0",11,"1","1201.49",5,1,3,9,"New Customers"
"16518.0",61,"4","959.37",3,3,3,9,"Loyal Customers"
"14128.0",60,"3","924.21",3,3,3,9,"Loyal Customers"
"14529.0",60,"3","620.04",3,3,3,9,"Loyal Customers"
"16698.0",226,"2","1998.00",2,3,4,9,"At Risk"
"14375.0",185,"3","1132.99",3,3,3,9,"Loyal Customers"
"16158.0",522,"9","628.32",1,5,3,9,"At Risk"
"12469.0",522,"2","3070.54",1,3,5,9,"At Risk"
"16222.0",318,"2","1345.22",2,3,4,9,"At Risk"
"15540.0",11,"2","460.68",5,2,2,9,"New Customers"
"15886.0",60,"4","1052.87",3,3,3,9,"Loyal Customers"
"17707.0",185,"8","609.30",3,4,2,9,"Needs Attention"
"13395.0",185,"3","1180.23",3,3,3,9,"Loyal Customers"
"15054.0",12,"2","302.10",5,2,2,9,"New Customers"
"16832.0",184,"5","417.61",3,4,2,9,"Needs Attention"
"12536.0",59,"1","4279.71",3,1,5,9,"Needs Attention"
"13109.0",59,"3","1134.03",3,3,3,9,"Loyal Customers"
"16136.0",59,"4","946.80",3,3,3,9,"Loyal Customers"
"17595.0",12,"2","388.79",5,2,2,9,"New Customers"
"18025.0",379,"6","1177.72",2,4,3,9,"At Risk"
"14954.0",12,"2","503.44",5,2,2,9,"New Customers"
"12679.0",58,"4","951.02",3,3,3,9,"Loyal Customers"
"15831.0",58,"3","801.76",3,3,3,9,"Loyal Customers"
"13019.0",379,"6","1229.95",2,4,3,9,"At Risk"
"14761.0",58,"3","447.92",4,3,2,9,"Needs Attention"
"16467.0",508,"7","2869.16",1,4,4,9,"At Risk"
"16699.0",380,"7","994.60",2,4,3,9,"At Risk"
"14679.0",381,"3","1289.44",2,3,4,9,"At Risk"
"17503.0",2,"2","558.96",5,2,2,9,"New Customers"
"13827.0",57,"3","412.05",4,3,2,9,"Needs Attention"
"12446.0",57,"1","1002.31",4,2,3,9,"New Customers"
"17181.0",57,"3","465.37",4,3,2,9,"Needs Attention"
"14537.0",57,"2","641.40",4,2,3,9,"New Customers"
"16773.0",57,"3","421.24",4,3,2,9,"Needs Attention"
"15813.0",207,"2","1303.91",2,3,4,9,"At Risk"
"16155.0",381,"5","796.90",2,4,3,9,"At Risk"
"13853.0",57,"1","1090.14",4,2,3,9,"New Customers"
"14489.0",207,"4","1574.93",2,3,4,9,"At Risk"
"17771.0",56,"4","386.93",4,3,2,9,"Needs Attention"
"12719.0",5,"2","572.95",5,2,2,9,"New Customers"
"17232.0",2,"2","421.52",5,2,2,9,"New Customers"
"18228.0",56,"2","779.90",4,2,3,9,"New Customers"
"16614.0",182,"3","1179.79",3,3,3,9,"Loyal Customers"
"15440.0",54,"3","383.68",4,3,2,9,"Needs Attention"
"15883.0",2,"2","396.48",5,2,2,9,"New Customers"
"14478.0",382,"4","1276.66",2,3,4,9,"At Risk"
"14994.0",382,"5","956.68",2,4,3,9,"At Risk"
"15066.0",53,"1","893.59",4,2,3,9,"New Customers"
"13936.0",179,"3","939.66",3,3,3,9,"Loyal Customers"
"16737.0",53,"2","835.20",4,2,3,9,"New Customers"
"17785.0",53,"3","403.38",4,3,2,9,"Needs Attention"
"16932.0",53,"3","440.71",4,3,2,9,"Needs Attention"
"13332.0",14,"1","350.90",5,2,2,9,"New Customers"
"14703.0",14,"1","318.17",5,2,2,9,"New Customers"
"16946.0",383,"5","1222.04",2,4,3,9,"At Risk"
"14381.0",52,"2","631.34",4,2,3,9,"New Customers"
"14015.0",52,"1","917.34",4,2,3,9,"New Customers"
"12611.0",52,"1","1193.32",4,2,3,9,"New Customers"
"17767.0",15,"2","413.05",5,2,2,9,"New Customers"
"16616.0",15,"2","500.42",5,2,2,9,"New Customers"
"13156.0",385,"3","1586.54",2,3,4,9,"At Risk"
"13665.0",386,"3","1711.66",2,3,4,9,"At Risk"
"17458.0",15,"2","529.58",5,2,2,9,"New Customers"
"17749.0",178,"3","1026.18",3,3,3,9,"Loyal Customers"
"14539.0",15,"2","537.48",5,2,2,9,"New Customers"
"12573.0",227,"5","717.41",2,4,3,9,"At Risk"
"15006.0",51,"2","820.19",4,2,3,9,"New Customers"
"12713.0",0,"1","794.55",5,1,3,9,"New Customers"
"16588.0",386,"4","1361.28",2,3,4,9,"At Risk"
"13899.0",16,"2","388.52",5,2,2,9,"New Customers"
"16631.0",481,"7","1892.52",1,4,4,9,"At Risk"
"15949.0",16,"2","364.72",5,2,2,9,"New Customers"
"14581.0",16,"2","433.80",5,2,2,9,"New Customers"
"16260.0",50,"1","1035.45",4,2,3,9,"New Customers"
"14335.0",16,"2","468.26",5,2,2,9,"New Customers"
"12452.0",16,"1","348.57",5,2,2,9,"New Customers"
"16004.0",474,"5","2146.39",1,4,4,9,"At Risk"
"13669.0",50,"3","413.55",4,3,2,9,"Needs Attention"
"12765.0",472,"6","1299.58",1,4,4,9,"At Risk"
"13974.0",49,"2","677.72",4,2,3,9,"New Customers"
"16314.0",389,"3","1491.40",2,3,4,9,"At Risk"
"14731.0",47,"3","380.02",4,3,2,9,"Needs Attention"
"13951.0",176,"3","674.45",3,3,3,9,"Loyal Customers"
"13005.0",173,"4","999.68",3,3,3,9,"Loyal Customers"
"17616.0",173,"4","1060.80",3,3,3,9,"Loyal Customers"
"13478.0",469,"5","2215.78",1,4,4,9,"At Risk"
"12398.0",45,"1","1435.66",4,1,4,9,"New Customers"
"13403.0",17,"3","229.50",5,3,1,9,"Needs Attention"
"18258.0",464,"6","2059.67",1,4,4,9,"At Risk"
"15634.0",17,"2","554.65",5,2,2,9,"New Customers"
"16290.0",464,"4","2069.30",1,4,4,9,"At Risk"
"17917.0",45,"3","341.28",4,3,2,9,"Needs Attention"
"17928.0",45,"3","313.16",4,3,2,9,"Needs Attention"
"16199.0",392,"7","942.75",2,4,3,9,"At Risk"
"13293.0",392,"6","1192.94",2,4,3,9,"At Risk"
"16352.0",17,"2","494.44",5,2,2,9,"New Customers"
"17453.0",17,"2","486.72",5,2,2,9,"New Customers"
"16805.0",173,"4","1082.24",3,3,3,9,"Loyal Customers"
"13857.0",393,"6","1000.91",2,4,3,9,"At Risk"
"12585.0",234,"2","1824.10",2,3,4,9,"At Risk"
"16956.0",17,"1","308.74",5,2,2,9,"New Customers"
"12879.0",44,"3","573.22",4,3,2,9,"Needs Attention"
"15699.0",17,"1","309.65",5,2,2,9,"New Customers"
"17459.0",43,"2","657.30",4,2,3,9,"New Customers"
"13986.0",17,"1","320.46",5,2,2,9,"New Customers"
"14716.0",43,"3","565.45",4,3,2,9,"Needs Attention"
"15659.0",43,"3","532.49",4,3,2,9,"Needs Attention"
"14424.0",17,"1","322.08",5,2,2,9,"New Customers"
"14615.0",394,"5","951.76",2,4,3,9,"At Risk"
"13739.0",18,"2","292.20",5,2,2,9,"New Customers"
"13101.0",234,"4","695.40",2,4,3,9,"At Risk"
"15163.0",18,"2","304.47",5,2,2,9,"New Customers"
"13673.0",18,"2","396.92",5,2,2,9,"New Customers"
"15141.0",457,"7","1388.47",1,4,4,9,"At Risk"
"12658.0",18,"1","632.05",5,1,3,9,"New Customers"
"12904.0",18,"2","509.58",5,2,2,9,"New Customers"
"13812.0",42,"3","485.00",4,3,2,9,"Needs Attention"
"15115.0",18,"2","531.85",5,2,2,9,"New Customers"
"15921.0",172,"4","792.46",3,3,3,9,"Loyal Customers"
"15972.0",456,"5","1810.27",1,4,4,9,"At Risk"
"16306.0",213,"7","1192.82",2,4,3,9,"At Risk"
"16032.0",456,"6","1970.45",1,4,4,9,"At Risk"
"14179.0",40,"2","719.78",4,2,3,9,"New Customers"
"14275.0",395,"6","1189.38",2,4,3,9,"At Risk"
"15877.0",1,"2","493.28",5,2,2,9,"New Customers"
"17726.0",395,"7","1092.06",2,4,3,9,"At Risk"
"15857.0",18,"2","570.48",5,2,2,9,"New Customers"
"12795.0",18,"1","318.48",5,2,2,9,"New Customers"
"15441.0",396,"3","1254.21",2,3,4,9,"At Risk"
"14998.0",170,"4","770.73",3,3,3,9,"Loyal Customers"
"13142.0",19,"1","307.09",5,2,2,9,"New Customers"
"13377.0",396,"2","1552.88",2,3,4,9,"At Risk"
"15629.0",450,"4","2240.90",1,4,4,9,"At Risk"
"16127.0",39,"2","801.31",4,2,3,9,"New Customers"
"14052.0",19,"2","480.81",5,2,2,9,"New Customers"
"17733.0",38,"2","692.19",4,2,3,9,"New Customers"
"13154.0",399,"3","1624.84",2,3,4,9,"At Risk"
"13937.0",169,"2","880.13",3,3,3,9,"Loyal Customers"
"15963.0",19,"2","470.76",5,2,2,9,"New Customers"
"18110.0",19,"2","435.43",5,2,2,9,"New Customers"
"18270.0",38,"3","444.55",4,3,2,9,"Needs Attention"
"15018.0",38,"3","607.46",4,3,2,9,"Needs Attention"
"13443.0",448,"6","1276.37",1,4,4,9,"At Risk"
"14068.0",320,"4","1528.37",2,3,4,9,"At Risk"
"15576.0",37,"1","940.67",4,2,3,9,"New Customers"
"13565.0",19,"3","414.80",4,3,2,9,"Needs Attention"
"16706.0",37,"3","531.35",4,3,2,9,"Needs Attention"
"16647.0",169,"4","541.90",3,4,2,9,"Needs Attention"
"13954.0",1,"2","439.92",5,2,2,9,"New Customers"
"16602.0",36,"2","763.33",4,2,3,9,"New Customers"
"17387.0",19,"2","784.11",4,2,3,9,"New Customers"
"17816.0",36,"6","112.32",4,4,1,9,"Needs Attention"
"18081.0",36,"3","343.45",4,3,2,9,"Needs Attention"
"12389.0",402,"3","1433.33",2,3,4,9,"At Risk"
"17425.0",19,"2","759.17",4,2,3,9,"New Customers"
"14815.0",36,"2","778.50",4,2,3,9,"New Customers"
"13721.0",36,"2","741.54",4,2,3,9,"New Customers"
"14150.0",35,"2","658.64",4,2,3,9,"New Customers"
"14592.0",35,"3","570.46",4,3,2,9,"Needs Attention"
"17233.0",35,"3","560.86",4,3,2,9,"Needs Attention"
"17384.0",19,"3","507.55",4,3,2,9,"Needs Attention"
"17704.0",168,"2","885.19",3,3,3,9,"Loyal Customers"
"14933.0",443,"4","1770.00",1,4,4,9,"At Risk"
"15644.0",166,"4","813.00",3,3,3,9,"Loyal Customers"
"15439.0",404,"4","1269.05",2,3,4,9,"At Risk"
"13453.0",165,"3","781.69",3,3,3,9,"Loyal Customers"
"16488.0",33,"3","498.80",4,3,2,9,"Needs Attention"
"14490.0",406,"2","1273.47",2,3,4,9,"At Risk"
"15368.0",21,"2","722.74",4,2,3,9,"New Customers"
"18030.0",4,"2","230.65",5,2,1,8,"New Customers"
"13439.0",255,"3","986.61",2,3,3,8,"At Risk"
"16690.0",72,"4","353.03",3,3,2,8,"Needs Attention"
"14922.0",393,"2","843.74",2,3,3,8,"At Risk"
"15036.0",72,"3","465.55",3,3,2,8,"Needs Attention"
"17737.0",9,"2","168.24",5,2,1,8,"New Customers"
"14142.0",373,"2","983.15",2,3,3,8,"At Risk"
"18192.0",71,"1","957.97",3,2,3,8,"Needs Attention"
"18262.0",140,"3","577.54",3,3,2,8,"Needs Attention"
"15280.0",172,"3","406.22",3,3,2,8,"Needs Attention"
"15715.0",555,"5","658.02",1,4,3,8,"At Risk"
"14605.0",374,"4","936.31",2,3,3,8,"At Risk"
"17580.0",252,"5","542.32",2,4,2,8,"Needs Attention"
"16268.0",71,"2","667.65",3,2,3,8,"Needs Attention"
"15691.0",252,"4","571.30",2,4,2,8,"Needs Attention"
"18039.0",374,"4","579.17",2,4,2,8,"Needs Attention"
"14768.0",17,"2","192.60",5,2,1,8,"New Customers"
"16827.0",393,"5","387.18",2,4,2,8,"Needs Attention"
"15890.0",394,"5","535.65",2,4,2,8,"Needs Attention"
"13781.0",250,"3","778.83",2,3,3,8,"At Risk"
"15986.0",30,"2","354.42",4,2,2,8,"New Customers"
"14950.0",19,"1","371.20",4,2,2,8,"New Customers"
"13945.0",394,"2","854.15",2,3,3,8,"At Risk"
"12544.0",36,"1","316.70",4,2,2,8,"New Customers"
"16112.0",143,"4","195.74",3,4,1,8,"Needs Attention"
"17492.0",248,"3","1122.42",2,3,3,8,"At Risk"
"18218.0",211,"4","1142.00",2,3,3,8,"At Risk"
"18053.0",70,"3","571.07",3,3,2,8,"Needs Attention"
"15960.0",374,"4","410.95",2,4,2,8,"Needs Attention"
"16223.0",374,"2","1102.35",2,3,3,8,"At Risk"
"16862.0",547,"4","662.33",1,4,3,8,"At Risk"
"17301.0",21,"2","330.43",4,2,2,8,"New Customers"
"15004.0",147,"1","1245.93",3,1,4,8,"Needs Attention"
"14831.0",680,"3","1676.57",1,3,4,8,"At Risk"
"14722.0",147,"3","513.37",3,3,2,8,"Needs Attention"
"17756.0",375,"3","733.70",2,3,3,8,"At Risk"
"15879.0",404,"4","1157.30",2,3,3,8,"At Risk"
"15917.0",247,"5","560.63",2,4,2,8,"Needs Attention"
"16117.0",189,"3","654.40",2,3,3,8,"At Risk"
"16118.0",652,"1","4376.25",1,2,5,8,"Lost Customers"
"14488.0",67,"1","1064.28",3,2,3,8,"Needs Attention"
"12580.0",246,"2","962.90",2,3,3,8,"At Risk"
"12369.0",413,"3","1511.15",1,3,4,8,"At Risk"
"14873.0",210,"2","854.13",2,3,3,8,"At Risk"
"13189.0",18,"2","260.68",5,2,1,8,"New Customers"
"12405.0",148,"1","1390.39",3,1,4,8,"Needs Attention"
"12601.0",189,"6","573.26",2,4,2,8,"Needs Attention"
"15109.0",245,"3","983.10",2,3,3,8,"At Risk"
"17708.0",187,"4","887.93",2,3,3,8,"At Risk"
"13921.0",402,"4","730.70",2,3,3,8,"At Risk"
"18121.0",149,"2","673.10",3,2,3,8,"Needs Attention"
"14968.0",30,"2","501.24",4,2,2,8,"New Customers"
"14924.0",245,"3","931.01",2,3,3,8,"At Risk"
"14510.0",375,"3","1007.28",2,3,3,8,"At Risk"
"14248.0",318,"3","1032.95",2,3,3,8,"At Risk"
"15246.0",238,"3","780.40",2,3,3,8,"At Risk"
"13792.0",66,"3","383.95",3,3,2,8,"Needs Attention"
"15045.0",151,"2","735.66",3,2,3,8,"Needs Attention"
"14520.0",1,"2","270.60",5,2,1,8,"New Customers"
"15127.0",65,"2","711.50",3,2,3,8,"Needs Attention"
"13713.0",408,"3","743.26",2,3,3,8,"At Risk"
"12895.0",42,"2","372.80",4,2,2,8,"New Customers"
"17647.0",65,"3","331.66",3,3,2,8,"Needs Attention"
"14182.0",443,"4","678.77",1,4,3,8,"At Risk"
"17839.0",42,"1","338.80",4,2,2,8,"New Customers"
"13754.0",151,"3","447.05",3,3,2,8,"Needs Attention"
"13404.0",1,"2","252.49",5,2,1,8,"New Customers"
"13642.0",215,"4","514.72",2,4,2,8,"Needs Attention"
"14552.0",151,"3","511.28",3,3,2,8,"Needs Attention"
"16977.0",395,"4","496.00",2,4,2,8,"Needs Attention"
"16643.0",245,"2","923.11",2,3,3,8,"At Risk"
"12960.0",413,"4","1322.07",1,3,4,8,"At Risk"
"15837.0",64,"2","777.01",3,2,3,8,"Needs Attention"
"12605.0",376,"3","1124.95",2,3,3,8,"At Risk"
"16947.0",235,"4","946.71",2,3,3,8,"At Risk"
"17403.0",36,"2","400.57",4,2,2,8,"New Customers"
"12832.0",32,"2","383.03",4,2,2,8,"New Customers"
"13955.0",154,"3","545.17",3,3,2,8,"Needs Attention"
"13422.0",64,"1","2626.30",3,1,4,8,"Needs Attention"
"14785.0",10,"2","77.40",5,2,1,8,"New Customers"
"16623.0",245,"4","1015.24",2,3,3,8,"At Risk"
"16227.0",225,"3","1027.22",2,3,3,8,"At Risk"
"12532.0",30,"1","313.83",4,2,2,8,"New Customers"
"12781.0",63,"2","786.74",3,2,3,8,"Needs Attention"
"12897.0",204,"4","514.25",2,4,2,8,"Needs Attention"
"16608.0",453,"2","1288.72",1,3,4,8,"At Risk"
"12519.0",63,"2","636.54",3,2,3,8,"Needs Attention"
"17078.0",36,"2","375.86",4,2,2,8,"New Customers"
"17363.0",395,"3","940.86",2,3,3,8,"At Risk"
"16852.0",10,"2","144.91",5,2,1,8,"New Customers"
"12492.0",63,"3","607.21",3,3,2,8,"Needs Attention"
"14636.0",36,"2","609.85",4,2,2,8,"New Customers"
"17447.0",40,"2","541.53",4,2,2,8,"New Customers"
"15512.0",155,"4","331.58",3,3,2,8,"Needs Attention"
"13699.0",155,"2","764.15",3,2,3,8,"Needs Attention"
"17379.0",11,"1","404.66",5,1,2,8,"New Customers"
"12984.0",18,"1","97.50",5,2,1,8,"New Customers"
"17806.0",11,"1","546.04",5,1,2,8,"New Customers"
"14564.0",434,"2","2605.62",1,3,4,8,"At Risk"
"17332.0",528,"5","827.77",1,4,3,8,"At Risk"
"13891.0",378,"3","863.56",2,3,3,8,"At Risk"
"15210.0",225,"3","1176.19",2,3,3,8,"At Risk"
"17003.0",402,"4","830.16",2,3,3,8,"At Risk"
"16380.0",61,"1","1780.59",3,1,4,8,"Needs Attention"
"17952.0",378,"4","819.61",2,3,3,8,"At Risk"
"17440.0",156,"4","323.58",3,3,2,8,"Needs Attention"
"16254.0",378,"3","985.14",2,3,3,8,"At Risk"
"16921.0",61,"3","446.67",3,3,2,8,"Needs Attention"
"15258.0",168,"2","623.16",3,2,3,8,"Needs Attention"
"15334.0",156,"3","348.72",3,3,2,8,"Needs Attention"
"14326.0",242,"3","940.98",2,3,3,8,"At Risk"
"17359.0",11,"2","284.46",5,2,1,8,"New Customers"
"12607.0",60,"1","1579.51",3,1,4,8,"Needs Attention"
"16138.0",378,"3","910.35",2,3,3,8,"At Risk"
"15390.0",396,"2","1216.66",2,3,3,8,"At Risk"
"13613.0",452,"5","1039.85",1,4,3,8,"At Risk"
"17132.0",452,"2","1272.80",1,3,4,8,"At Risk"
"13666.0",60,"5","127.05",3,4,1,8,"Needs Attention"
"14616.0",242,"5","527.78",2,4,2,8,"Needs Attention"
"15084.0",379,"2","965.20",2,3,3,8,"At Risk"
"13484.0",241,"3","790.72",2,3,3,8,"At Risk"
"16860.0",452,"3","1610.62",1,3,4,8,"At Risk"
"12479.0",11,"1","473.20",5,1,2,8,"New Customers"
"18005.0",3,"2","249.72",5,2,1,8,"New Customers"
"15721.0",11,"1","507.08",5,1,2,8,"New Customers"
"16526.0",171,"2","717.21",3,2,3,8,"Needs Attention"
"14695.0",519,"3","1620.07",1,3,4,8,"At Risk"
"17462.0",60,"2","675.69",3,2,3,8,"Needs Attention"
"12478.0",3,"1","545.99",5,1,2,8,"New Customers"
"16776.0",60,"2","619.85",3,2,3,8,"Needs Attention"
"16231.0",379,"4","1078.22",2,3,3,8,"At Risk"
"17746.0",240,"4","904.18",2,3,3,8,"At Risk"
"13288.0",443,"5","927.61",1,4,3,8,"At Risk"
"17342.0",379,"4","1227.54",2,3,3,8,"At Risk"
"15248.0",411,"3","1893.93",1,3,4,8,"At Risk"
"12926.0",411,"4","1548.08",1,3,4,8,"At Risk"
"15420.0",434,"6","743.00",1,4,3,8,"At Risk"
"13283.0",59,"4","373.36",3,3,2,8,"Needs Attention"
"18082.0",25,"1","703.37",4,1,3,8,"New Customers"
"13074.0",511,"4","1378.74",1,3,4,8,"At Risk"
"17985.0",22,"1","634.95",4,1,3,8,"New Customers"
"15617.0",396,"3","828.55",2,3,3,8,"At Risk"
"14093.0",12,"1","442.85",5,1,2,8,"New Customers"
"14370.0",450,"6","1175.78",1,4,3,8,"At Risk"
"17489.0",58,"2","376.64",4,2,2,8,"New Customers"
"15458.0",25,"2","370.44",4,2,2,8,"New Customers"
"17167.0",379,"3","867.11",2,3,3,8,"At Risk"
"17658.0",25,"2","595.42",4,2,2,8,"New Customers"
"13371.0",505,"2","2297.66",1,3,4,8,"At Risk"
"16936.0",25,"2","551.17",4,2,2,8,"New Customers"
"18117.0",25,"1","319.47",4,2,2,8,"New Customers"
"17998.0",380,"3","639.24",2,3,3,8,"At Risk"
"14416.0",22,"2","490.22",4,2,2,8,"New Customers"
"17635.0",424,"3","1265.58",1,3,4,8,"At Risk"
"13978.0",14,"2","196.79",5,2,1,8,"New Customers"
"15946.0",502,"3","2304.18",1,3,4,8,"At Risk"
"17793.0",25,"1","323.04",4,2,2,8,"New Customers"
"16894.0",502,"3","1324.06",1,3,4,8,"At Risk"
"13201.0",502,"4","1240.61",1,3,4,8,"At Risk"
"16431.0",213,"3","642.81",2,3,3,8,"At Risk"
"17277.0",227,"2","1065.35",2,3,3,8,"At Risk"
"15780.0",183,"3","475.28",3,3,2,8,"Needs Attention"
"12878.0",236,"2","854.99",2,3,3,8,"At Risk"
"12571.0",39,"2","519.61",4,2,2,8,"New Customers"
"15010.0",35,"1","308.94",4,2,2,8,"New Customers"
"14975.0",57,"2","472.39",4,2,2,8,"New Customers"
"13433.0",501,"4","658.32",1,4,3,8,"At Risk"
"15667.0",39,"1","301.32",4,2,2,8,"New Customers"
"13474.0",236,"3","663.79",2,3,3,8,"At Risk"
"13930.0",57,"2","337.34",4,2,2,8,"New Customers"
"12805.0",381,"4","1230.95",2,3,3,8,"At Risk"
"16318.0",35,"1","328.15",4,2,2,8,"New Customers"
"15597.0",35,"2","563.37",4,2,2,8,"New Customers"
"12813.0",501,"3","1621.80",1,3,4,8,"At Risk"
"13686.0",182,"3","409.04",3,3,2,8,"Needs Attention"
"17127.0",428,"5","1155.03",1,4,3,8,"At Risk"
"14202.0",381,"3","847.76",2,3,3,8,"At Risk"
"16413.0",56,"2","528.98",4,2,2,8,"New Customers"
"12552.0",39,"1","317.82",4,2,2,8,"New Customers"
"17274.0",35,"2","577.38",4,2,2,8,"New Customers"
"14946.0",14,"1","100.90",5,2,1,8,"New Customers"
"15423.0",38,"3","266.89",4,3,1,8,"Needs Attention"
"16971.0",38,"1","357.21",4,2,2,8,"New Customers"
"17892.0",56,"3","244.10",4,3,1,8,"Needs Attention"
"15151.0",423,"2","2085.61",1,3,4,8,"At Risk"
"17105.0",159,"2","665.78",3,2,3,8,"Needs Attention"
"16674.0",54,"2","319.61",4,2,2,8,"New Customers"
"17713.0",382,"4","1198.09",2,3,3,8,"At Risk"
"14780.0",54,"2","447.68",4,2,2,8,"New Customers"
"15377.0",382,"4","1211.75",2,3,3,8,"At Risk"
"12944.0",35,"2","604.51",4,2,2,8,"New Customers"
"15545.0",54,"2","428.05",4,2,2,8,"New Customers"
"18026.0",500,"2","2074.07",1,3,4,8,"At Risk"
"16052.0",54,"1","362.06",4,2,2,8,"New Customers"
"14823.0",180,"3","321.43",3,3,2,8,"Needs Attention"
"16787.0",397,"4","1035.43",2,3,3,8,"At Risk"
"15792.0",399,"2","933.84",2,3,3,8,"At Risk"
"13976.0",206,"4","1192.36",2,3,3,8,"At Risk"
"16545.0",164,"2","689.82",3,2,3,8,"Needs Attention"
"13855.0",500,"4","1310.34",1,3,4,8,"At Risk"
"13833.0",159,"2","701.36",3,2,3,8,"Needs Attention"
"12639.0",238,"3","1072.37",2,3,3,8,"At Risk"
"15064.0",410,"4","1254.41",1,3,4,8,"At Risk"
"12508.0",26,"2","398.27",4,2,2,8,"New Customers"
"15429.0",26,"2","397.35",4,2,2,8,"New Customers"
"13221.0",240,"2","844.86",2,3,3,8,"At Risk"
"15887.0",406,"3","1027.15",2,3,3,8,"At Risk"
"15069.0",179,"1","1109.53",3,2,3,8,"Needs Attention"
"16423.0",24,"1","346.12",4,2,2,8,"New Customers"
"12384.0",28,"2","425.27",4,2,2,8,"New Customers"
"13923.0",53,"1","351.13",4,2,2,8,"New Customers"
"15598.0",53,"2","548.02",4,2,2,8,"New Customers"
"16834.0",227,"2","898.96",2,3,3,8,"At Risk"
"17408.0",163,"3","316.09",3,3,2,8,"Needs Attention"
"13594.0",52,"2","533.32",4,2,2,8,"New Customers"
"15736.0",435,"2","1815.72",1,3,4,8,"At Risk"
"15725.0",15,"1","415.25",5,1,2,8,"New Customers"
"15077.0",494,"2","2428.08",1,3,4,8,"At Risk"
"12874.0",385,"2","873.42",2,3,3,8,"At Risk"
"17529.0",610,"2","1240.25",1,3,4,8,"At Risk"
"15798.0",492,"3","1535.37",1,3,4,8,"At Risk"
"13696.0",421,"3","2020.40",1,3,4,8,"At Risk"
"16189.0",15,"2","215.48",5,2,1,8,"New Customers"
"12629.0",385,"2","1198.22",2,3,3,8,"At Risk"
"16597.0",4,"1","90.04",5,2,1,8,"New Customers"
"17357.0",24,"2","388.14",4,2,2,8,"New Customers"
"17683.0",385,"3","819.01",2,3,3,8,"At Risk"
"17824.0",51,"1","298.40",4,2,2,8,"New Customers"
"17973.0",51,"1","337.04",4,2,2,8,"New Customers"
"16228.0",385,"3","890.81",2,3,3,8,"At Risk"
"13153.0",5,"1","486.22",5,1,2,8,"New Customers"
"13970.0",386,"2","846.55",2,3,3,8,"At Risk"
"14517.0",33,"2","330.45",4,2,2,8,"New Customers"
"13058.0",24,"3","271.40",4,3,1,8,"Needs Attention"
"13066.0",24,"2","470.80",4,2,2,8,"New Customers"
"12596.0",51,"2","450.27",4,2,2,8,"New Customers"
"14799.0",51,"2","338.15",4,2,2,8,"New Customers"
"17510.0",24,"2","514.56",4,2,2,8,"New Customers"
"16826.0",51,"1","341.70",4,2,2,8,"New Customers"
"13996.0",386,"2","895.76",2,3,3,8,"At Risk"
"16123.0",51,"1","307.78",4,2,2,8,"New Customers"
"13904.0",37,"2","332.64",4,2,2,8,"New Customers"
"13783.0",487,"4","1542.09",1,3,4,8,"At Risk"
"15524.0",24,"2","591.40",4,2,2,8,"New Customers"
"15121.0",50,"2","457.72",4,2,2,8,"New Customers"
"14923.0",50,"1","749.10",4,1,3,8,"New Customers"
"17421.0",386,"3","1059.41",2,3,3,8,"At Risk"
"16433.0",28,"2","384.52",4,2,2,8,"New Customers"
"14354.0",5,"2","163.62",5,2,1,8,"New Customers"
"15817.0",420,"3","2766.40",1,3,4,8,"At Risk"
"15432.0",23,"2","320.76",4,2,2,8,"New Customers"
"12445.0",22,"2","378.98",4,2,2,8,"New Customers"
"16505.0",31,"1","777.60",4,1,3,8,"New Customers"
"16644.0",177,"2","833.78",3,2,3,8,"Needs Attention"
"17637.0",31,"2","547.06",4,2,2,8,"New Customers"
"15275.0",37,"1","615.14",4,1,3,8,"New Customers"
"14495.0",50,"3","174.80",4,3,1,8,"Needs Attention"
"15153.0",31,"1","329.25",4,2,2,8,"New Customers"
"17536.0",177,"3","364.83",3,3,2,8,"Needs Attention"
"16707.0",400,"4","551.11",2,4,2,8,"Needs Attention"
"12556.0",50,"2","603.71",4,2,2,8,"New Customers"
"17310.0",387,"2","1025.10",2,3,3,8,"At Risk"
"18286.0",476,"2","1296.43",1,3,4,8,"At Risk"
"18040.0",19,"2","357.20",4,2,2,8,"New Customers"
"15003.0",473,"6","1060.70",1,4,3,8,"At Risk"
"16855.0",23,"2","328.40",4,2,2,8,"New Customers"
"13361.0",472,"2","1450.50",1,3,4,8,"At Risk"
"12591.0",317,"3","1128.15",2,3,3,8,"At Risk"
"12603.0",21,"1","613.20",4,1,3,8,"New Customers"
"13795.0",388,"4","836.30",2,3,3,8,"At Risk"
"14065.0",389,"3","891.02",2,3,3,8,"At Risk"
"12617.0",29,"1","355.53",4,2,2,8,"New Customers"
"15219.0",176,"2","685.45",3,2,3,8,"Needs Attention"
"13606.0",29,"3","280.54",4,3,1,8,"Needs Attention"
"15876.0",409,"2","1449.14",1,3,4,8,"At Risk"
"14765.0",29,"3","254.11",4,3,1,8,"Needs Attention"
"13922.0",351,"3","865.20",2,3,3,8,"At Risk"
"15396.0",112,"2","796.38",3,2,3,8,"Needs Attention"
"13304.0",351,"4","1217.99",2,3,3,8,"At Risk"
"17963.0",471,"4","651.51",1,4,3,8,"At Risk"
"16763.0",198,"2","964.70",2,3,3,8,"At Risk"
"16739.0",176,"2","786.43",3,2,3,8,"Needs Attention"
"15562.0",351,"3","673.38",2,3,3,8,"At Risk"
"12593.0",108,"3","382.10",3,3,2,8,"Needs Attention"
"16471.0",274,"4","1189.98",2,3,3,8,"At Risk"
"15160.0",357,"4","589.27",2,4,2,8,"Needs Attention"
"18018.0",108,"4","297.99",3,3,2,8,"Needs Attention"
"14350.0",274,"3","972.03",2,3,3,8,"At Risk"
"16296.0",626,"4","1313.67",1,3,4,8,"At Risk"
"16766.0",273,"2","1145.60",2,3,3,8,"At Risk"
"15934.0",417,"2","2190.66",1,3,4,8,"At Risk"
"16927.0",115,"3","543.05",3,3,2,8,"Needs Attention"
"15522.0",32,"2","398.84",4,2,2,8,"New Customers"
"16854.0",417,"2","1408.96",1,3,4,8,"At Risk"
"17111.0",47,"2","476.58",4,2,2,8,"New Customers"
"14009.0",198,"3","1099.91",2,3,3,8,"At Risk"
"12866.0",283,"3","1092.35",2,3,3,8,"At Risk"
"13166.0",283,"2","884.18",2,3,3,8,"At Risk"
"16309.0",106,"2","706.57",3,2,3,8,"Needs Attention"
"18249.0",17,"1","95.34",5,2,1,8,"New Customers"
"16902.0",116,"1","1706.88",3,1,4,8,"Needs Attention"
"13592.0",35,"4","247.96",4,3,1,8,"Needs Attention"
"16392.0",269,"3","761.80",2,3,3,8,"At Risk"
"17691.0",358,"4","780.05",2,3,3,8,"At Risk"
"17740.0",389,"6","426.90",2,4,2,8,"Needs Attention"
"14658.0",5,"2","247.15",5,2,1,8,"New Customers"
"13684.0",285,"4","596.98",2,4,2,8,"Needs Attention"
"15277.0",46,"2","476.34",4,2,2,8,"New Customers"
"16943.0",211,"3","816.73",2,3,3,8,"At Risk"
"12361.0",287,"4","451.25",2,4,2,8,"Needs Attention"
"12945.0",288,"2","900.11",2,3,3,8,"At Risk"
"16997.0",288,"3","702.00",2,3,3,8,"At Risk"
"13299.0",268,"3","1218.70",2,3,3,8,"At Risk"
"12837.0",173,"2","688.41",3,2,3,8,"Needs Attention"
"13295.0",359,"4","1101.97",2,3,3,8,"At Risk"
"17525.0",359,"3","1161.90",2,3,3,8,"At Risk"
"13261.0",268,"2","944.10",2,3,3,8,"At Risk"
"13449.0",23,"1","291.88",4,2,2,8,"New Customers"
"15690.0",4,"2","239.76",5,2,1,8,"New Customers"
"16780.0",100,"3","605.55",3,3,2,8,"Needs Attention"
"15689.0",119,"3","521.03",3,3,2,8,"Needs Attention"
"15303.0",290,"3","1224.18",2,3,3,8,"At Risk"
"16838.0",197,"4","1159.61",2,3,3,8,"At Risk"
"13948.0",360,"4","548.76",2,4,2,8,"Needs Attention"
"15829.0",99,"2","636.14",3,2,3,8,"Needs Attention"
"17544.0",390,"3","960.69",2,3,3,8,"At Risk"
"17548.0",233,"4","731.26",2,3,3,8,"At Risk"
"16050.0",173,"3","300.70",3,3,2,8,"Needs Attention"
"17936.0",5,"1","389.84",5,1,2,8,"New Customers"
"12981.0",29,"2","372.22",4,2,2,8,"New Customers"
"16300.0",430,"3","1392.43",1,3,4,8,"At Risk"
"14909.0",437,"3","1404.68",1,3,4,8,"At Risk"
"16999.0",23,"2","484.82",4,2,2,8,"New Customers"
"17309.0",95,"3","330.59",3,3,2,8,"Needs Attention"
"14413.0",362,"4","770.37",2,3,3,8,"At Risk"
"17239.0",312,"4","1189.45",2,3,3,8,"At Risk"
"17251.0",362,"3","812.43",2,3,3,8,"At Risk"
"15314.0",199,"3","820.45",2,3,3,8,"At Risk"
"16356.0",197,"6","415.87",2,4,2,8,"Needs Attention"
"17334.0",302,"3","635.15",2,3,3,8,"At Risk"
"14672.0",234,"4","1113.14",2,3,3,8,"At Risk"
"15970.0",303,"2","1017.32",2,3,3,8,"At Risk"
"17339.0",94,"3","362.36",3,3,2,8,"Needs Attention"
"18104.0",37,"1","754.64",4,1,3,8,"New Customers"
"14600.0",305,"2","865.17",2,3,3,8,"At Risk"
"16565.0",364,"4","773.05",2,3,3,8,"At Risk"
"18248.0",122,"2","804.02",3,2,3,8,"Needs Attention"
"15723.0",364,"4","947.65",2,3,3,8,"At Risk"
"12785.0",364,"3","904.40",2,3,3,8,"At Risk"
"13745.0",162,"2","777.36",3,2,3,8,"Needs Attention"
"17901.0",29,"3","260.08",4,3,1,8,"Needs Attention"
"15695.0",266,"4","1131.04",2,3,3,8,"At Risk"
"17344.0",46,"2","468.11",4,2,2,8,"New Customers"
"14048.0",305,"3","748.69",2,3,3,8,"At Risk"
"17880.0",364,"3","824.92",2,3,3,8,"At Risk"
"12793.0",334,"3","849.33",2,3,3,8,"At Risk"
"13809.0",305,"3","679.70",2,3,3,8,"At Risk"
"15092.0",215,"3","776.46",2,3,3,8,"At Risk"
"13441.0",91,"2","720.90",3,2,3,8,"Needs Attention"
"12956.0",306,"4","521.89",2,4,2,8,"Needs Attention"
"12535.0",91,"2","716.35",3,2,3,8,"Needs Attention"
"14355.0",365,"3","1014.45",2,3,3,8,"At Risk"
"17392.0",306,"3","620.56",2,3,3,8,"At Risk"
"17137.0",416,"6","1133.63",1,4,3,8,"At Risk"
"14079.0",124,"2","618.73",3,2,3,8,"Needs Attention"
"14500.0",88,"3","356.85",3,3,2,8,"Needs Attention"
"15945.0",365,"4","827.27",2,3,3,8,"At Risk"
"17456.0",365,"2","1225.42",2,3,3,8,"At Risk"
"14932.0",365,"2","1029.66",2,3,3,8,"At Risk"
"15717.0",234,"5","607.00",2,4,2,8,"Needs Attention"
"14746.0",406,"4","593.50",2,4,2,8,"Needs Attention"
"17374.0",218,"3","727.11",2,3,3,8,"At Risk"
"13543.0",634,"2","1439.61",1,3,4,8,"At Risk"
"12410.0",308,"3","773.71",2,3,3,8,"At Risk"
"13817.0",29,"2","328.98",4,2,2,8,"New Customers"
"17037.0",87,"1","1267.32",3,1,4,8,"Needs Attention"
"14528.0",37,"1","364.22",4,2,2,8,"New Customers"
"17226.0",308,"3","900.12",2,3,3,8,"At Risk"
"15881.0",312,"5","501.39",2,4,2,8,"Needs Attention"
"16679.0",366,"3","793.06",2,3,3,8,"At Risk"
"15973.0",366,"2","973.44",2,3,3,8,"At Risk"
"16391.0",400,"4","1100.21",2,3,3,8,"At Risk"
"13877.0",86,"3","449.68",3,3,2,8,"Needs Attention"
"15104.0",196,"2","1027.44",2,3,3,8,"At Risk"
"17898.0",85,"4","299.18",3,3,2,8,"Needs Attention"
"16056.0",45,"1","664.85",4,1,3,8,"New Customers"
"17223.0",310,"3","803.53",2,3,3,8,"At Risk"
"17912.0",310,"6","372.55",2,4,2,8,"Needs Attention"
"15205.0",85,"2","653.24",3,2,3,8,"Needs Attention"
"15158.0",45,"2","606.02",4,2,2,8,"New Customers"
"16250.0",261,"3","791.38",2,3,3,8,"At Risk"
"12811.0",261,"4","893.90",2,3,3,8,"At Risk"
"14423.0",218,"3","916.61",2,3,3,8,"At Risk"
"17051.0",194,"4","714.39",2,3,3,8,"At Risk"
"14778.0",127,"2","730.86",3,2,3,8,"Needs Attention"
"14549.0",311,"4","916.55",2,3,3,8,"At Risk"
"15180.0",367,"3","904.43",2,3,3,8,"At Risk"
"16567.0",194,"2","865.60",2,3,3,8,"At Risk"
"16313.0",3,"2","274.15",5,2,1,8,"New Customers"
"17110.0",165,"3","510.70",3,3,2,8,"Needs Attention"
"13563.0",84,"2","777.53",3,2,3,8,"Needs Attention"
"16573.0",84,"2","663.61",3,2,3,8,"Needs Attention"
"16324.0",128,"3","428.68",3,3,2,8,"Needs Attention"
"16708.0",45,"1","656.63",4,1,3,8,"New Customers"
"17860.0",368,"4","1015.54",2,3,3,8,"At Risk"
"13067.0",82,"3","508.51",3,3,2,8,"Needs Attention"
"15947.0",82,"1","1708.24",3,1,4,8,"Needs Attention"
"13360.0",431,"4","1553.65",1,3,4,8,"At Risk"
"12373.0",311,"3","927.65",2,3,3,8,"At Risk"
"12652.0",331,"2","891.03",2,3,3,8,"At Risk"
"12590.0",211,"1","9341.26",2,1,5,8,"Lost Customers"
"12355.0",214,"2","947.61",2,3,3,8,"At Risk"
"12426.0",194,"2","1201.21",2,3,3,8,"At Risk"
"14813.0",369,"4","1090.87",2,3,3,8,"At Risk"
"16769.0",260,"4","1141.75",2,3,3,8,"At Risk"
"13916.0",463,"4","1275.81",1,3,4,8,"At Risk"
"13042.0",598,"3","1556.54",1,3,4,8,"At Risk"
"17024.0",45,"3","95.85",4,3,1,8,"Needs Attention"
"13850.0",129,"1","1595.48",3,1,4,8,"Needs Attention"
"13075.0",129,"1","919.61",3,2,3,8,"Needs Attention"
"13512.0",260,"4","713.39",2,3,3,8,"At Risk"
"17681.0",597,"5","731.20",1,4,3,8,"At Risk"
"13452.0",259,"3","729.80",2,3,3,8,"At Risk"
"12534.0",130,"1","981.18",3,2,3,8,"Needs Attention"
"16624.0",80,"2","810.57",3,2,3,8,"Needs Attention"
"12587.0",7,"1","104.00",5,2,1,8,"New Customers"
"14598.0",44,"2","384.04",4,2,2,8,"New Customers"
"15888.0",80,"3","423.49",3,3,2,8,"Needs Attention"
"14356.0",79,"2","701.23",3,2,3,8,"Needs Attention"
"14887.0",79,"1","1862.00",3,1,4,8,"Needs Attention"
"13816.0",23,"2","499.67",4,2,2,8,"New Customers"
"13479.0",200,"4","851.37",2,3,3,8,"At Risk"
"14199.0",218,"4","1091.70",2,3,3,8,"At Risk"
"13368.0",256,"4","1121.50",2,3,3,8,"At Risk"
"18174.0",7,"2","162.50",5,2,1,8,"New Customers"
"12550.0",79,"1","824.83",3,2,3,8,"Needs Attention"
"15447.0",330,"5","492.88",2,4,2,8,"Needs Attention"
"14942.0",401,"4","746.56",2,3,3,8,"At Risk"
"13108.0",372,"2","1098.52",2,3,3,8,"At Risk"
"17021.0",442,"6","1182.22",1,4,3,8,"At Risk"
"12962.0",7,"2","266.39",5,2,1,8,"New Customers"
"15539.0",7,"1","538.46",5,1,2,8,"New Customers"
"15821.0",44,"2","570.96",4,2,2,8,"New Customers"
"13070.0",192,"4","751.70",2,3,3,8,"At Risk"
"16781.0",372,"2","934.25",2,3,3,8,"At Risk"
"18282.0",7,"2","178.05",5,2,1,8,"New Customers"
"15363.0",372,"2","1004.11",2,3,3,8,"At Risk"
"16810.0",192,"2","842.04",2,3,3,8,"At Risk"
"16715.0",78,"2","625.52",3,2,3,8,"Needs Attention"
"15070.0",372,"3","843.25",2,3,3,8,"At Risk"
"17028.0",581,"3","1593.83",1,3,4,8,"At Risk"
"13407.0",578,"3","2244.70",1,3,4,8,"At Risk"
"14283.0",463,"4","628.44",1,4,3,8,"At Risk"
"14960.0",8,"2","221.27",5,2,1,8,"New Customers"
"12545.0",75,"2","832.39",3,2,3,8,"Needs Attention"
"17761.0",32,"1","712.78",4,1,3,8,"New Customers"
"18155.0",75,"3","371.62",3,3,2,8,"Needs Attention"
"18108.0",254,"3","848.81",2,3,3,8,"At Risk"
"15516.0",44,"3","62.43",4,3,1,8,"Needs Attention"
"16342.0",75,"4","322.41",3,3,2,8,"Needs Attention"
"13730.0",135,"2","752.60",3,2,3,8,"Needs Attention"
"16088.0",575,"2","1437.43",1,3,4,8,"At Risk"
"13992.0",30,"3","219.50",4,3,1,8,"Needs Attention"
"17212.0",253,"3","794.41",2,3,3,8,"At Risk"
"15643.0",191,"3","664.00",2,3,3,8,"At Risk"
"16993.0",463,"2","1950.95",1,3,4,8,"At Risk"
"18057.0",393,"3","1182.39",2,3,3,8,"At Risk"
"12448.0",44,"1","365.45",4,2,2,8,"New Customers"
"13927.0",74,"2","708.26",3,2,3,8,"Needs Attention"
"12806.0",572,"2","2558.96",1,3,4,8,"At Risk"
"17472.0",191,"4","935.10",2,3,3,8,"At Risk"
"14206.0",239,"3","1185.01",2,3,3,8,"At Risk"
"14890.0",253,"3","817.25",2,3,3,8,"At Risk"
"17176.0",201,"3","902.32",2,3,3,8,"At Risk"
"18141.0",401,"2","882.47",2,3,3,8,"At Risk"
"14686.0",414,"5","885.83",1,4,3,8,"At Risk"
"12414.0",217,"4","532.41",2,4,2,8,"Needs Attention"
"18261.0",43,"2","324.24",4,2,2,8,"New Customers"
"12763.0",138,"2","814.16",3,2,3,8,"Needs Attention"
"16048.0",373,"4","1075.23",2,3,3,8,"At Risk"
"18078.0",217,"4","844.60",2,3,3,8,"At Risk"
"14938.0",562,"2","2322.43",1,3,4,8,"At Risk"
"16243.0",33,"2","409.10",4,2,2,8,"New Customers"
"16109.0",218,"3","939.48",2,3,3,8,"At Risk"
"17968.0",373,"4","888.04",2,3,3,8,"At Risk"
"17783.0",72,"3","379.91",3,3,2,8,"Needs Attention"
"15700.0",172,"2","696.68",3,2,3,8,"Needs Attention"
"18265.0",72,"2","801.51",3,2,3,8,"Needs Attention"
"14729.0",373,"3","907.38",2,3,3,8,"At Risk"
"14455.0",432,"4","628.21",1,4,3,8,"At Risk"
"18060.0",408,"2","1185.46",2,3,3,8,"At Risk"
"18205.0",36,"2","517.36",4,2,2,8,"New Customers"
"12743.0",134,"2","546.43",3,2,2,7,"Promising"
"15075.0",77,"1","773.03",3,1,3,7,"Needs Attention"
"13526.0",738,"2","1182.00",1,3,3,7,"At Risk"
"13336.0",77,"1","795.12",3,1,3,7,"Needs Attention"
"13413.0",639,"6","429.44",1,4,2,7,"Needs Attention"
"15724.0",201,"3","310.85",2,3,2,7,"Needs Attention"
"13398.0",192,"2","670.34",2,2,3,7,"Lost Customers"
"15424.0",254,"3","597.78",2,3,2,7,"Needs Attention"
"15216.0",87,"2","486.09",3,2,2,7,"Promising"
"16516.0",30,"1","101.70",4,2,1,7,"New Customers"
"13465.0",446,"2","931.12",1,3,3,7,"At Risk"
"12905.0",576,"2","1018.42",1,3,3,7,"At Risk"
"13670.0",75,"1","349.70",3,2,2,7,"Promising"
"17782.0",382,"2","679.02",2,2,3,7,"Lost Customers"
"15832.0",254,"1","836.79",2,2,3,7,"Lost Customers"
"15904.0",8,"1","164.68",5,1,1,7,"New Customers"
"17391.0",163,"2","508.80",3,2,2,7,"Promising"
"16484.0",173,"2","404.30",3,2,2,7,"Promising"
"16542.0",53,"2","257.32",4,2,1,7,"New Customers"
"18133.0",212,"1","931.50",2,2,3,7,"Lost Customers"
"12453.0",134,"1","707.09",3,1,3,7,"Needs Attention"
"14806.0",75,"2","303.43",3,2,2,7,"Promising"
"15355.0",29,"2","277.05",4,2,1,7,"New Customers"
"14353.0",215,"3","376.50",2,3,2,7,"Needs Attention"
"12803.0",393,"1","1017.81",2,2,3,7,"Lost Customers"
"17506.0",75,"1","302.20",3,2,2,7,"Promising"
"16480.0",75,"1","769.29",3,1,3,7,"Needs Attention"
"13194.0",135,"2","472.78",3,2,2,7,"Promising"
"17825.0",598,"4","731.96",1,3,3,7,"At Risk"
"16689.0",75,"2","422.60",3,2,2,7,"Promising"
"17154.0",75,"1","329.34",3,2,2,7,"Promising"
"13322.0",17,"1","199.48",5,1,1,7,"New Customers"
"16193.0",236,"2","630.43",2,2,3,7,"Lost Customers"
"13960.0",21,"2","230.22",4,2,1,7,"New Customers"
"16972.0",382,"2","786.25",2,2,3,7,"Lost Customers"
"14228.0",437,"3","745.50",1,3,3,7,"At Risk"
"13017.0",7,"1","204.00",5,1,1,7,"New Customers"
"16808.0",99,"2","288.42",3,2,2,7,"Promising"
"17366.0",432,"2","1096.24",1,3,3,7,"At Risk"
"13560.0",7,"1","174.37",5,1,1,7,"New Customers"
"17267.0",127,"2","317.62",3,2,2,7,"Promising"
"17297.0",17,"1","131.78",5,1,1,7,"New Customers"
"12612.0",74,"1","668.04",3,1,3,7,"Needs Attention"
"16216.0",267,"1","914.93",2,2,3,7,"Lost Customers"
"12818.0",261,"1","1182.08",2,2,3,7,"Lost Customers"
"17520.0",53,"1","546.81",4,1,2,7,"New Customers"
"13770.0",422,"4","785.37",1,3,3,7,"At Risk"
"16603.0",74,"2","482.47",3,2,2,7,"Promising"
"12566.0",86,"1","297.65",3,2,2,7,"Promising"
"14908.0",74,"2","381.90",3,2,2,7,"Promising"
"17895.0",44,"1","98.00",4,2,1,7,"New Customers"
"13080.0",179,"4","280.73",3,3,1,7,"Needs Attention"
"16666.0",19,"2","225.94",4,2,1,7,"New Customers"
"14237.0",373,"2","632.14",2,2,3,7,"Lost Customers"
"16629.0",73,"2","417.73",3,2,2,7,"Promising"
"16462.0",73,"3","136.00",3,3,1,7,"Needs Attention"
"18042.0",53,"2","281.15",4,2,1,7,"New Customers"
"12442.0",3,"1","144.06",5,1,1,7,"New Customers"
"14377.0",191,"2","617.05",2,2,3,7,"Lost Customers"
"16501.0",383,"1","1237.23",2,1,4,7,"Lost Customers"
"17040.0",137,"2","463.25",3,2,2,7,"Promising"
"17795.0",179,"2","350.39",3,2,2,7,"Promising"
"16913.0",290,"3","423.91",2,3,2,7,"Needs Attention"
"14171.0",98,"2","498.79",3,2,2,7,"Promising"
"12864.0",138,"2","299.57",3,2,2,7,"Promising"
"14122.0",406,"3","362.42",2,3,2,7,"Needs Attention"
"13346.0",462,"6","299.40",1,4,2,7,"Needs Attention"
"18278.0",73,"2","414.20",3,2,2,7,"Promising"
"18247.0",414,"3","839.73",1,3,3,7,"At Risk"
"13436.0",1,"1","196.89",5,1,1,7,"New Customers"
"15350.0",373,"2","663.25",2,2,3,7,"Lost Customers"
"17791.0",29,"1","106.10",4,2,1,7,"New Customers"
"16181.0",73,"1","305.54",3,2,2,7,"Promising"
"18052.0",564,"1","10877.18",1,1,5,7,"Lost Customers"
"12547.0",197,"3","299.58",2,3,2,7,"Needs Attention"
"14398.0",401,"2","707.79",2,2,3,7,"Lost Customers"
"14162.0",173,"2","289.36",3,2,2,7,"Promising"
"16494.0",296,"1","826.53",2,2,3,7,"Lost Customers"
"13836.0",399,"2","620.37",2,2,3,7,"Lost Customers"
"17638.0",647,"2","842.40",1,3,3,7,"At Risk"
"15331.0",499,"3","767.91",1,3,3,7,"At Risk"
"13272.0",31,"2","276.56",4,2,1,7,"New Customers"
"16178.0",138,"2","612.60",3,2,2,7,"Promising"
"12525.0",498,"3","883.73",1,3,3,7,"At Risk"
"13460.0",29,"2","183.44",4,2,1,7,"New Customers"
"12966.0",9,"1","160.18",5,1,1,7,"New Customers"
"15278.0",561,"4","496.16",1,4,2,7,"Needs Attention"
"16363.0",53,"1","109.36",4,2,1,7,"New Customers"
"17265.0",138,"2","562.90",3,2,2,7,"Promising"
"17194.0",360,"2","776.66",2,2,3,7,"Lost Customers"
"15918.0",190,"3","582.88",2,3,2,7,"Needs Attention"
"13638.0",15,"1","122.64",5,1,1,7,"New Customers"
"13321.0",72,"2","567.36",3,2,2,7,"Promising"
"14497.0",309,"2","697.06",2,2,3,7,"Lost Customers"
"15481.0",401,"1","1993.34",2,1,4,7,"Lost Customers"
"15546.0",606,"2","1079.10",1,3,3,7,"At Risk"
"14965.0",96,"2","599.00",3,2,2,7,"Promising"
"17022.0",31,"2","260.00",4,2,1,7,"New Customers"
"17229.0",96,"2","318.76",3,2,2,7,"Promising"
"17845.0",555,"4","598.19",1,4,2,7,"Needs Attention"
"15165.0",373,"1","975.50",2,2,3,7,"Lost Customers"
"16909.0",72,"1","379.14",3,2,2,7,"Promising"
"16305.0",138,"1","361.22",3,2,2,7,"Promising"
"13572.0",205,"1","1384.25",2,1,4,7,"Lost Customers"
"18184.0",15,"1","49.80",5,1,1,7,"New Customers"
"16866.0",140,"3","207.74",3,3,1,7,"Needs Attention"
"12511.0",428,"1","3084.02",1,1,5,7,"Lost Customers"
"14995.0",38,"2","233.23",4,2,1,7,"New Customers"
"13002.0",318,"3","414.13",2,3,2,7,"Needs Attention"
"13328.0",316,"1","1308.48",2,1,4,7,"Lost Customers"
"16482.0",15,"1","220.62",5,1,1,7,"New Customers"
"14238.0",326,"3","434.23",2,3,2,7,"Needs Attention"
"13732.0",28,"1","491.86",4,1,2,7,"New Customers"
"13626.0",252,"2","707.04",2,2,3,7,"Lost Customers"
"17660.0",141,"2","359.47",3,2,2,7,"Promising"
"16798.0",554,"3","848.71",1,3,3,7,"At Risk"
"17247.0",15,"1","282.19",5,1,1,7,"New Customers"
"14578.0",3,"1","168.63",5,1,1,7,"New Customers"
"13354.0",71,"1","743.53",3,1,3,7,"Needs Attention"
"12675.0",553,"2","874.50",1,3,3,7,"At Risk"
"16557.0",24,"2","281.85",4,2,1,7,"New Customers"
"16506.0",19,"2","90.30",4,2,1,7,"New Customers"
"14752.0",43,"1","389.64",4,1,2,7,"New Customers"
"15309.0",610,"4","797.96",1,3,3,7,"At Risk"
"16761.0",96,"1","316.62",3,2,2,7,"Promising"
"13228.0",81,"1","358.00",3,2,2,7,"Promising"
"12666.0",394,"1","1248.42",2,1,4,7,"Lost Customers"
"16888.0",400,"3","437.15",2,3,2,7,"Needs Attention"
"15557.0",28,"1","473.65",4,1,2,7,"New Customers"
"12845.0",267,"4","354.09",2,3,2,7,"Needs Attention"
"12998.0",492,"3","920.08",1,3,3,7,"At Risk"
"16307.0",429,"3","1194.92",1,3,3,7,"At Risk"
"15014.0",43,"2","260.17",4,2,1,7,"New Customers"
"15185.0",70,"1","310.62",3,2,2,7,"Promising"
"14365.0",394,"2","634.68",2,2,3,7,"Lost Customers"
"13898.0",325,"2","686.40",2,2,3,7,"Lost Customers"
"12829.0",336,"3","385.30",2,3,2,7,"Needs Attention"
"13347.0",70,"1","341.36",3,2,2,7,"Promising"
"17052.0",28,"1","413.75",4,1,2,7,"New Customers"
"14671.0",549,"2","1127.45",1,3,3,7,"At Risk"
"12972.0",413,"4","1161.20",1,3,3,7,"At Risk"
"17524.0",361,"3","539.14",2,3,2,7,"Needs Attention"
"18048.0",203,"3","401.73",2,3,2,7,"Needs Attention"
"13774.0",81,"1","345.00",3,2,2,7,"Promising"
"13444.0",374,"2","631.68",2,2,3,7,"Lost Customers"
"15526.0",33,"2","148.44",4,2,1,7,"New Customers"
"17186.0",46,"2","144.00",4,2,1,7,"New Customers"
"15183.0",547,"3","639.93",1,3,3,7,"At Risk"
"12792.0",256,"2","715.01",2,2,3,7,"Lost Customers"
"13518.0",85,"1","659.44",3,1,3,7,"Needs Attention"
"16428.0",413,"3","660.28",1,3,3,7,"At Risk"
"14039.0",33,"2","267.28",4,2,1,7,"New Customers"
"16613.0",70,"1","618.59",3,1,3,7,"Needs Attention"
"13893.0",297,"1","821.10",2,2,3,7,"Lost Customers"
"15405.0",189,"2","659.84",2,2,3,7,"Lost Customers"
"13339.0",200,"1","860.12",2,2,3,7,"Lost Customers"
"12491.0",38,"1","424.40",4,1,2,7,"New Customers"
"16667.0",68,"2","570.13",3,2,2,7,"Promising"
"17948.0",147,"1","358.56",3,2,2,7,"Promising"
"16378.0",247,"3","362.95",2,3,2,7,"Needs Attention"
"13797.0",436,"3","1179.45",1,3,3,7,"At Risk"
"17248.0",120,"2","546.16",3,2,2,7,"Promising"
"14345.0",38,"1","108.98",4,2,1,7,"New Customers"
"17219.0",31,"2","259.13",4,2,1,7,"New Customers"
"12816.0",95,"2","452.20",3,2,2,7,"Promising"
"17622.0",597,"2","1130.21",1,3,3,7,"At Risk"
"16868.0",394,"3","393.39",2,3,2,7,"Needs Attention"
"14343.0",421,"4","1088.91",1,3,3,7,"At Risk"
"13349.0",10,"1","247.32",5,1,1,7,"New Customers"
"14641.0",21,"1","110.46",4,2,1,7,"New Customers"
"15853.0",51,"1","110.80",4,2,1,7,"New Customers"
"13712.0",246,"2","766.42",2,2,3,7,"Lost Customers"
"13672.0",301,"3","419.92",2,3,2,7,"Needs Attention"
"17547.0",375,"2","727.85",2,2,3,7,"Lost Customers"
"13519.0",78,"2","343.21",3,2,2,7,"Promising"
"14213.0",404,"1","1192.20",2,2,3,7,"Lost Customers"
"14411.0",310,"1","1063.00",2,2,3,7,"Lost Customers"
"15450.0",30,"1","429.84",4,1,2,7,"New Customers"
"13706.0",302,"2","631.17",2,2,3,7,"Lost Customers"
"15830.0",37,"1","576.00",4,1,2,7,"New Customers"
"15610.0",51,"1","112.46",4,2,1,7,"New Customers"
"15828.0",375,"1","1108.82",2,2,3,7,"Lost Customers"
"15783.0",10,"1","246.30",5,1,1,7,"New Customers"
"13176.0",46,"1","492.84",4,1,2,7,"New Customers"
"13235.0",212,"1","1031.07",2,2,3,7,"Lost Customers"
"12767.0",375,"1","949.82",2,2,3,7,"Lost Customers"
"13667.0",149,"1","305.02",3,2,2,7,"Promising"
"13370.0",371,"1","1509.74",2,1,4,7,"Lost Customers"
"17143.0",417,"2","924.11",1,3,3,7,"At Risk"
"14208.0",94,"2","567.05",3,2,2,7,"Promising"
"13801.0",66,"1","324.80",3,2,2,7,"Promising"
"14170.0",375,"3","597.33",2,3,2,7,"Needs Attention"
"12558.0",7,"1","269.96",5,1,1,7,"New Customers"
"17020.0",542,"2","935.62",1,3,3,7,"At Risk"
"13307.0",120,"3","273.34",3,3,1,7,"Needs Attention"
"15567.0",18,"1","186.01",5,1,1,7,"New Customers"
"15120.0",133,"1","358.82",3,2,2,7,"Promising"
"13351.0",66,"1","373.94",3,2,2,7,"Promising"
"14300.0",18,"1","43.20",5,1,1,7,"New Customers"
"16421.0",376,"3","526.27",2,3,2,7,"Needs Attention"
"18165.0",177,"1","302.46",3,2,2,7,"Promising"
"15790.0",10,"1","220.85",5,1,1,7,"New Customers"
"14601.0",10,"1","213.96",5,1,1,7,"New Customers"
"14322.0",429,"4","474.10",1,4,2,7,"Needs Attention"
"15942.0",133,"1","337.44",3,2,2,7,"Promising"
"12745.0",486,"3","925.41",1,3,3,7,"At Risk"
"16661.0",540,"4","986.63",1,3,3,7,"At Risk"
"14557.0",85,"1","788.38",3,1,3,7,"Needs Attention"
"14949.0",469,"4","515.00",1,4,2,7,"Needs Attention"
"13160.0",22,"1","91.80",4,2,1,7,"New Customers"
"14349.0",10,"1","133.50",5,1,1,7,"New Customers"
"16758.0",65,"1","369.34",3,2,2,7,"Promising"
"12493.0",165,"2","415.74",3,2,2,7,"Promising"
"15771.0",604,"3","1006.54",1,3,3,7,"At Risk"
"15345.0",45,"1","393.54",4,1,2,7,"New Customers"
"15346.0",332,"3","596.12",2,3,2,7,"Needs Attention"
"14022.0",225,"2","792.15",2,2,3,7,"Lost Customers"
"15762.0",65,"2","583.75",3,2,2,7,"Promising"
"16803.0",65,"1","332.30",3,2,2,7,"Promising"
"12789.0",65,"3","225.35",3,3,1,7,"Needs Attention"
"14872.0",483,"3","816.60",1,3,3,7,"At Risk"
"13768.0",726,"2","875.97",1,3,3,7,"At Risk"
"16521.0",415,"3","1144.26",1,3,3,7,"At Risk"
"14158.0",40,"1","507.66",4,1,2,7,"New Customers"
"14425.0",434,"3","661.39",1,3,3,7,"At Risk"
"14324.0",409,"2","701.61",2,2,3,7,"Lost Customers"
"13675.0",151,"2","486.82",3,2,2,7,"Promising"
"17991.0",225,"3","318.90",2,3,2,7,"Needs Attention"
"16702.0",415,"4","1109.53",1,3,3,7,"At Risk"
"16454.0",64,"3","29.95",3,3,1,7,"Needs Attention"
"13687.0",438,"1","11880.84",1,1,5,7,"Lost Customers"
"13210.0",93,"1","353.48",3,2,2,7,"Promising"
"15589.0",255,"3","478.53",2,3,2,7,"Needs Attention"
"15446.0",376,"3","403.95",2,3,2,7,"Needs Attention"
"15612.0",36,"2","195.15",4,2,1,7,"New Customers"
"18024.0",152,"2","389.78",3,2,2,7,"Promising"
"14558.0",654,"3","655.50",1,3,3,7,"At Risk"
"14638.0",50,"1","443.60",4,1,2,7,"New Customers"
"15586.0",592,"3","1139.10",1,3,3,7,"At Risk"
"17804.0",376,"3","385.23",2,3,2,7,"Needs Attention"
"15315.0",64,"2","570.50",3,2,2,7,"Promising"
"13177.0",64,"2","512.20",3,2,2,7,"Promising"
"17253.0",18,"1","178.26",5,1,1,7,"New Customers"
"14839.0",418,"3","915.28",1,3,3,7,"At Risk"
"16060.0",400,"3","541.95",2,3,2,7,"Needs Attention"
"13845.0",64,"1","312.98",3,2,2,7,"Promising"
"15268.0",478,"3","961.90",1,3,3,7,"At Risk"
"13504.0",64,"1","295.93",3,2,2,7,"Promising"
"17807.0",395,"3","437.87",2,3,2,7,"Needs Attention"
"16432.0",64,"1","287.40",3,2,2,7,"Promising"
"18015.0",4,"1","120.03",5,1,1,7,"New Customers"
"13008.0",323,"3","612.13",2,3,2,7,"Needs Attention"
"12461.0",154,"1","626.88",3,1,3,7,"Needs Attention"
"13820.0",418,"3","660.65",1,3,3,7,"At Risk"
"17200.0",387,"4","356.71",2,3,2,7,"Needs Attention"
"16031.0",92,"2","548.94",3,2,2,7,"Promising"
"18147.0",45,"2","179.34",4,2,1,7,"New Customers"
"16091.0",154,"2","315.06",3,2,2,7,"Promising"
"15852.0",186,"3","257.26",3,3,1,7,"Needs Attention"
"12930.0",78,"2","415.80",3,2,2,7,"Promising"
"18240.0",46,"1","422.58",4,1,2,7,"New Customers"
"17124.0",185,"1","298.89",3,2,2,7,"Promising"
"13343.0",177,"1","353.43",3,2,2,7,"Promising"
"15824.0",453,"2","890.94",1,3,3,7,"At Risk"
"15565.0",50,"2","173.16",4,2,1,7,"New Customers"
"15262.0",323,"3","418.82",2,3,2,7,"Needs Attention"
"13355.0",122,"1","674.70",3,1,3,7,"Needs Attention"
"15130.0",169,"1","330.11",3,2,2,7,"Promising"
"13965.0",476,"3","996.61",1,3,3,7,"At Risk"
"13807.0",367,"3","534.80",2,3,2,7,"Needs Attention"
"14222.0",177,"1","683.17",3,1,3,7,"Needs Attention"
"12711.0",611,"2","1213.05",1,3,3,7,"At Risk"
"14029.0",63,"2","467.66",3,2,2,7,"Promising"
"13356.0",80,"1","768.24",3,1,3,7,"Needs Attention"
"17630.0",169,"2","503.60",3,2,2,7,"Promising"
"17942.0",7,"1","77.50",5,1,1,7,"New Customers"
"16449.0",197,"2","707.69",2,2,3,7,"Lost Customers"
"16627.0",79,"1","322.80",3,2,2,7,"Promising"
"13585.0",530,"3","684.54",1,3,3,7,"At Risk"
"13057.0",530,"3","722.09",1,3,3,7,"At Risk"
"17549.0",23,"2","148.86",4,2,1,7,"New Customers"
"12769.0",238,"1","1143.60",2,2,3,7,"Lost Customers"
"17380.0",434,"3","645.00",1,3,3,7,"At Risk"
"12651.0",334,"4","377.75",2,3,2,7,"Needs Attention"
"14917.0",596,"2","1123.75",1,3,3,7,"At Risk"
"17141.0",418,"4","754.33",1,3,3,7,"At Risk"
"14067.0",63,"2","374.70",3,2,2,7,"Promising"
"12354.0",232,"1","1079.40",2,2,3,7,"Lost Customers"
"17026.0",185,"3","208.98",3,3,1,7,"Needs Attention"
"15975.0",84,"1","371.01",3,2,2,7,"Promising"
"15374.0",128,"2","307.32",3,2,2,7,"Promising"
"13393.0",583,"4","1131.45",1,3,3,7,"At Risk"
"13415.0",472,"4","800.67",1,3,3,7,"At Risk"
"12797.0",365,"2","694.11",2,2,3,7,"Lost Customers"
"13188.0",11,"1","114.60",5,1,1,7,"New Customers"
"18164.0",37,"1","399.65",4,1,2,7,"New Customers"
"14339.0",242,"2","620.27",2,2,3,7,"Lost Customers"
"13872.0",527,"3","919.57",1,3,3,7,"At Risk"
"14260.0",471,"3","824.28",1,3,3,7,"At Risk"
"13459.0",624,"2","1160.41",1,3,3,7,"At Risk"
"16685.0",61,"2","324.24",3,2,2,7,"Promising"
"18067.0",40,"1","396.33",4,1,2,7,"New Customers"
"14899.0",395,"1","1384.88",2,1,4,7,"Lost Customers"
"16789.0",8,"1","80.80",5,1,1,7,"New Customers"
"16829.0",156,"2","513.32",3,2,2,7,"Promising"
"13641.0",640,"4","942.37",1,3,3,7,"At Risk"
"16677.0",411,"2","880.62",1,3,3,7,"At Risk"
"15430.0",467,"2","954.75",1,3,3,7,"At Risk"
"16528.0",3,"1","244.41",5,1,1,7,"New Customers"
"15333.0",208,"1","1028.56",2,2,3,7,"Lost Customers"
"13584.0",306,"3","392.45",2,3,2,7,"Needs Attention"
"15869.0",277,"3","323.66",2,3,2,7,"Needs Attention"
"14302.0",430,"3","742.90",1,3,3,7,"At Risk"
"13262.0",263,"3","573.45",2,3,2,7,"Needs Attention"
"17996.0",379,"3","469.73",2,3,2,7,"Needs Attention"
"12734.0",352,"3","603.65",2,3,2,7,"Needs Attention"
"17712.0",44,"1","522.91",4,1,2,7,"New Customers"
"17960.0",171,"3","135.08",3,3,1,7,"Needs Attention"
"17539.0",628,"3","1211.57",1,3,3,7,"At Risk"
"12660.0",11,"1","227.10",5,1,1,7,"New Customers"
"17325.0",280,"3","609.57",2,3,2,7,"Needs Attention"
"12533.0",627,"2","1223.89",1,3,3,7,"At Risk"
"13987.0",379,"2","682.54",2,2,3,7,"Lost Customers"
"14556.0",596,"3","835.34",1,3,3,7,"At Risk"
"16796.0",89,"1","305.62",3,2,2,7,"Promising"
"17477.0",612,"2","1144.30",1,3,3,7,"At Risk"
"12363.0",109,"2","552.00",3,2,2,7,"Promising"
"13933.0",109,"2","608.79",3,2,2,7,"Promising"
"15472.0",113,"1","371.56",3,2,2,7,"Promising"
"16270.0",353,"1","1141.24",2,2,3,7,"Lost Customers"
"13333.0",411,"3","1015.74",1,3,3,7,"At Risk"
"13287.0",603,"3","781.59",1,3,3,7,"At Risk"
"17801.0",451,"3","798.33",1,3,3,7,"At Risk"
"15232.0",113,"2","612.06",3,2,2,7,"Promising"
"14727.0",274,"3","465.23",2,3,2,7,"Needs Attention"
"13595.0",516,"3","818.22",1,3,3,7,"At Risk"
"14951.0",79,"1","311.69",3,2,2,7,"Promising"
"15592.0",46,"1","388.58",4,1,2,7,"New Customers"
"14570.0",280,"3","512.40",2,3,2,7,"Needs Attention"
"12772.0",59,"1","752.47",3,1,3,7,"Needs Attention"
"15648.0",204,"2","657.35",2,2,3,7,"Lost Customers"
"13372.0",89,"1","378.64",3,2,2,7,"Promising"
"14779.0",280,"3","386.15",2,3,2,7,"Needs Attention"
"16582.0",113,"1","313.62",3,2,2,7,"Promising"
"15464.0",338,"1","1048.85",2,2,3,7,"Lost Customers"
"15542.0",512,"3","918.45",1,3,3,7,"At Risk"
"15360.0",39,"1","427.93",4,1,2,7,"New Customers"
"14670.0",280,"3","602.00",2,3,2,7,"Needs Attention"
"13106.0",133,"2","603.46",3,2,2,7,"Promising"
"15168.0",25,"1","106.56",4,2,1,7,"New Customers"
"16435.0",512,"3","1011.57",1,3,3,7,"At Risk"
"16504.0",25,"1","484.38",4,1,2,7,"New Customers"
"12385.0",379,"1","1668.40",2,1,4,7,"Lost Customers"
"18255.0",89,"2","303.15",3,2,2,7,"Promising"
"15259.0",512,"4","1182.38",1,3,3,7,"At Risk"
"15041.0",170,"2","293.60",3,2,2,7,"Promising"
"12817.0",281,"3","570.98",2,3,2,7,"Needs Attention"
"13559.0",512,"2","990.00",1,3,3,7,"At Risk"
"14331.0",124,"2","462.66",3,2,2,7,"Promising"
"15207.0",416,"3","683.92",1,3,3,7,"At Risk"
"14430.0",511,"3","1220.90",1,3,3,7,"At Risk"
"12522.0",39,"2","156.72",4,2,1,7,"New Customers"
"17885.0",12,"1","190.19",5,1,1,7,"New Customers"
"15840.0",58,"2","355.56",3,2,2,7,"Promising"
"17010.0",18,"1","195.36",5,1,1,7,"New Customers"
"13041.0",450,"4","799.13",1,3,3,7,"At Risk"
"15448.0",312,"2","788.81",2,2,3,7,"Lost Customers"
"15609.0",184,"1","298.48",3,2,2,7,"Promising"
"16264.0",438,"2","837.53",1,3,3,7,"At Risk"
"17538.0",25,"1","98.42",4,2,1,7,"New Customers"
"14734.0",425,"4","1056.42",1,3,3,7,"At Risk"
"16207.0",25,"1","394.38",4,1,2,7,"New Customers"
"17995.0",281,"3","495.48",2,3,2,7,"Needs Attention"
"14323.0",114,"2","605.06",3,2,2,7,"Promising"
"17070.0",114,"2","445.32",3,2,2,7,"Promising"
"14642.0",58,"1","96.12",4,2,1,7,"New Customers"
"14061.0",507,"3","917.43",1,3,3,7,"At Risk"
"13187.0",337,"4","348.01",2,3,2,7,"Needs Attention"
"13917.0",49,"2","272.04",4,2,1,7,"New Customers"
"12862.0",425,"2","1008.32",1,3,3,7,"At Risk"
"12386.0",337,"2","660.80",2,2,3,7,"Lost Customers"
"12965.0",89,"1","771.91",3,1,3,7,"Needs Attention"
"13248.0",124,"2","465.68",3,2,2,7,"Promising"
"14622.0",184,"1","320.58",3,2,2,7,"Promising"
"17514.0",128,"2","542.83",3,2,2,7,"Promising"
"12501.0",336,"1","2025.39",2,1,4,7,"Lost Customers"
"14962.0",270,"4","366.91",2,3,2,7,"Needs Attention"
"17923.0",282,"3","497.00",2,3,2,7,"Needs Attention"
"15171.0",331,"1","1289.50",2,1,4,7,"Lost Customers"
"13934.0",263,"1","922.10",2,2,3,7,"Lost Customers"
"17614.0",57,"1","390.07",4,1,2,7,"New Customers"
"15257.0",283,"2","685.90",2,2,3,7,"Lost Customers"
"12367.0",4,"1","150.90",5,1,1,7,"New Customers"
"17600.0",17,"1","161.67",5,1,1,7,"New Customers"
"14196.0",106,"1","335.52",3,2,2,7,"Promising"
"12735.0",315,"2","689.57",2,2,3,7,"Lost Customers"
"13325.0",81,"1","675.30",3,1,3,7,"Needs Attention"
"12624.0",106,"2","569.13",3,2,2,7,"Promising"
"15784.0",467,"2","848.33",1,3,3,7,"At Risk"
"12831.0",262,"3","451.11",2,3,2,7,"Needs Attention"
"18183.0",227,"2","632.07",2,2,3,7,"Lost Customers"
"14661.0",26,"1","107.95",4,2,1,7,"New Customers"
"13811.0",183,"2","519.75",3,2,2,7,"Promising"
"14230.0",435,"3","979.80",1,3,3,7,"At Risk"
"14241.0",183,"2","333.70",3,2,2,7,"Promising"
"14372.0",443,"2","860.08",1,3,3,7,"At Risk"
"17385.0",14,"1","261.11",5,1,1,7,"New Customers"
"13729.0",435,"3","724.73",1,3,3,7,"At Risk"
"16568.0",427,"2","1020.90",1,3,3,7,"At Risk"
"15600.0",428,"4","1199.31",1,3,3,7,"At Risk"
"12884.0",88,"1","309.05",3,2,2,7,"Promising"
"16935.0",381,"3","535.10",2,3,2,7,"Needs Attention"
"15000.0",47,"1","490.52",4,1,2,7,"New Customers"
"18216.0",31,"1","481.75",4,1,2,7,"New Customers"
"16025.0",29,"1","439.66",4,1,2,7,"New Customers"
"17836.0",47,"1","109.83",4,2,1,7,"New Customers"
"13003.0",105,"3","149.05",3,3,1,7,"Needs Attention"
"16641.0",105,"2","554.50",3,2,2,7,"Promising"
"13270.0",366,"1","1180.00",2,2,3,7,"Lost Customers"
"14002.0",134,"2","529.73",3,2,2,7,"Promising"
"12999.0",196,"3","455.88",2,3,2,7,"Needs Attention"
"13529.0",78,"2","307.76",3,2,2,7,"Promising"
"12880.0",381,"2","640.13",2,2,3,7,"Lost Customers"
"17433.0",88,"2","569.96",3,2,2,7,"Promising"
"17542.0",269,"3","341.70",2,3,2,7,"Needs Attention"
"16975.0",423,"3","926.12",1,3,3,7,"At Risk"
"13533.0",182,"3","270.79",3,3,1,7,"Needs Attention"
"17098.0",381,"3","591.07",2,3,2,7,"Needs Attention"
"12439.0",682,"2","1158.18",1,3,3,7,"At Risk"
"17023.0",417,"3","800.18",1,3,3,7,"At Risk"
"13651.0",39,"2","211.85",4,2,1,7,"New Customers"
"17252.0",116,"2","353.86",3,2,2,7,"Promising"
"12889.0",381,"4","385.46",2,3,2,7,"Needs Attention"
"15349.0",158,"2","473.81",3,2,2,7,"Promising"
"14491.0",175,"2","468.13",3,2,2,7,"Promising"
"17166.0",38,"2","206.34",4,2,1,7,"New Customers"
"16135.0",262,"2","819.45",2,2,3,7,"Lost Customers"
"16152.0",268,"1","1829.04",2,1,4,7,"Lost Customers"
"15683.0",117,"2","524.54",3,2,2,7,"Promising"
"13785.0",428,"4","542.49",1,4,2,7,"Needs Attention"
"12650.0",3,"1","242.44",5,1,1,7,"New Customers"
"12764.0",316,"1","1693.88",2,1,4,7,"Lost Customers"
"13567.0",428,"4","1083.69",1,3,3,7,"At Risk"
"13039.0",584,"4","1010.73",1,3,3,7,"At Risk"
"15343.0",87,"1","364.50",3,2,2,7,"Promising"
"13540.0",467,"3","632.39",1,3,3,7,"At Risk"
"16130.0",422,"4","987.48",1,3,3,7,"At Risk"
"15063.0",213,"1","370.80",2,2,2,6,"Lost Customers"
"13990.0",213,"1","311.30",2,2,2,6,"Lost Customers"
"15729.0",212,"3","192.55",2,3,1,6,"Needs Attention"
"16006.0",211,"2","347.17",2,2,2,6,"Lost Customers"
"14172.0",605,"3","402.72",1,3,2,6,"Needs Attention"
"14888.0",207,"1","369.20",2,2,2,6,"Lost Customers"
"12690.0",205,"1","335.01",2,2,2,6,"Lost Customers"
"17556.0",205,"2","300.67",2,2,2,6,"Lost Customers"
"14620.0",205,"2","412.78",2,2,2,6,"Lost Customers"
"12353.0",204,"2","406.76",2,2,2,6,"Lost Customers"
"17245.0",204,"2","371.63",2,2,2,6,"Lost Customers"
"13887.0",204,"1","349.55",2,2,2,6,"Lost Customers"
"14647.0",201,"2","519.97",2,2,2,6,"Lost Customers"
"12671.0",606,"1","2622.48",1,1,4,6,"Lost Customers"
"13737.0",200,"1","339.60",2,2,2,6,"Lost Customers"
"17715.0",200,"2","489.60",2,2,2,6,"Lost Customers"
"15042.0",199,"2","315.45",2,2,2,6,"Lost Customers"
"16448.0",198,"2","367.87",2,2,2,6,"Lost Customers"
"14985.0",198,"2","296.75",2,2,2,6,"Lost Customers"
"12974.0",197,"2","408.95",2,2,2,6,"Lost Customers"
"16323.0",196,"2","353.66",2,2,2,6,"Lost Customers"
"12790.0",192,"2","546.85",2,2,2,6,"Lost Customers"
"15213.0",318,"2","328.35",2,2,2,6,"Lost Customers"
"16424.0",191,"2","443.06",2,2,2,6,"Lost Customers"
"13062.0",191,"1","346.98",2,2,2,6,"Lost Customers"
"13885.0",189,"2","506.80",2,2,2,6,"Lost Customers"
"16967.0",189,"1","319.02",2,2,2,6,"Lost Customers"
"16230.0",189,"2","542.03",2,2,2,6,"Lost Customers"
"16963.0",187,"1","110.55",3,2,1,6,"Promising"
"15386.0",186,"1","394.14",3,1,2,6,"Promising"
"18271.0",609,"2","680.85",1,2,3,6,"Lost Customers"
"14542.0",185,"1","103.25",3,2,1,6,"Promising"
"13703.0",318,"2","425.56",2,2,2,6,"Lost Customers"
"14501.0",183,"2","251.21",3,2,1,6,"Promising"
"16581.0",182,"1","105.84",3,2,1,6,"Promising"
"18281.0",180,"2","201.14",3,2,1,6,"Promising"
"17446.0",176,"2","120.90",3,2,1,6,"Promising"
"15585.0",176,"1","455.30",3,1,2,6,"Promising"
"15825.0",172,"1","532.94",3,1,2,6,"Promising"
"15507.0",171,"1","492.36",3,1,2,6,"Promising"
"15537.0",163,"1","110.92",3,2,1,6,"Promising"
"17094.0",322,"2","402.20",2,2,2,6,"Lost Customers"
"16498.0",161,"2","100.97",3,2,1,6,"Promising"
"17890.0",322,"2","602.09",2,2,2,6,"Lost Customers"
"12922.0",161,"1","405.38",3,1,2,6,"Promising"
"17781.0",159,"2","188.02",3,2,1,6,"Promising"
"17939.0",159,"1","99.14",3,2,1,6,"Promising"
"15174.0",322,"2","481.46",2,2,2,6,"Lost Customers"
"18013.0",155,"2","187.29",3,2,1,6,"Promising"
"13302.0",155,"2","159.20",3,2,1,6,"Promising"
"12665.0",324,"3","259.60",2,3,1,6,"Needs Attention"
"16704.0",618,"2","695.66",1,2,3,6,"Lost Customers"
"13420.0",149,"2","159.85",3,2,1,6,"Promising"
"15256.0",148,"2","170.40",3,2,1,6,"Promising"
"12833.0",145,"1","417.38",3,1,2,6,"Promising"
"13967.0",145,"2","166.30",3,2,1,6,"Promising"
"14117.0",143,"1","90.00",3,2,1,6,"Promising"
"12521.0",142,"1","545.68",3,1,2,6,"Promising"
"18146.0",140,"2","160.35",3,2,1,6,"Promising"
"18212.0",326,"2","546.72",2,2,2,6,"Lost Customers"
"13859.0",326,"2","515.86",2,2,2,6,"Lost Customers"
"13116.0",138,"1","501.14",3,1,2,6,"Promising"
"12672.0",329,"2","407.05",2,2,2,6,"Lost Customers"
"16315.0",330,"2","402.71",2,2,2,6,"Lost Customers"
"17053.0",130,"1","498.48",3,1,2,6,"Promising"
"14809.0",621,"2","686.76",1,2,3,6,"Lost Customers"
"15342.0",129,"1","406.09",3,1,2,6,"Promising"
"17887.0",129,"1","111.35",3,2,1,6,"Promising"
"14972.0",128,"2","145.07",3,2,1,6,"Promising"
"17569.0",332,"1","344.14",2,2,2,6,"Lost Customers"
"16850.0",333,"1","332.41",2,2,2,6,"Lost Customers"
"16077.0",625,"1","2300.40",1,1,4,6,"Lost Customers"
"16272.0",116,"1","411.70",3,1,2,6,"Promising"
"12489.0",336,"1","298.93",2,2,2,6,"Lost Customers"
"12729.0",113,"1","417.01",3,1,2,6,"Promising"
"12513.0",112,"1","558.29",3,1,2,6,"Promising"
"16536.0",110,"1","548.97",3,1,2,6,"Promising"
"12368.0",628,"1","917.70",1,2,3,6,"Lost Customers"
"15204.0",357,"1","316.58",2,2,2,6,"Lost Customers"
"16093.0",106,"1","17.00",3,2,1,6,"Promising"
"14314.0",106,"2","229.80",3,2,1,6,"Promising"
"17551.0",359,"1","306.84",2,2,2,6,"Lost Customers"
"18050.0",359,"2","412.06",2,2,2,6,"Lost Customers"
"12436.0",99,"1","429.01",3,1,2,6,"Promising"
"13470.0",99,"2","165.00",3,2,1,6,"Promising"
"14436.0",98,"2","271.70",3,2,1,6,"Promising"
"12851.0",96,"2","284.13",3,2,1,6,"Promising"
"16820.0",95,"1","497.61",3,1,2,6,"Promising"
"15454.0",362,"2","305.59",2,2,2,6,"Lost Customers"
"13612.0",632,"1","818.29",1,2,3,6,"Lost Customers"
"14082.0",364,"2","413.36",2,2,2,6,"Lost Customers"
"18222.0",92,"1","443.00",3,1,2,6,"Promising"
"13369.0",365,"1","616.56",2,1,3,6,"Lost Customers"
"12441.0",366,"1","311.10",2,2,2,6,"Lost Customers"
"16893.0",366,"2","401.35",2,2,2,6,"Lost Customers"
"18269.0",366,"1","337.20",2,2,2,6,"Lost Customers"
"14660.0",86,"2","285.74",3,2,1,6,"Promising"
"12756.0",86,"1","112.08",3,2,1,6,"Promising"
"17333.0",85,"1","494.25",3,1,2,6,"Promising"
"15417.0",85,"1","508.80",3,1,2,6,"Promising"
"17786.0",85,"2","278.74",3,2,1,6,"Promising"
"18119.0",367,"1","362.24",2,2,2,6,"Lost Customers"
"16878.0",84,"1","13.30",3,2,1,6,"Promising"
"15099.0",84,"1","410.48",3,1,2,6,"Promising"
"14124.0",84,"1","419.58",3,1,2,6,"Promising"
"15880.0",369,"1","686.56",2,1,3,6,"Lost Customers"
"17967.0",371,"2","357.29",2,2,2,6,"Lost Customers"
"12604.0",79,"2","236.18",3,2,1,6,"Promising"
"17415.0",79,"1","507.84",3,1,2,6,"Promising"
"12390.0",79,"1","504.84",3,1,2,6,"Promising"
"17976.0",372,"1","706.38",2,1,3,6,"Lost Customers"
"12579.0",78,"1","386.42",3,1,2,6,"Promising"
"16236.0",78,"1","432.20",3,1,2,6,"Promising"
"15603.0",78,"2","88.48",3,2,1,6,"Promising"
"15475.0",77,"1","454.11",3,1,2,6,"Promising"
"14757.0",75,"1","420.50",3,1,2,6,"Promising"
"13390.0",74,"1","544.08",3,1,2,6,"Promising"
"14473.0",74,"2","234.34",3,2,1,6,"Promising"
"16778.0",74,"2","245.94",3,2,1,6,"Promising"
"15922.0",373,"1","739.00",2,1,3,6,"Lost Customers"
"16274.0",373,"1","675.50",2,1,3,6,"Lost Customers"
"17643.0",373,"2","541.25",2,2,2,6,"Lost Customers"
"18011.0",373,"2","527.03",2,2,2,6,"Lost Customers"
"16583.0",373,"2","531.40",2,2,2,6,"Lost Customers"
"17427.0",71,"1","100.80",3,2,1,6,"Promising"
"17305.0",648,"1","2135.46",1,1,4,6,"Lost Customers"
"13010.0",374,"2","330.12",2,2,2,6,"Lost Customers"
"13972.0",70,"2","190.25",3,2,1,6,"Promising"
"16404.0",70,"1","443.05",3,1,2,6,"Promising"
"17209.0",649,"3","611.60",1,3,2,6,"Needs Attention"
"12996.0",375,"1","355.50",2,2,2,6,"Lost Customers"
"15989.0",375,"2","372.51",2,2,2,6,"Lost Customers"
"14333.0",67,"1","415.20",3,1,2,6,"Promising"
"16194.0",375,"1","308.60",2,2,2,6,"Lost Customers"
"15930.0",67,"1","426.63",3,1,2,6,"Promising"
"18002.0",375,"4","243.17",2,3,1,6,"Needs Attention"
"16881.0",66,"1","432.00",3,1,2,6,"Promising"
"17957.0",66,"1","110.72",3,2,1,6,"Promising"
"12512.0",66,"2","138.03",3,2,1,6,"Promising"
"15739.0",66,"1","449.12",3,1,2,6,"Promising"
"14184.0",66,"1","452.89",3,1,2,6,"Promising"
"12351.0",375,"1","300.93",2,2,2,6,"Lost Customers"
"14054.0",65,"1","92.46",3,2,1,6,"Promising"
"18033.0",65,"1","97.97",3,2,1,6,"Promising"
"13947.0",65,"1","90.60",3,2,1,6,"Promising"
"16106.0",65,"1","108.38",3,2,1,6,"Promising"
"17607.0",376,"1","333.81",2,2,2,6,"Lost Customers"
"18003.0",376,"1","358.61",2,2,2,6,"Lost Customers"
"15037.0",376,"2","402.51",2,2,2,6,"Lost Customers"
"14317.0",64,"1","508.58",3,1,2,6,"Promising"
"15300.0",64,"1","496.44",3,1,2,6,"Promising"
"14986.0",376,"2","566.90",2,2,2,6,"Lost Customers"
"12740.0",63,"1","427.60",3,1,2,6,"Promising"
"16262.0",378,"1","755.15",2,1,3,6,"Lost Customers"
"12420.0",63,"1","600.39",3,1,2,6,"Promising"
"13260.0",61,"1","557.62",3,1,2,6,"Promising"
"15193.0",60,"1","499.32",3,1,2,6,"Promising"
"14027.0",60,"1","104.82",3,2,1,6,"Promising"
"13352.0",60,"1","397.98",3,1,2,6,"Promising"
"16982.0",60,"1","384.06",3,1,2,6,"Promising"
"15728.0",379,"2","544.60",2,2,2,6,"Lost Customers"
"15553.0",60,"1","437.23",3,1,2,6,"Promising"
"12824.0",59,"1","397.12",3,1,2,6,"Promising"
"17882.0",379,"2","313.46",2,2,2,6,"Lost Customers"
"12667.0",58,"1","460.13",3,1,2,6,"Promising"
"12602.0",58,"1","153.12",4,1,1,6,"New Customers"
"16489.0",380,"2","303.70",2,2,2,6,"Lost Customers"
"16753.0",58,"1","223.92",4,1,1,6,"New Customers"
"17766.0",381,"2","299.61",2,2,2,6,"Lost Customers"
"18047.0",381,"2","342.69",2,2,2,6,"Lost Customers"
"13858.0",57,"1","216.17",4,1,1,6,"New Customers"
"17279.0",57,"1","187.83",4,1,1,6,"New Customers"
"16793.0",57,"1","243.84",4,1,1,6,"New Customers"
"13843.0",381,"1","319.75",2,2,2,6,"Lost Customers"
"14252.0",381,"1","350.99",2,2,2,6,"Lost Customers"
"16437.0",381,"2","301.25",2,2,2,6,"Lost Customers"
"13181.0",381,"1","359.69",2,2,2,6,"Lost Customers"
"14089.0",56,"1","161.00",4,1,1,6,"New Customers"
"14926.0",381,"2","359.40",2,2,2,6,"Lost Customers"
"17986.0",56,"1","20.80",4,1,1,6,"New Customers"
"13006.0",56,"1","81.57",4,1,1,6,"New Customers"
"15169.0",382,"2","569.22",2,2,2,6,"Lost Customers"
"16252.0",382,"1","295.09",2,2,2,6,"Lost Customers"
"16373.0",382,"2","309.49",2,2,2,6,"Lost Customers"
"15335.0",53,"1","173.97",4,1,1,6,"New Customers"
"15359.0",662,"8","181.35",1,4,1,6,"Needs Attention"
"17335.0",383,"2","508.00",2,2,2,6,"Lost Customers"
"17206.0",53,"1","204.24",4,1,1,6,"New Customers"
"15519.0",383,"2","344.61",2,2,2,6,"Lost Customers"
"14830.0",53,"1","196.28",4,1,1,6,"New Customers"
"13550.0",383,"1","349.51",2,2,2,6,"Lost Customers"
"12419.0",385,"2","391.01",2,2,2,6,"Lost Customers"
"15604.0",52,"1","216.39",4,1,1,6,"New Customers"
"15327.0",52,"1","208.75",4,1,1,6,"New Customers"
"13864.0",386,"1","662.40",2,1,3,6,"Lost Customers"
"17148.0",51,"1","124.88",4,1,1,6,"New Customers"
"17776.0",386,"2","337.30",2,2,2,6,"Lost Customers"
"18019.0",51,"1","38.45",4,1,1,6,"New Customers"
"13366.0",50,"1","56.16",4,1,1,6,"New Customers"
"17125.0",50,"1","259.35",4,1,1,6,"New Customers"
"14614.0",386,"1","295.13",2,2,2,6,"Lost Customers"
"13237.0",387,"1","643.00",2,1,3,6,"Lost Customers"
"15836.0",50,"1","137.37",4,1,1,6,"New Customers"
"13964.0",387,"2","438.90",2,2,2,6,"Lost Customers"
"13605.0",387,"2","522.67",2,2,2,6,"Lost Customers"
"17689.0",388,"2","317.08",2,2,2,6,"Lost Customers"
"14192.0",388,"1","293.74",2,2,2,6,"Lost Customers"
"15740.0",49,"1","154.88",4,1,1,6,"New Customers"
"17832.0",49,"1","155.37",4,1,1,6,"New Customers"
"14358.0",389,"2","400.06",2,2,2,6,"Lost Customers"
"17780.0",667,"3","352.91",1,3,2,6,"Needs Attention"
"15286.0",49,"1","240.55",4,1,1,6,"New Customers"
"13442.0",667,"3","419.87",1,3,2,6,"Needs Attention"
"12376.0",389,"2","383.15",2,2,2,6,"Lost Customers"
"15176.0",667,"1","988.04",1,2,3,6,"Lost Customers"
"15726.0",390,"1","321.91",2,2,2,6,"Lost Customers"
"14764.0",46,"1","278.30",4,1,1,6,"New Customers"
"16436.0",668,"3","329.34",1,3,2,6,"Needs Attention"
"15794.0",736,"2","777.00",1,2,3,6,"Lost Customers"
"15283.0",390,"3","148.33",2,3,1,6,"Needs Attention"
"13545.0",390,"2","374.64",2,2,2,6,"Lost Customers"
"17300.0",390,"2","393.64",2,2,2,6,"Lost Customers"
"14599.0",390,"2","474.54",2,2,2,6,"Lost Customers"
"15844.0",46,"1","130.74",4,1,1,6,"New Customers"
"14807.0",390,"2","519.29",2,2,2,6,"Lost Customers"
"13182.0",45,"1","121.18",4,1,1,6,"New Customers"
"18045.0",45,"1","189.40",4,1,1,6,"New Customers"
"12812.0",44,"1","229.64",4,1,1,6,"New Customers"
"17688.0",393,"1","304.20",2,2,2,6,"Lost Customers"
"15320.0",44,"1","267.13",4,1,1,6,"New Customers"
"15842.0",393,"2","548.80",2,2,2,6,"Lost Customers"
"12430.0",43,"1","216.40",4,1,1,6,"New Customers"
"14357.0",43,"1","225.77",4,1,1,6,"New Customers"
"16026.0",43,"1","236.09",4,1,1,6,"New Customers"
"17684.0",43,"1","239.41",4,1,1,6,"New Customers"
"14218.0",42,"1","169.48",4,1,1,6,"New Customers"
"15096.0",42,"1","219.39",4,1,1,6,"New Customers"
"13252.0",394,"2","399.30",2,2,2,6,"Lost Customers"
"15011.0",395,"2","416.60",2,2,2,6,"Lost Customers"
"17476.0",395,"2","489.86",2,2,2,6,"Lost Customers"
"14582.0",40,"1","114.11",4,1,1,6,"New Customers"
"12907.0",395,"2","508.91",2,2,2,6,"Lost Customers"
"16021.0",395,"2","532.25",2,2,2,6,"Lost Customers"
"14151.0",673,"2","679.45",1,2,3,6,"Lost Customers"
"17258.0",396,"2","417.30",2,2,2,6,"Lost Customers"
"17000.0",396,"2","406.30",2,2,2,6,"Lost Customers"
"12396.0",674,"1","931.43",1,2,3,6,"Lost Customers"
"13773.0",396,"2","301.54",2,2,2,6,"Lost Customers"
"14927.0",396,"1","308.20",2,2,2,6,"Lost Customers"
"14203.0",397,"1","339.34",2,2,2,6,"Lost Customers"
"12581.0",39,"1","179.71",4,1,1,6,"New Customers"
"14485.0",38,"1","165.75",4,1,1,6,"New Customers"
"13697.0",38,"1","151.30",4,1,1,6,"New Customers"
"13646.0",399,"2","326.25",2,2,2,6,"Lost Customers"
"13660.0",400,"1","314.59",2,2,2,6,"Lost Customers"
"13597.0",400,"2","396.71",2,2,2,6,"Lost Customers"
"12958.0",400,"2","539.49",2,2,2,6,"Lost Customers"
"18105.0",37,"1","113.48",4,1,1,6,"New Customers"
"16590.0",400,"2","605.90",2,2,2,6,"Lost Customers"
"13271.0",37,"1","217.38",4,1,1,6,"New Customers"
"17947.0",37,"1","176.68",4,1,1,6,"New Customers"
"14974.0",37,"1","114.39",4,1,1,6,"New Customers"
"17121.0",402,"1","314.74",2,2,2,6,"Lost Customers"
"14098.0",36,"1","147.35",4,1,1,6,"New Customers"
"16337.0",36,"1","151.05",4,1,1,6,"New Customers"
"16914.0",36,"1","208.46",4,1,1,6,"New Customers"
"13938.0",35,"1","71.66",4,1,1,6,"New Customers"
"14777.0",403,"1","307.56",2,2,2,6,"Lost Customers"
"15501.0",404,"2","402.50",2,2,2,6,"Lost Customers"
"17413.0",404,"2","560.14",2,2,2,6,"Lost Customers"
"14848.0",404,"1","310.56",2,2,2,6,"Lost Customers"
"16606.0",404,"2","357.66",2,2,2,6,"Lost Customers"
"13677.0",404,"2","556.19",2,2,2,6,"Lost Customers"
"14174.0",33,"1","134.46",4,1,1,6,"New Customers"
"17831.0",33,"1","35.40",4,1,1,6,"New Customers"
"17821.0",406,"1","334.62",2,2,2,6,"Lost Customers"
"14294.0",407,"1","375.34",2,2,2,6,"Lost Customers"
"13532.0",33,"1","210.31",4,1,1,6,"New Customers"
"16382.0",408,"2","353.10",2,2,2,6,"Lost Customers"
"15017.0",33,"1","125.58",4,1,1,6,"New Customers"
"12537.0",408,"1","612.94",2,1,3,6,"Lost Customers"
"17473.0",408,"2","607.00",2,2,2,6,"Lost Customers"
"17326.0",408,"2","321.95",2,2,2,6,"Lost Customers"
"12505.0",408,"1","787.20",2,1,3,6,"Lost Customers"
"13274.0",409,"1","360.85",2,2,2,6,"Lost Customers"
"14073.0",32,"1","151.04",4,1,1,6,"New Customers"
"16259.0",410,"3","361.94",1,3,2,6,"Needs Attention"
"13522.0",30,"1","125.80",4,1,1,6,"New Customers"
"16953.0",30,"1","20.80",4,1,1,6,"New Customers"
"17834.0",414,"2","730.47",1,2,3,6,"Lost Customers"
"18274.0",30,"1","175.92",4,1,1,6,"New Customers"
"12893.0",30,"1","188.14",4,1,1,6,"New Customers"
"13386.0",414,"2","835.46",1,2,3,6,"Lost Customers"
"14612.0",415,"1","877.70",1,2,3,6,"Lost Customers"
"15463.0",29,"1","126.14",4,1,1,6,"New Customers"
"13480.0",416,"2","627.82",1,2,3,6,"Lost Customers"
"15710.0",417,"1","898.87",1,2,3,6,"Lost Customers"
"13957.0",417,"3","458.25",1,3,2,6,"Needs Attention"
"14863.0",29,"1","266.76",4,1,1,6,"New Customers"
"12659.0",29,"1","73.68",4,1,1,6,"New Customers"
"16465.0",420,"2","746.24",1,2,3,6,"Lost Customers"
"14789.0",28,"1","197.64",4,1,1,6,"New Customers"
"15692.0",28,"1","191.04",4,1,1,6,"New Customers"
"18014.0",28,"1","158.47",4,1,1,6,"New Customers"
"16991.0",421,"1","1041.21",1,2,3,6,"Lost Customers"
"18209.0",28,"1","139.10",4,1,1,6,"New Customers"
"14956.0",421,"1","1325.00",1,1,4,6,"Lost Customers"
"13603.0",26,"1","164.34",4,1,1,6,"New Customers"
"14838.0",423,"2","773.67",1,2,3,6,"Lost Customers"
"15959.0",682,"3","579.49",1,3,2,6,"Needs Attention"
"13170.0",26,"1","116.01",4,1,1,6,"New Customers"
"13146.0",26,"1","228.91",4,1,1,6,"New Customers"
"15177.0",425,"1","948.93",1,2,3,6,"Lost Customers"
"13537.0",425,"2","717.85",1,2,3,6,"Lost Customers"
"12938.0",25,"1","114.14",4,1,1,6,"New Customers"
"13541.0",427,"2","785.25",1,2,3,6,"Lost Customers"
"15419.0",24,"1","135.86",4,1,1,6,"New Customers"
"12903.0",428,"1","833.53",1,2,3,6,"Lost Customers"
"14666.0",24,"1","179.95",4,1,1,6,"New Customers"
"15758.0",24,"1","205.25",4,1,1,6,"New Customers"
"17153.0",24,"1","213.78",4,1,1,6,"New Customers"
"15556.0",24,"1","279.77",4,1,1,6,"New Customers"
"14169.0",430,"2","616.03",1,2,3,6,"Lost Customers"
"12486.0",431,"1","917.28",1,2,3,6,"Lost Customers"
"17896.0",23,"1","256.32",4,1,1,6,"New Customers"
"13926.0",23,"1","223.85",4,1,1,6,"New Customers"
"14362.0",22,"1","161.20",4,1,1,6,"New Customers"
"15657.0",22,"1","30.00",4,1,1,6,"New Customers"
"15435.0",22,"1","149.29",4,1,1,6,"New Customers"
"13828.0",22,"1","209.49",4,1,1,6,"New Customers"
"16472.0",434,"2","789.60",1,2,3,6,"Lost Customers"
"12696.0",434,"2","731.91",1,2,3,6,"Lost Customers"
"15190.0",434,"1","834.44",1,2,3,6,"Lost Customers"
"14568.0",435,"1","919.70",1,2,3,6,"Lost Customers"
"17650.0",21,"1","166.08",4,1,1,6,"New Customers"
"12618.0",21,"1","137.31",4,1,1,6,"New Customers"
"13205.0",443,"1","2803.20",1,1,4,6,"Lost Customers"
"17904.0",21,"1","191.67",4,1,1,6,"New Customers"
"17636.0",19,"1","285.56",4,1,1,6,"New Customers"
"17161.0",444,"1","856.01",1,2,3,6,"Lost Customers"
"14881.0",19,"1","255.40",4,1,1,6,"New Customers"
"12702.0",19,"1","201.00",4,1,1,6,"New Customers"
"14860.0",19,"1","170.32",4,1,1,6,"New Customers"
"13998.0",446,"3","566.70",1,3,2,6,"Needs Attention"
"12543.0",448,"1","840.25",1,2,3,6,"Lost Customers"
"15362.0",448,"2","613.08",1,2,3,6,"Lost Customers"
"17945.0",696,"3","359.50",1,3,2,6,"Needs Attention"
"17369.0",455,"1","979.20",1,2,3,6,"Lost Customers"
"16246.0",459,"2","827.25",1,2,3,6,"Lost Customers"
"14969.0",703,"1","906.23",1,2,3,6,"Lost Customers"
"12440.0",462,"2","739.20",1,2,3,6,"Lost Customers"
"12788.0",463,"4","384.90",1,3,2,6,"Needs Attention"
"15191.0",463,"3","588.05",1,3,2,6,"Needs Attention"
"17753.0",464,"4","390.56",1,3,2,6,"Needs Attention"
"17005.0",470,"2","742.36",1,2,3,6,"Lost Customers"
"14026.0",470,"2","713.11",1,2,3,6,"Lost Customers"
"15666.0",472,"2","632.94",1,2,3,6,"Lost Customers"
"15055.0",474,"3","560.07",1,3,2,6,"Needs Attention"
"16234.0",476,"3","333.18",1,3,2,6,"Needs Attention"
"15310.0",478,"1","1634.64",1,1,4,6,"Lost Customers"
"12687.0",480,"1","1858.91",1,1,4,6,"Lost Customers"
"13150.0",484,"3","449.97",1,3,2,6,"Needs Attention"
"17067.0",724,"3","454.54",1,3,2,6,"Needs Attention"
"17482.0",487,"2","778.19",1,2,3,6,"Lost Customers"
"16939.0",488,"3","449.00",1,3,2,6,"Needs Attention"
"15908.0",490,"2","764.57",1,2,3,6,"Lost Customers"
"15873.0",499,"4","313.92",1,3,2,6,"Needs Attention"
"17918.0",500,"3","388.44",1,3,2,6,"Needs Attention"
"12801.0",500,"1","871.82",1,2,3,6,"Lost Customers"
"14115.0",501,"2","622.67",1,2,3,6,"Lost Customers"
"16075.0",502,"2","736.93",1,2,3,6,"Lost Customers"
"14563.0",509,"2","664.32",1,2,3,6,"Lost Customers"
"13997.0",519,"3","382.31",1,3,2,6,"Needs Attention"
"16544.0",519,"4","376.70",1,3,2,6,"Needs Attention"
"15137.0",520,"2","823.40",1,2,3,6,"Lost Customers"
"12632.0",520,"2","714.88",1,2,3,6,"Lost Customers"
"16390.0",536,"3","467.50",1,3,2,6,"Needs Attention"
"16538.0",541,"3","399.62",1,3,2,6,"Needs Attention"
"16132.0",544,"2","664.20",1,2,3,6,"Lost Customers"
"13190.0",544,"3","570.66",1,3,2,6,"Needs Attention"
"13337.0",546,"1","1575.26",1,1,4,6,"Lost Customers"
"15956.0",551,"2","617.60",1,2,3,6,"Lost Customers"
"12911.0",551,"1","1680.47",1,1,4,6,"Lost Customers"
"15323.0",562,"3","434.60",1,3,2,6,"Needs Attention"
"16844.0",562,"2","614.34",1,2,3,6,"Lost Customers"
"13020.0",562,"2","618.96",1,2,3,6,"Lost Customers"
"15559.0",568,"1","1109.40",1,2,3,6,"Lost Customers"
"18275.0",578,"2","741.85",1,2,3,6,"Lost Customers"
"13175.0",582,"2","831.45",1,2,3,6,"Lost Customers"
"12503.0",584,"1","896.00",1,2,3,6,"Lost Customers"
"13775.0",590,"1","1049.66",1,2,3,6,"Lost Customers"
"13204.0",731,"1","966.66",1,2,3,6,"Lost Customers"
"13494.0",311,"1","316.26",2,2,2,6,"Lost Customers"
"12350.0",310,"1","294.40",2,2,2,6,"Lost Customers"
"18250.0",310,"1","349.27",2,2,2,6,"Lost Customers"
"12559.0",310,"2","525.71",2,2,2,6,"Lost Customers"
"16030.0",309,"1","331.24",2,2,2,6,"Lost Customers"
"17843.0",303,"2","318.48",2,2,2,6,"Lost Customers"
"16425.0",302,"1","302.70",2,2,2,6,"Lost Customers"
"16897.0",299,"2","289.78",2,2,2,6,"Lost Customers"
"15236.0",298,"1","321.05",2,2,2,6,"Lost Customers"
"15670.0",296,"2","325.20",2,2,2,6,"Lost Customers"
"16509.0",296,"1","363.70",2,2,2,6,"Lost Customers"
"16148.0",296,"2","386.62",2,2,2,6,"Lost Customers"
"12852.0",294,"1","311.55",2,2,2,6,"Lost Customers"
"13932.0",294,"1","307.40",2,2,2,6,"Lost Customers"
"16765.0",294,"2","454.75",2,2,2,6,"Lost Customers"
"12365.0",291,"1","320.69",2,2,2,6,"Lost Customers"
"13600.0",312,"2","518.42",2,2,2,6,"Lost Customers"
"17171.0",289,"2","384.59",2,2,2,6,"Lost Customers"
"18056.0",288,"2","554.60",2,2,2,6,"Lost Customers"
"13751.0",288,"1","296.25",2,2,2,6,"Lost Customers"
"17474.0",599,"1","1047.00",1,2,3,6,"Lost Customers"
"14036.0",284,"1","626.65",2,1,3,6,"Lost Customers"
"15709.0",283,"2","327.85",2,2,2,6,"Lost Customers"
"16078.0",283,"2","362.99",2,2,2,6,"Lost Customers"
"12834.0",282,"1","312.38",2,2,2,6,"Lost Customers"
"17789.0",281,"2","397.15",2,2,2,6,"Lost Customers"
"15087.0",281,"1","306.94",2,2,2,6,"Lost Customers"
"12614.0",277,"1","315.60",2,2,2,6,"Lost Customers"
"18280.0",277,"2","488.15",2,2,2,6,"Lost Customers"
"14012.0",277,"1","328.80",2,2,2,6,"Lost Customers"
"13493.0",275,"2","498.63",2,2,2,6,"Lost Customers"
"12881.0",275,"1","298.00",2,2,2,6,"Lost Customers"
"14603.0",274,"1","660.00",2,1,3,6,"Lost Customers"
"15308.0",274,"1","310.47",2,2,2,6,"Lost Customers"
"13226.0",273,"2","312.46",2,2,2,6,"Lost Customers"
"13133.0",273,"3","200.45",2,3,1,6,"Needs Attention"
"13708.0",271,"1","294.88",2,2,2,6,"Lost Customers"
"15047.0",269,"1","343.62",2,2,2,6,"Lost Customers"
"16297.0",268,"1","301.90",2,2,2,6,"Lost Customers"
"14840.0",267,"2","362.71",2,2,2,6,"Lost Customers"
"13216.0",267,"1","333.74",2,2,2,6,"Lost Customers"
"14633.0",266,"1","344.90",2,2,2,6,"Lost Customers"
"16402.0",264,"2","511.40",2,2,2,6,"Lost Customers"
"14762.0",263,"2","417.57",2,2,2,6,"Lost Customers"
"17678.0",263,"2","599.76",2,2,2,6,"Lost Customers"
"17763.0",263,"4","86.15",2,3,1,6,"Needs Attention"
"16721.0",262,"1","292.47",2,2,2,6,"Lost Customers"
"15437.0",262,"2","393.45",2,2,2,6,"Lost Customers"
"18191.0",261,"2","529.40",2,2,2,6,"Lost Customers"
"17507.0",261,"2","605.58",2,2,2,6,"Lost Customers"
"16063.0",260,"1","335.32",2,2,2,6,"Lost Customers"
"16022.0",260,"1","628.28",2,1,3,6,"Lost Customers"
"13341.0",260,"1","775.85",2,1,3,6,"Lost Customers"
"13060.0",253,"1","307.53",2,2,2,6,"Lost Customers"
"15894.0",253,"2","418.99",2,2,2,6,"Lost Customers"
"14957.0",253,"2","333.29",2,2,2,6,"Lost Customers"
"14886.0",252,"1","364.80",2,2,2,6,"Lost Customers"
"14747.0",249,"1","328.20",2,2,2,6,"Lost Customers"
"18185.0",249,"1","304.25",2,2,2,6,"Lost Customers"
"13718.0",246,"2","306.55",2,2,2,6,"Lost Customers"
"14981.0",246,"2","372.92",2,2,2,6,"Lost Customers"
"13161.0",313,"2","478.88",2,2,2,6,"Lost Customers"
"16552.0",242,"2","475.02",2,2,2,6,"Lost Customers"
"14311.0",242,"2","516.45",2,2,2,6,"Lost Customers"
"15147.0",240,"1","623.50",2,1,3,6,"Lost Customers"
"15230.0",239,"2","429.60",2,2,2,6,"Lost Customers"
"16957.0",239,"2","416.64",2,2,2,6,"Lost Customers"
"17601.0",239,"2","421.06",2,2,2,6,"Lost Customers"
"15135.0",239,"2","305.68",2,2,2,6,"Lost Customers"
"17697.0",236,"1","338.95",2,2,2,6,"Lost Customers"
"16217.0",235,"2","304.25",2,2,2,6,"Lost Customers"
"17120.0",233,"1","307.46",2,2,2,6,"Lost Customers"
"14148.0",233,"2","466.29",2,2,2,6,"Lost Customers"
"17718.0",232,"2","439.18",2,2,2,6,"Lost Customers"
"13482.0",232,"2","336.09",2,2,2,6,"Lost Customers"
"17187.0",226,"2","467.71",2,2,2,6,"Lost Customers"
"15143.0",225,"2","563.63",2,2,2,6,"Lost Customers"
"17501.0",220,"2","288.60",2,2,2,6,"Lost Customers"
"13731.0",219,"2","610.59",2,2,2,6,"Lost Customers"
"16990.0",218,"2","344.00",2,2,2,6,"Lost Customers"
"18227.0",217,"2","388.75",2,2,2,6,"Lost Customers"
"17039.0",604,"1","1954.99",1,1,4,6,"Lost Customers"
"12888.0",214,"2","354.12",2,2,2,6,"Lost Customers"
"15433.0",213,"2","533.30",2,2,2,6,"Lost Customers"
"14760.0",297,"1","89.20",2,2,1,5,"Lost Customers"
"16649.0",520,"1","306.58",1,2,2,5,"Lost Customers"
"16697.0",241,"1","112.75",2,2,1,5,"Lost Customers"
"18126.0",60,"1","204.49",3,1,1,5,"Promising"
"16114.0",170,"1","135.75",3,1,1,5,"Promising"
"18187.0",631,"1","724.89",1,1,3,5,"Lost Customers"
"15307.0",95,"1","205.30",3,1,1,5,"Promising"
"15650.0",521,"2","553.88",1,2,2,5,"Lost Customers"
"13826.0",176,"1","189.50",3,1,1,5,"Promising"
"15395.0",325,"1","107.45",2,2,1,5,"Lost Customers"
"17467.0",395,"1","102.60",2,2,1,5,"Lost Customers"
"12825.0",521,"2","518.63",1,2,2,5,"Lost Customers"
"12730.0",521,"1","703.25",1,1,3,5,"Lost Customers"
"16179.0",60,"1","215.83",3,1,1,5,"Promising"
"16116.0",211,"1","612.78",2,1,2,5,"Lost Customers"
"16084.0",299,"1","436.18",2,1,2,5,"Lost Customers"
"14094.0",439,"1","335.22",1,2,2,5,"Lost Customers"
"16974.0",522,"2","365.50",1,2,2,5,"Lost Customers"
"18159.0",301,"1","530.15",2,1,2,5,"Lost Customers"
"15503.0",362,"2","267.15",2,2,1,5,"Lost Customers"
"13604.0",658,"1","717.62",1,1,3,5,"Lost Customers"
"12760.0",455,"1","317.80",1,2,2,5,"Lost Customers"
"17748.0",527,"1","358.15",1,2,2,5,"Lost Customers"
"18088.0",61,"1","167.67",3,1,1,5,"Promising"
"16248.0",61,"1","152.94",3,1,1,5,"Promising"
"17278.0",241,"2","271.24",2,2,1,5,"Lost Customers"
"15914.0",378,"2","205.99",2,2,1,5,"Lost Customers"
"17441.0",732,"1","293.35",1,2,2,5,"Lost Customers"
"16405.0",302,"2","167.25",2,2,1,5,"Lost Customers"
"15682.0",599,"2","318.24",1,2,2,5,"Lost Customers"
"15188.0",725,"1","310.43",1,2,2,5,"Lost Customers"
"15635.0",395,"1","100.35",2,2,1,5,"Lost Customers"
"14801.0",61,"1","193.14",3,1,1,5,"Promising"
"16257.0",176,"1","46.95",3,1,1,5,"Promising"
"13193.0",61,"1","117.88",3,1,1,5,"Promising"
"12529.0",528,"1","316.48",1,2,2,5,"Lost Customers"
"14835.0",528,"2","297.00",1,2,2,5,"Lost Customers"
"17437.0",529,"1","373.17",1,2,2,5,"Lost Customers"
"13876.0",63,"1","122.70",3,1,1,5,"Promising"
"14792.0",63,"1","6.20",3,1,1,5,"Promising"
"13130.0",94,"1","64.00",3,1,1,5,"Promising"
"17970.0",211,"1","582.59",2,1,2,5,"Lost Customers"
"13244.0",92,"1","121.74",3,1,1,5,"Promising"
"12485.0",529,"1","708.10",1,1,3,5,"Lost Customers"
"13806.0",63,"1","256.38",3,1,1,5,"Promising"
"18031.0",378,"1","462.10",2,1,2,5,"Lost Customers"
"15928.0",656,"1","293.53",1,2,2,5,"Lost Customers"
"12460.0",456,"1","296.65",1,2,2,5,"Lost Customers"
"15102.0",530,"2","554.67",1,2,2,5,"Lost Customers"
"15035.0",89,"1","252.73",3,1,1,5,"Promising"
"16683.0",533,"1","320.25",1,2,2,5,"Lost Customers"
"17291.0",308,"1","550.80",2,1,2,5,"Lost Customers"
"15442.0",248,"1","594.00",2,1,2,5,"Lost Customers"
"17435.0",411,"1","331.35",1,2,2,5,"Lost Customers"
"17030.0",63,"1","146.87",3,1,1,5,"Promising"
"16959.0",87,"1","117.35",3,1,1,5,"Promising"
"17956.0",249,"1","12.75",2,2,1,5,"Lost Customers"
"17439.0",655,"1","325.74",1,2,2,5,"Lost Customers"
"12810.0",534,"2","534.99",1,2,2,5,"Lost Customers"
"15090.0",308,"1","381.32",2,1,2,5,"Lost Customers"
"13942.0",534,"1","320.00",1,2,2,5,"Lost Customers"
"14610.0",395,"2","24.35",2,2,1,5,"Lost Customers"
"16142.0",249,"1","535.34",2,1,2,5,"Lost Customers"
"13688.0",635,"1","375.50",1,2,2,5,"Lost Customers"
"17347.0",86,"1","228.96",3,1,1,5,"Promising"
"13419.0",63,"1","221.06",3,1,1,5,"Promising"
"13087.0",726,"1","313.64",1,2,2,5,"Lost Customers"
"14771.0",621,"2","594.62",1,2,2,5,"Lost Customers"
"17877.0",170,"1","237.61",3,1,1,5,"Promising"
"13581.0",309,"2","280.53",2,2,1,5,"Lost Customers"
"15126.0",536,"2","449.49",1,2,2,5,"Lost Customers"
"17946.0",233,"2","149.58",2,2,1,5,"Lost Customers"
"13281.0",439,"1","350.85",1,2,2,5,"Lost Customers"
"15937.0",64,"1","145.35",3,1,1,5,"Promising"
"14518.0",64,"1","174.37",3,1,1,5,"Promising"
"13348.0",64,"1","233.76",3,1,1,5,"Promising"
"15583.0",376,"1","107.86",2,2,1,5,"Lost Customers"
"14689.0",208,"1","112.80",2,2,1,5,"Lost Customers"
"12995.0",85,"1","211.32",3,1,1,5,"Promising"
"14919.0",539,"1","359.35",1,2,2,5,"Lost Customers"
"16381.0",395,"2","258.70",2,2,1,5,"Lost Customers"
"13618.0",173,"1","177.34",3,1,1,5,"Promising"
"15899.0",368,"1","112.50",2,2,1,5,"Lost Customers"
"18134.0",598,"2","445.00",1,2,2,5,"Lost Customers"
"17628.0",81,"1","75.75",3,1,1,5,"Promising"
"12780.0",598,"1","322.40",1,2,2,5,"Lost Customers"
"15718.0",540,"1","293.79",1,2,2,5,"Lost Customers"
"13096.0",394,"1","419.70",2,1,2,5,"Lost Customers"
"17907.0",640,"1","291.76",1,2,2,5,"Lost Customers"
"16215.0",80,"1","242.35",3,1,1,5,"Promising"
"14242.0",234,"2","280.55",2,2,1,5,"Lost Customers"
"13483.0",65,"1","140.34",3,1,1,5,"Promising"
"13698.0",596,"2","465.53",1,2,2,5,"Lost Customers"
"17475.0",79,"1","194.37",3,1,1,5,"Promising"
"13765.0",653,"1","352.82",1,2,2,5,"Lost Customers"
"16192.0",735,"1","351.30",1,2,2,5,"Lost Customers"
"17488.0",641,"1","336.50",1,2,2,5,"Lost Customers"
"16630.0",407,"1","106.80",2,2,1,5,"Lost Customers"
"17057.0",596,"1","288.79",1,2,2,5,"Lost Customers"
"14119.0",375,"2","183.37",2,2,1,5,"Lost Customers"
"13625.0",596,"1","301.26",1,2,2,5,"Lost Customers"
"13011.0",372,"1","101.10",2,2,1,5,"Lost Customers"
"16247.0",170,"1","114.56",3,1,1,5,"Promising"
"14303.0",407,"2","277.94",2,2,1,5,"Lost Customers"
"18253.0",642,"1","317.88",1,2,2,5,"Lost Customers"
"16585.0",593,"2","341.59",1,2,2,5,"Lost Customers"
"18091.0",593,"1","360.85",1,2,2,5,"Lost Customers"
"17207.0",652,"1","302.37",1,2,2,5,"Lost Customers"
"14259.0",141,"1","120.00",3,1,1,5,"Promising"
"16213.0",78,"1","159.00",3,1,1,5,"Promising"
"17079.0",78,"1","118.80",3,1,1,5,"Promising"
"14369.0",642,"2","469.13",1,2,2,5,"Lost Customers"
"13383.0",543,"1","305.28",1,2,2,5,"Lost Customers"
"17185.0",591,"3","229.46",1,3,1,5,"Needs Attention"
"15001.0",394,"2","228.86",2,2,1,5,"Lost Customers"
"14269.0",439,"1","295.73",1,2,2,5,"Lost Customers"
"17701.0",252,"1","417.95",2,1,2,5,"Lost Customers"
"16355.0",375,"1","416.35",2,1,2,5,"Lost Customers"
"15627.0",457,"2","566.90",1,2,2,5,"Lost Customers"
"17855.0",372,"1","417.94",2,1,2,5,"Lost Customers"
"16543.0",591,"1","292.21",1,2,2,5,"Lost Customers"
"16675.0",441,"2","608.86",1,2,2,5,"Lost Customers"
"15412.0",171,"1","190.53",3,1,1,5,"Promising"
"16752.0",372,"1","415.00",2,1,2,5,"Lost Customers"
"14940.0",417,"2","531.49",1,2,2,5,"Lost Customers"
"14471.0",591,"2","400.95",1,2,2,5,"Lost Customers"
"15684.0",547,"3","173.95",1,3,1,5,"Needs Attention"
"16591.0",68,"1","213.50",3,1,1,5,"Promising"
"18244.0",430,"2","568.64",1,2,2,5,"Lost Customers"
"15593.0",70,"1","199.80",3,1,1,5,"Promising"
"15085.0",729,"1","347.54",1,2,2,5,"Lost Customers"
"14724.0",590,"1","345.25",1,2,2,5,"Lost Customers"
"16757.0",318,"2","270.48",2,2,1,5,"Lost Customers"
"17879.0",173,"1","178.52",3,1,1,5,"Promising"
"12634.0",548,"1","360.00",1,2,2,5,"Lost Customers"
"15818.0",588,"1","340.50",1,2,2,5,"Lost Customers"
"17808.0",548,"4","262.64",1,3,1,5,"Needs Attention"
"13279.0",78,"1","137.75",3,1,1,5,"Promising"
"15909.0",173,"1","191.94",3,1,1,5,"Promising"
"14877.0",418,"2","437.00",1,2,2,5,"Lost Customers"
"12575.0",457,"2","568.82",1,2,2,5,"Lost Customers"
"15477.0",649,"1","368.40",1,2,2,5,"Lost Customers"
"13095.0",70,"1","74.40",3,1,1,5,"Promising"
"14168.0",420,"2","370.45",1,2,2,5,"Lost Customers"
"15391.0",584,"1","289.87",1,2,2,5,"Lost Customers"
"17693.0",137,"1","200.47",3,1,1,5,"Promising"
"16857.0",442,"1","352.80",1,2,2,5,"Lost Customers"
"13364.0",71,"1","134.96",3,1,1,5,"Promising"
"15175.0",71,"1","224.14",3,1,1,5,"Promising"
"15285.0",407,"1","94.92",2,2,1,5,"Lost Customers"
"14652.0",77,"1","114.18",3,1,1,5,"Promising"
"12718.0",71,"1","202.25",3,1,1,5,"Promising"
"18163.0",584,"1","728.84",1,1,3,5,"Lost Customers"
"16534.0",642,"1","635.90",1,1,3,5,"Lost Customers"
"16576.0",420,"2","540.87",1,2,2,5,"Lost Customers"
"13551.0",319,"2","244.20",2,2,1,5,"Lost Customers"
"13400.0",582,"1","310.83",1,2,2,5,"Lost Customers"
"15552.0",217,"2","252.52",2,2,1,5,"Lost Customers"
"15591.0",582,"3","217.90",1,3,1,5,"Needs Attention"
"13385.0",329,"1","534.57",2,1,2,5,"Lost Customers"
"18206.0",553,"1","314.66",1,2,2,5,"Lost Customers"
"13025.0",731,"1","323.39",1,2,2,5,"Lost Customers"
"13886.0",71,"1","243.56",3,1,1,5,"Promising"
"16338.0",157,"1","214.80",3,1,1,5,"Promising"
"15744.0",77,"1","34.80",3,1,1,5,"Promising"
"15461.0",460,"2","429.70",1,2,2,5,"Lost Customers"
"13264.0",442,"1","722.56",1,1,3,5,"Lost Customers"
"14826.0",581,"2","385.20",1,2,2,5,"Lost Customers"
"17170.0",374,"2","178.68",2,2,1,5,"Lost Customers"
"14109.0",72,"1","144.20",3,1,1,5,"Promising"
"12677.0",555,"2","359.10",1,2,2,5,"Lost Customers"
"15302.0",730,"1","308.00",1,2,2,5,"Lost Customers"
"13061.0",72,"1","248.61",3,1,1,5,"Promising"
"14100.0",137,"1","194.90",3,1,1,5,"Promising"
"13111.0",718,"1","321.88",1,2,2,5,"Lost Customers"
"17903.0",394,"1","381.09",2,1,2,5,"Lost Customers"
"13498.0",730,"1","327.38",1,2,2,5,"Lost Customers"
"16273.0",648,"2","336.04",1,2,2,5,"Lost Customers"
"15711.0",556,"2","420.25",1,2,2,5,"Lost Customers"
"12943.0",558,"2","496.50",1,2,2,5,"Lost Customers"
"15118.0",134,"1","244.80",3,1,1,5,"Promising"
"12499.0",560,"1","357.72",1,2,2,5,"Lost Customers"
"13127.0",77,"1","259.17",3,1,1,5,"Promising"
"17563.0",578,"2","392.38",1,2,2,5,"Lost Customers"
"17296.0",730,"1","338.13",1,2,2,5,"Lost Customers"
"17217.0",234,"2","218.00",2,2,1,5,"Lost Customers"
"17077.0",578,"1","306.00",1,2,2,5,"Lost Customers"
"13580.0",406,"1","107.75",2,2,1,5,"Lost Customers"
"15348.0",72,"1","158.04",3,1,1,5,"Promising"
"15746.0",134,"1","196.88",3,1,1,5,"Promising"
"15878.0",561,"2","330.77",1,2,2,5,"Lost Customers"
"17498.0",75,"1","272.22",3,1,1,5,"Promising"
"16604.0",562,"2","432.45",1,2,2,5,"Lost Customers"
"13834.0",576,"2","324.19",1,2,2,5,"Lost Customers"
"14018.0",645,"1","367.15",1,2,2,5,"Lost Customers"
"14143.0",133,"1","115.80",3,1,1,5,"Promising"
"16594.0",75,"1","181.09",3,1,1,5,"Promising"
"17577.0",645,"2","348.75",1,2,2,5,"Lost Customers"
"13847.0",719,"1","310.72",1,2,2,5,"Lost Customers"
"15225.0",234,"1","409.40",2,1,2,5,"Lost Customers"
"13866.0",74,"1","145.67",3,1,1,5,"Promising"
"16328.0",563,"1","310.83",1,2,2,5,"Lost Customers"
"14296.0",421,"2","456.40",1,2,2,5,"Lost Customers"
"17925.0",372,"1","488.16",2,1,2,5,"Lost Customers"
"13432.0",571,"2","436.55",1,2,2,5,"Lost Customers"
"17741.0",406,"2","101.10",2,2,1,5,"Lost Customers"
"13747.0",373,"2","249.40",2,2,1,5,"Lost Customers"
"17815.0",393,"1","591.96",2,1,2,5,"Lost Customers"
"15138.0",393,"1","502.52",2,1,2,5,"Lost Customers"
"16635.0",406,"1","473.00",2,1,2,5,"Lost Customers"
"18208.0",565,"1","360.08",1,2,2,5,"Lost Customers"
"14010.0",565,"2","445.15",1,2,2,5,"Lost Customers"
"13568.0",173,"1","192.85",3,1,1,5,"Promising"
"13616.0",568,"2","288.10",1,2,2,5,"Lost Customers"
"15007.0",159,"1","156.91",3,1,1,5,"Promising"
"13164.0",569,"2","372.20",1,2,2,5,"Lost Customers"
"14058.0",462,"2","469.19",1,2,2,5,"Lost Customers"
"15282.0",570,"1","348.59",1,2,2,5,"Lost Customers"
"17393.0",410,"2","381.15",1,2,2,5,"Lost Customers"
"18070.0",669,"1","314.10",1,2,2,5,"Lost Customers"
"15776.0",133,"1","241.62",3,1,1,5,"Promising"
"18182.0",463,"1","291.13",1,2,2,5,"Lost Customers"
"13472.0",463,"2","592.24",1,2,2,5,"Lost Customers"
"17294.0",669,"2","467.79",1,2,2,5,"Lost Customers"
"17810.0",668,"2","344.86",1,2,2,5,"Lost Customers"
"15438.0",131,"1","156.58",3,1,1,5,"Promising"
"15979.0",602,"1","329.22",1,2,2,5,"Lost Customers"
"12447.0",243,"1","431.49",2,1,2,5,"Lost Customers"
"17823.0",421,"2","494.25",1,2,2,5,"Lost Customers"
"17899.0",159,"1","155.80",3,1,1,5,"Promising"
"17927.0",721,"1","294.00",1,2,2,5,"Lost Customers"
"13961.0",392,"1","538.40",2,1,2,5,"Lost Customers"
"12608.0",404,"1","415.79",2,1,2,5,"Lost Customers"
"12898.0",463,"2","310.96",1,2,2,5,"Lost Customers"
"14348.0",260,"1","409.57",2,1,2,5,"Lost Customers"
"14611.0",443,"2","604.33",1,2,2,5,"Lost Customers"
"15655.0",243,"1","560.67",2,1,2,5,"Lost Customers"
"13399.0",464,"3","275.40",1,3,1,5,"Needs Attention"
"14270.0",331,"1","492.65",2,1,2,5,"Lost Customers"
"13073.0",411,"2","418.08",1,2,2,5,"Lost Customers"
"12761.0",464,"1","712.95",1,1,3,5,"Lost Customers"
"18162.0",732,"1","379.16",1,2,2,5,"Lost Customers"
"14181.0",410,"2","310.55",1,2,2,5,"Lost Customers"
"12804.0",465,"2","327.02",1,2,2,5,"Lost Customers"
"14433.0",465,"1","289.60",1,2,2,5,"Lost Customers"
"14429.0",403,"1","516.28",2,1,2,5,"Lost Customers"
"15897.0",194,"2","222.05",2,2,1,5,"Lost Customers"
"15735.0",421,"1","327.68",1,2,2,5,"Lost Customers"
"15566.0",392,"2","227.87",2,2,1,5,"Lost Customers"
"17497.0",390,"2","287.25",2,2,1,5,"Lost Customers"
"17276.0",402,"1","507.14",2,1,2,5,"Lost Customers"
"14076.0",129,"1","122.47",3,1,1,5,"Promising"
"17792.0",467,"2","370.05",1,2,2,5,"Lost Customers"
"18063.0",390,"2","186.60",2,2,1,5,"Lost Customers"
"16864.0",434,"2","409.25",1,2,2,5,"Lost Customers"
"13535.0",402,"1","89.50",2,2,1,5,"Lost Customers"
"17270.0",469,"2","604.40",1,2,2,5,"Lost Customers"
"12946.0",436,"1","324.45",1,2,2,5,"Lost Customers"
"12899.0",413,"1","366.40",1,2,2,5,"Lost Customers"
"18090.0",421,"1","349.40",1,2,2,5,"Lost Customers"
"12750.0",128,"1","275.88",3,1,1,5,"Promising"
"17106.0",389,"1","491.23",2,1,2,5,"Lost Customers"
"13024.0",470,"2","555.87",1,2,2,5,"Lost Customers"
"18099.0",127,"1","168.31",3,1,1,5,"Promising"
"14791.0",606,"1","303.63",1,2,2,5,"Lost Customers"
"14268.0",470,"1","354.85",1,2,2,5,"Lost Customers"
"13582.0",389,"2","241.68",2,2,1,5,"Lost Customers"
"15935.0",239,"1","108.04",2,2,1,5,"Lost Customers"
"14200.0",617,"1","379.20",1,2,2,5,"Lost Customers"
"12800.0",470,"2","500.25",1,2,2,5,"Lost Customers"
"13905.0",732,"1","312.65",1,2,2,5,"Lost Customers"
"14363.0",402,"2","227.47",2,2,1,5,"Lost Customers"
"12869.0",681,"1","337.67",1,2,2,5,"Lost Customers"
"16166.0",428,"2","435.83",1,2,2,5,"Lost Customers"
"16310.0",414,"2","460.08",1,2,2,5,"Lost Customers"
"13218.0",127,"1","62.64",3,1,1,5,"Promising"
"17486.0",261,"1","396.87",2,1,2,5,"Lost Customers"
"16439.0",722,"1","310.70",1,2,2,5,"Lost Customers"
"17717.0",421,"1","376.92",1,2,2,5,"Lost Customers"
"15968.0",388,"1","415.30",2,1,2,5,"Lost Customers"
"15196.0",432,"2","316.25",1,2,2,5,"Lost Customers"
"13733.0",410,"2","487.03",1,2,2,5,"Lost Customers"
"12564.0",261,"1","402.90",2,1,2,5,"Lost Customers"
"13123.0",472,"2","506.75",1,2,2,5,"Lost Customers"
"18186.0",722,"1","329.58",1,2,2,5,"Lost Customers"
"14697.0",218,"2","188.61",2,2,1,5,"Lost Customers"
"15139.0",239,"2","178.96",2,2,1,5,"Lost Customers"
"15775.0",245,"2","150.50",2,2,1,5,"Lost Customers"
"14617.0",402,"2","190.47",2,2,1,5,"Lost Customers"
"13144.0",332,"2","135.35",2,2,1,5,"Lost Customers"
"14288.0",213,"1","426.60",2,1,2,5,"Lost Customers"
"15982.0",605,"1","324.51",1,2,2,5,"Lost Customers"
"17471.0",474,"1","321.65",1,2,2,5,"Lost Customers"
"18049.0",437,"2","556.10",1,2,2,5,"Lost Customers"
"13624.0",388,"1","462.08",2,1,2,5,"Lost Customers"
"12821.0",214,"2","220.80",2,2,1,5,"Lost Customers"
"16890.0",476,"3","277.91",1,3,1,5,"Needs Attention"
"17182.0",422,"2","321.30",1,2,2,5,"Lost Customers"
"16195.0",723,"1","323.25",1,2,2,5,"Lost Customers"
"14417.0",387,"1","604.20",2,1,2,5,"Lost Customers"
"15337.0",411,"1","373.02",1,2,2,5,"Lost Customers"
"13289.0",723,"1","307.95",1,2,2,5,"Lost Customers"
"17699.0",476,"2","442.00",1,2,2,5,"Lost Customers"
"16427.0",263,"2","241.06",2,2,1,5,"Lost Customers"
"16302.0",126,"1","233.22",3,1,1,5,"Promising"
"15242.0",422,"1","302.04",1,2,2,5,"Lost Customers"
"18256.0",387,"1","110.70",2,2,1,5,"Lost Customers"
"12850.0",445,"1","330.00",1,2,2,5,"Lost Customers"
"17331.0",123,"1","175.20",3,1,1,5,"Promising"
"15445.0",264,"2","284.50",2,2,1,5,"Lost Customers"
"17431.0",313,"1","403.30",2,1,2,5,"Lost Customers"
"17745.0",477,"2","600.34",1,2,2,5,"Lost Customers"
"16286.0",477,"2","328.95",1,2,2,5,"Lost Customers"
"17627.0",478,"1","296.36",1,2,2,5,"Lost Customers"
"12900.0",422,"1","340.33",1,2,2,5,"Lost Customers"
"15915.0",401,"1","429.00",2,1,2,5,"Lost Customers"
"14749.0",479,"1","310.15",1,2,2,5,"Lost Customers"
"17443.0",219,"1","534.24",2,1,2,5,"Lost Customers"
"14531.0",479,"1","376.34",1,2,2,5,"Lost Customers"
"15008.0",480,"2","360.00",1,2,2,5,"Lost Customers"
"14990.0",612,"2","305.42",1,2,2,5,"Lost Customers"
"14011.0",480,"2","457.82",1,2,2,5,"Lost Customers"
"15765.0",666,"1","370.63",1,2,2,5,"Lost Customers"
"18195.0",387,"1","101.16",2,2,1,5,"Lost Customers"
"17900.0",190,"2","112.20",2,2,1,5,"Lost Customers"
"13645.0",120,"1","252.10",3,1,1,5,"Promising"
"13374.0",414,"2","422.80",1,2,2,5,"Lost Customers"
"15893.0",481,"1","305.28",1,2,2,5,"Lost Customers"
"14996.0",481,"2","442.29",1,2,2,5,"Lost Customers"
"15895.0",149,"1","179.17",3,1,1,5,"Promising"
"14097.0",481,"2","422.86",1,2,2,5,"Lost Customers"
"14406.0",119,"1","156.75",3,1,1,5,"Promising"
"15995.0",414,"1","696.19",1,1,3,5,"Lost Customers"
"12742.0",625,"1","1201.52",1,1,3,5,"Lost Customers"
"12542.0",484,"2","481.88",1,2,2,5,"Lost Customers"
"14630.0",484,"1","338.65",1,2,2,5,"Lost Customers"
"17833.0",723,"1","342.36",1,2,2,5,"Lost Customers"
"17891.0",162,"1","203.86",3,1,1,5,"Promising"
"14149.0",220,"1","446.62",2,1,2,5,"Lost Customers"
"16632.0",485,"2","406.40",1,2,2,5,"Lost Customers"
"14736.0",485,"2","401.08",1,2,2,5,"Lost Customers"
"13358.0",268,"1","439.03",2,1,2,5,"Lost Customers"
"16615.0",626,"1","291.50",1,2,2,5,"Lost Customers"
"12941.0",724,"1","377.49",1,2,2,5,"Lost Customers"
"13621.0",116,"1","213.85",3,1,1,5,"Promising"
"13837.0",211,"2","271.24",2,2,1,5,"Lost Customers"
"12641.0",115,"1","145.90",3,1,1,5,"Promising"
"13043.0",273,"1","516.42",2,1,2,5,"Lost Customers"
"16849.0",186,"1","124.57",3,1,1,5,"Promising"
"15578.0",162,"1","127.10",3,1,1,5,"Promising"
"15541.0",114,"1","85.13",3,1,1,5,"Promising"
"16577.0",666,"1","380.00",1,2,2,5,"Lost Customers"
"14070.0",684,"1","326.55",1,2,2,5,"Lost Customers"
"18086.0",274,"1","101.34",2,2,1,5,"Lost Customers"
"15595.0",487,"1","357.60",1,2,2,5,"Lost Customers"
"16089.0",386,"2","271.44",2,2,1,5,"Lost Customers"
"13661.0",603,"1","325.24",1,2,2,5,"Lost Customers"
"14351.0",164,"1","51.00",3,1,1,5,"Promising"
"12411.0",409,"1","346.90",1,2,2,5,"Lost Customers"
"15029.0",619,"1","365.10",1,2,2,5,"Lost Customers"
"16263.0",423,"1","351.01",1,2,2,5,"Lost Customers"
"13273.0",113,"1","138.98",3,1,1,5,"Promising"
"13981.0",415,"1","331.14",1,2,2,5,"Lost Customers"
"13678.0",151,"1","232.60",3,1,1,5,"Promising"
"15415.0",313,"1","572.81",2,1,2,5,"Lost Customers"
"13036.0",684,"1","307.10",1,2,2,5,"Lost Customers"
"14043.0",491,"2","304.25",1,2,2,5,"Lost Customers"
"18233.0",325,"1","440.00",2,1,2,5,"Lost Customers"
"17747.0",112,"1","71.40",3,1,1,5,"Promising"
"16799.0",432,"2","495.98",1,2,2,5,"Lost Customers"
"17493.0",385,"1","100.91",2,2,1,5,"Lost Customers"
"16524.0",446,"2","308.14",1,2,2,5,"Lost Customers"
"14271.0",225,"2","219.13",2,2,1,5,"Lost Customers"
"15770.0",612,"1","321.45",1,2,2,5,"Lost Customers"
"16828.0",112,"1","113.50",3,1,1,5,"Promising"
"16476.0",431,"1","350.35",1,2,2,5,"Lost Customers"
"17269.0",385,"1","537.46",2,1,2,5,"Lost Customers"
"13286.0",600,"1","734.91",1,1,3,5,"Lost Customers"
"15846.0",385,"1","107.01",2,2,1,5,"Lost Customers"
"12968.0",112,"1","135.95",3,1,1,5,"Promising"
"16958.0",435,"1","809.44",1,1,3,5,"Lost Customers"
"14253.0",493,"2","363.40",1,2,2,5,"Lost Customers"
"15212.0",241,"2","208.28",2,2,1,5,"Lost Customers"
"13679.0",493,"3","281.26",1,3,1,5,"Needs Attention"
"17710.0",423,"1","293.50",1,2,2,5,"Lost Customers"
"16269.0",437,"1","717.57",1,1,3,5,"Lost Customers"
"18120.0",214,"1","111.15",2,2,1,5,"Lost Customers"
"13628.0",676,"1","310.14",1,2,2,5,"Lost Customers"
"13406.0",427,"2","568.92",1,2,2,5,"Lost Customers"
"14263.0",423,"1","322.93",1,2,2,5,"Lost Customers"
"18199.0",683,"1","344.75",1,2,2,5,"Lost Customers"
"15778.0",431,"1","307.95",1,2,2,5,"Lost Customers"
"16920.0",411,"1","355.45",1,2,2,5,"Lost Customers"
"15155.0",383,"1","383.97",2,1,2,5,"Lost Customers"
"13796.0",499,"1","289.70",1,2,2,5,"Lost Customers"
"17893.0",225,"1","112.25",2,2,1,5,"Lost Customers"
"15080.0",427,"2","546.25",1,2,2,5,"Lost Customers"
"13197.0",609,"1","373.01",1,2,2,5,"Lost Customers"
"14772.0",112,"1","139.26",3,1,1,5,"Promising"
"15962.0",449,"1","295.83",1,2,2,5,"Lost Customers"
"15313.0",110,"1","52.00",3,1,1,5,"Promising"
"12548.0",166,"1","67.20",3,1,1,5,"Promising"
"13275.0",383,"2","241.66",2,2,1,5,"Lost Customers"
"17285.0",628,"2","420.84",1,2,2,5,"Lost Customers"
"14523.0",108,"1","241.09",3,1,1,5,"Promising"
"13033.0",357,"2","220.55",2,2,1,5,"Lost Customers"
"16646.0",449,"1","678.80",1,1,3,5,"Lost Customers"
"13840.0",416,"1","651.40",1,1,3,5,"Lost Customers"
"13086.0",382,"1","439.33",2,1,2,5,"Lost Customers"
"13411.0",107,"1","213.55",3,1,1,5,"Promising"
"14483.0",281,"2","257.10",2,2,1,5,"Lost Customers"
"14795.0",166,"1","131.45",3,1,1,5,"Promising"
"16039.0",423,"2","456.40",1,2,2,5,"Lost Customers"
"16785.0",409,"1","533.78",2,1,2,5,"Lost Customers"
"16001.0",381,"1","583.39",2,1,2,5,"Lost Customers"
"18072.0",185,"1","247.44",3,1,1,5,"Promising"
"15560.0",397,"2","153.52",2,2,1,5,"Lost Customers"
"15616.0",438,"1","317.11",1,2,2,5,"Lost Customers"
"17598.0",381,"1","409.98",2,1,2,5,"Lost Customers"
"12796.0",628,"1","351.00",1,2,2,5,"Lost Customers"
"18083.0",397,"1","470.73",2,1,2,5,"Lost Customers"
"12786.0",609,"1","668.50",1,1,3,5,"Lost Customers"
"15263.0",106,"1","156.51",3,1,1,5,"Promising"
"17662.0",661,"2","412.92",1,2,2,5,"Lost Customers"
"13738.0",396,"1","440.93",2,1,2,5,"Lost Customers"
"14137.0",695,"1","332.70",1,2,2,5,"Lost Customers"
"12715.0",106,"1","273.86",3,1,1,5,"Promising"
"16429.0",106,"1","284.55",3,1,1,5,"Promising"
"15891.0",226,"1","521.97",2,1,2,5,"Lost Customers"
"18200.0",106,"1","163.80",3,1,1,5,"Promising"
"13622.0",696,"1","658.95",1,1,3,5,"Lost Customers"
"17844.0",106,"1","51.56",3,1,1,5,"Promising"
"14991.0",430,"1","314.67",1,2,2,5,"Lost Customers"
"15663.0",106,"1","138.14",3,1,1,5,"Promising"
"17196.0",427,"1","352.90",1,2,2,5,"Lost Customers"
"16339.0",284,"1","109.95",2,2,1,5,"Lost Customers"
"17140.0",247,"1","465.32",2,1,2,5,"Lost Customers"
"16802.0",679,"2","582.61",1,2,2,5,"Lost Customers"
"18176.0",358,"1","476.35",2,1,2,5,"Lost Customers"
"14989.0",661,"1","342.40",1,2,2,5,"Lost Customers"
"14797.0",507,"1","300.31",1,2,2,5,"Lost Customers"
"15961.0",379,"1","451.29",2,1,2,5,"Lost Customers"
"16579.0",425,"1","295.05",1,2,2,5,"Lost Customers"
"14627.0",379,"1","462.75",2,1,2,5,"Lost Customers"
"15418.0",425,"2","452.32",1,2,2,5,"Lost Customers"
"13345.0",287,"1","389.50",2,1,2,5,"Lost Customers"
"15866.0",101,"1","230.53",3,1,1,5,"Promising"
"12814.0",101,"1","85.92",3,1,1,5,"Promising"
"14545.0",674,"1","349.25",1,2,2,5,"Lost Customers"
"17518.0",425,"2","329.42",1,2,2,5,"Lost Customers"
"17620.0",59,"1","81.44",3,1,1,5,"Promising"
"15543.0",288,"2","242.84",2,2,1,5,"Lost Customers"
"16044.0",435,"1","340.84",1,2,2,5,"Lost Customers"
"16171.0",59,"1","73.20",3,1,1,5,"Promising"
"13508.0",243,"2","287.05",2,2,1,5,"Lost Customers"
"16522.0",435,"2","433.36",1,2,2,5,"Lost Customers"
"16113.0",183,"1","161.38",3,1,1,5,"Promising"
"13315.0",689,"1","310.26",1,2,2,5,"Lost Customers"
"14663.0",430,"2","490.60",1,2,2,5,"Lost Customers"
"13690.0",59,"1","172.25",3,1,1,5,"Promising"
"15397.0",289,"1","94.00",2,2,1,5,"Lost Customers"
"17234.0",182,"1","149.89",3,1,1,5,"Promising"
"18098.0",396,"1","550.84",2,1,2,5,"Lost Customers"
"15936.0",379,"2","282.79",2,2,1,5,"Lost Customers"
"18068.0",289,"1","101.70",2,2,1,5,"Lost Customers"
"13099.0",99,"1","207.36",3,1,1,5,"Promising"
"14244.0",660,"1","366.42",1,2,2,5,"Lost Customers"
"15328.0",407,"1","107.24",2,2,1,5,"Lost Customers"
"17721.0",659,"1","307.21",1,2,2,5,"Lost Customers"
"13234.0",672,"2","356.95",1,2,2,5,"Lost Customers"
"17773.0",514,"2","585.27",1,2,2,5,"Lost Customers"
"15162.0",731,"1","312.90",1,2,2,5,"Lost Customers"
"12707.0",291,"1","603.42",2,1,2,5,"Lost Customers"
"16815.0",453,"2","410.97",1,2,2,5,"Lost Customers"
"12732.0",179,"1","218.26",3,1,1,5,"Promising"
"12988.0",292,"1","535.32",2,1,2,5,"Lost Customers"
"14371.0",295,"1","100.50",2,2,1,5,"Lost Customers"
"12443.0",732,"1","365.31",1,2,2,5,"Lost Customers"
"16452.0",630,"2","332.17",1,2,2,5,"Lost Customers"
"14783.0",659,"1","307.30",1,2,2,5,"Lost Customers"
"18027.0",98,"1","115.31",3,1,1,5,"Promising"
"16319.0",217,"1","404.40",2,1,2,5,"Lost Customers"
"18129.0",243,"1","112.55",2,2,1,5,"Lost Customers"
"18169.0",60,"1","202.65",3,1,1,5,"Promising"
"17208.0",395,"1","115.35",2,1,1,4,"Lost Customers"
"13570.0",243,"1","239.49",2,1,1,4,"Lost Customers"
"14742.0",435,"1","579.85",1,1,2,4,"Lost Customers"
"14197.0",410,"1","390.05",1,1,2,4,"Lost Customers"
"14707.0",435,"2","139.20",1,2,1,4,"Lost Customers"
"13966.0",435,"1","390.86",1,1,2,4,"Lost Customers"
"17257.0",436,"2","192.73",1,2,1,4,"Lost Customers"
"16137.0",680,"1","422.70",1,1,2,4,"Lost Customers"
"16783.0",436,"1","391.95",1,1,2,4,"Lost Customers"
"17327.0",409,"2","152.35",1,2,1,4,"Lost Customers"
"13578.0",409,"1","147.66",2,1,1,4,"Lost Customers"
"13906.0",409,"1","42.00",2,1,1,4,"Lost Customers"
"13227.0",201,"1","257.70",2,1,1,4,"Lost Customers"
"14281.0",408,"1","245.15",2,1,1,4,"Lost Customers"
"13547.0",408,"1","172.98",2,1,1,4,"Lost Customers"
"12563.0",408,"1","221.24",2,1,1,4,"Lost Customers"
"15705.0",201,"1","143.10",2,1,1,4,"Lost Customers"
"15170.0",406,"1","81.15",2,1,1,4,"Lost Customers"
"16058.0",406,"1","62.70",2,1,1,4,"Lost Customers"
"16724.0",404,"1","147.35",2,1,1,4,"Lost Customers"
"13179.0",618,"1","572.31",1,1,2,4,"Lost Customers"
"16876.0",403,"1","136.01",2,1,1,4,"Lost Customers"
"14637.0",677,"1","106.68",1,2,1,4,"Lost Customers"
"13392.0",677,"1","91.14",1,2,1,4,"Lost Customers"
"14706.0",618,"1","390.69",1,1,2,4,"Lost Customers"
"17574.0",242,"1","185.65",2,1,1,4,"Lost Customers"
"15588.0",677,"1","579.60",1,1,2,4,"Lost Customers"
"13215.0",402,"1","81.60",2,1,1,4,"Lost Customers"
"17972.0",241,"1","136.04",2,1,1,4,"Lost Customers"
"13251.0",402,"1","252.68",2,1,1,4,"Lost Customers"
"16865.0",401,"1","130.95",2,1,1,4,"Lost Customers"
"13331.0",401,"1","262.40",2,1,1,4,"Lost Customers"
"14668.0",445,"1","111.63",1,2,1,4,"Lost Customers"
"15336.0",401,"1","240.50",2,1,1,4,"Lost Customers"
"15233.0",401,"1","59.40",2,1,1,4,"Lost Customers"
"18089.0",446,"1","428.45",1,1,2,4,"Lost Customers"
"12914.0",400,"1","223.98",2,1,1,4,"Lost Customers"
"13303.0",400,"1","61.72",2,1,1,4,"Lost Customers"
"13903.0",400,"1","165.45",2,1,1,4,"Lost Customers"
"12554.0",448,"1","384.50",1,1,2,4,"Lost Customers"
"13172.0",400,"1","69.60",2,1,1,4,"Lost Customers"
"16640.0",397,"1","179.40",2,1,1,4,"Lost Customers"
"16304.0",694,"1","381.66",1,1,2,4,"Lost Customers"
"13424.0",449,"1","572.77",1,1,2,4,"Lost Customers"
"16559.0",397,"1","185.20",2,1,1,4,"Lost Customers"
"15966.0",450,"1","426.53",1,1,2,4,"Lost Customers"
"12892.0",396,"1","263.38",2,1,1,4,"Lost Customers"
"16301.0",736,"1","107.33",1,2,1,4,"Lost Customers"
"13553.0",674,"1","517.80",1,1,2,4,"Lost Customers"
"16420.0",396,"1","75.00",2,1,1,4,"Lost Customers"
"15401.0",452,"2","216.95",1,2,1,4,"Lost Customers"
"13129.0",452,"2","233.25",1,2,1,4,"Lost Customers"
"13691.0",396,"1","210.78",2,1,1,4,"Lost Customers"
"17328.0",673,"1","104.70",1,2,1,4,"Lost Customers"
"17983.0",395,"1","171.71",2,1,1,4,"Lost Customers"
"16740.0",395,"1","236.81",2,1,1,4,"Lost Customers"
"16082.0",670,"1","106.75",1,2,1,4,"Lost Customers"
"16095.0",456,"1","447.05",1,1,2,4,"Lost Customers"
"15131.0",394,"1","80.28",2,1,1,4,"Lost Customers"
"13915.0",394,"1","70.80",2,1,1,4,"Lost Customers"
"12777.0",457,"1","519.45",1,1,2,4,"Lost Customers"
"12927.0",394,"1","197.31",2,1,1,4,"Lost Customers"
"13671.0",394,"1","194.95",2,1,1,4,"Lost Customers"
"16662.0",394,"1","163.80",2,1,1,4,"Lost Customers"
"15741.0",458,"2","208.62",1,2,1,4,"Lost Customers"
"12819.0",458,"1","540.52",1,1,2,4,"Lost Customers"
"12859.0",458,"1","575.10",1,1,2,4,"Lost Customers"
"15668.0",217,"1","76.32",2,1,1,4,"Lost Customers"
"13250.0",460,"2","256.04",1,2,1,4,"Lost Customers"
"15378.0",462,"2","246.50",1,2,1,4,"Lost Customers"
"16786.0",393,"1","51.84",2,1,1,4,"Lost Customers"
"17558.0",393,"1","259.17",2,1,1,4,"Lost Customers"
"16100.0",462,"1","582.64",1,1,2,4,"Lost Customers"
"16097.0",240,"1","185.05",2,1,1,4,"Lost Customers"
"15564.0",463,"2","70.74",1,2,1,4,"Lost Customers"
"15082.0",668,"1","93.35",1,2,1,4,"Lost Customers"
"15779.0",463,"2","124.08",1,2,1,4,"Lost Customers"
"15094.0",463,"2","83.00",1,2,1,4,"Lost Customers"
"18007.0",392,"1","220.32",2,1,1,4,"Lost Customers"
"17210.0",392,"1","253.37",2,1,1,4,"Lost Customers"
"17803.0",392,"1","184.66",2,1,1,4,"Lost Customers"
"13391.0",203,"1","59.80",2,1,1,4,"Lost Customers"
"16819.0",465,"2","182.59",1,2,1,4,"Lost Customers"
"18054.0",392,"1","176.50",2,1,1,4,"Lost Customers"
"16687.0",390,"1","157.63",2,1,1,4,"Lost Customers"
"14750.0",736,"1","112.03",1,2,1,4,"Lost Customers"
"14559.0",390,"1","75.60",2,1,1,4,"Lost Customers"
"16074.0",390,"1","265.25",2,1,1,4,"Lost Customers"
"16870.0",469,"1","450.16",1,1,2,4,"Lost Customers"
"18201.0",722,"1","447.53",1,1,2,4,"Lost Customers"
"17103.0",722,"1","424.30",1,1,2,4,"Lost Customers"
"16375.0",470,"2","104.00",1,2,1,4,"Lost Customers"
"14526.0",389,"1","262.40",2,1,1,4,"Lost Customers"
"14787.0",471,"1","110.65",1,2,1,4,"Lost Customers"
"17992.0",389,"1","254.13",2,1,1,4,"Lost Customers"
"17292.0",472,"2","271.75",1,2,1,4,"Lost Customers"
"13789.0",388,"1","239.46",2,1,1,4,"Lost Customers"
"18124.0",472,"1","111.53",1,2,1,4,"Lost Customers"
"18140.0",473,"1","536.41",1,1,2,4,"Lost Customers"
"15161.0",388,"1","119.92",2,1,1,4,"Lost Customers"
"14767.0",474,"1","382.81",1,1,2,4,"Lost Customers"
"17455.0",203,"1","131.70",2,1,1,4,"Lost Customers"
"15702.0",476,"2","140.39",1,2,1,4,"Lost Customers"
"15515.0",387,"1","171.81",2,1,1,4,"Lost Customers"
"16694.0",723,"1","98.30",1,2,1,4,"Lost Customers"
"14811.0",387,"1","170.50",2,1,1,4,"Lost Customers"
"17263.0",208,"1","63.44",2,1,1,4,"Lost Customers"
"14405.0",386,"1","195.00",2,1,1,4,"Lost Customers"
"17868.0",386,"1","234.65",2,1,1,4,"Lost Customers"
"14072.0",666,"1","390.85",1,1,2,4,"Lost Customers"
"17089.0",386,"1","128.45",2,1,1,4,"Lost Customers"
"14575.0",488,"1","460.71",1,1,2,4,"Lost Customers"
"16196.0",488,"1","93.30",1,2,1,4,"Lost Customers"
"13120.0",238,"1","30.60",2,1,1,4,"Lost Customers"
"17355.0",386,"1","285.11",2,1,1,4,"Lost Customers"
"16973.0",386,"1","127.00",2,1,1,4,"Lost Customers"
"16346.0",385,"1","224.51",2,1,1,4,"Lost Customers"
"15403.0",491,"2","170.88",1,2,1,4,"Lost Customers"
"17156.0",491,"1","591.87",1,1,2,4,"Lost Customers"
"15387.0",492,"1","468.65",1,1,2,4,"Lost Customers"
"17532.0",385,"1","65.34",2,1,1,4,"Lost Customers"
"16599.0",385,"1","172.80",2,1,1,4,"Lost Customers"
"12858.0",383,"1","177.92",2,1,1,4,"Lost Customers"
"17665.0",493,"1","563.10",1,1,2,4,"Lost Customers"
"15200.0",494,"1","549.05",1,1,2,4,"Lost Customers"
"17036.0",383,"1","176.90",2,1,1,4,"Lost Customers"
"14833.0",498,"1","94.80",1,2,1,4,"Lost Customers"
"18264.0",498,"1","603.25",1,1,2,4,"Lost Customers"
"17168.0",498,"1","400.20",1,1,2,4,"Lost Customers"
"17275.0",383,"1","114.52",2,1,1,4,"Lost Customers"
"14943.0",663,"1","107.62",1,2,1,4,"Lost Customers"
"12737.0",498,"1","100.00",1,2,1,4,"Lost Customers"
"12887.0",383,"1","222.40",2,1,1,4,"Lost Customers"
"18207.0",499,"1","544.47",1,1,2,4,"Lost Customers"
"17367.0",238,"1","168.40",2,1,1,4,"Lost Customers"
"12807.0",383,"1","250.35",2,1,1,4,"Lost Customers"
"17872.0",381,"1","235.87",2,1,1,4,"Lost Customers"
"16821.0",381,"1","113.35",2,1,1,4,"Lost Customers"
"14435.0",501,"1","90.42",1,2,1,4,"Lost Customers"
"17224.0",501,"1","100.86",1,2,1,4,"Lost Customers"
"15052.0",319,"1","215.78",2,1,1,4,"Lost Customers"
"18076.0",380,"1","151.49",2,1,1,4,"Lost Customers"
"14458.0",380,"1","228.62",2,1,1,4,"Lost Customers"
"15662.0",661,"2","283.73",1,2,1,4,"Lost Customers"
"15509.0",380,"1","166.51",2,1,1,4,"Lost Customers"
"14166.0",505,"2","256.85",1,2,1,4,"Lost Customers"
"15902.0",380,"1","145.01",2,1,1,4,"Lost Customers"
"14721.0",379,"1","115.77",2,1,1,4,"Lost Customers"
"18285.0",660,"1","427.00",1,1,2,4,"Lost Customers"
"17395.0",508,"1","97.50",1,2,1,4,"Lost Customers"
"18213.0",236,"1","232.48",2,1,1,4,"Lost Customers"
"15020.0",379,"1","203.42",2,1,1,4,"Lost Customers"
"18021.0",509,"2","227.06",1,2,1,4,"Lost Customers"
"14486.0",511,"2","175.50",1,2,1,4,"Lost Customers"
"12961.0",379,"1","211.99",2,1,1,4,"Lost Customers"
"16874.0",379,"1","217.74",2,1,1,4,"Lost Customers"
"17989.0",379,"1","228.83",2,1,1,4,"Lost Customers"
"15495.0",379,"1","246.50",2,1,1,4,"Lost Customers"
"17012.0",725,"1","384.16",1,1,2,4,"Lost Customers"
"14069.0",514,"2","230.06",1,2,1,4,"Lost Customers"
"17847.0",515,"2","125.74",1,2,1,4,"Lost Customers"
"14580.0",518,"1","14.85",1,2,1,4,"Lost Customers"
"14279.0",520,"2","191.86",1,2,1,4,"Lost Customers"
"12574.0",315,"1","182.45",2,1,1,4,"Lost Customers"
"14876.0",521,"2","256.70",1,2,1,4,"Lost Customers"
"14042.0",725,"1","431.98",1,1,2,4,"Lost Customers"
"14900.0",522,"1","13.92",1,2,1,4,"Lost Customers"
"15851.0",526,"1","109.73",1,2,1,4,"Lost Customers"
"15486.0",527,"1","102.00",1,2,1,4,"Lost Customers"
"13620.0",528,"1","112.34",1,2,1,4,"Lost Customers"
"12992.0",725,"1","93.35",1,2,1,4,"Lost Customers"
"16453.0",530,"2","251.71",1,2,1,4,"Lost Customers"
"17099.0",533,"1","582.17",1,1,2,4,"Lost Customers"
"17304.0",534,"1","111.50",1,2,1,4,"Lost Customers"
"17283.0",378,"1","188.46",2,1,1,4,"Lost Customers"
"14509.0",534,"1","110.95",1,2,1,4,"Lost Customers"
"16064.0",725,"1","111.00",1,2,1,4,"Lost Customers"
"17195.0",655,"1","562.98",1,1,2,4,"Lost Customers"
"18128.0",537,"1","420.04",1,1,2,4,"Lost Customers"
"13676.0",539,"2","243.90",1,2,1,4,"Lost Customers"
"16492.0",540,"1","385.56",1,1,2,4,"Lost Customers"
"13254.0",376,"1","51.41",2,1,1,4,"Lost Customers"
"14374.0",541,"1","108.00",1,2,1,4,"Lost Customers"
"15816.0",542,"2","144.15",1,2,1,4,"Lost Customers"
"13640.0",611,"1","405.00",1,1,2,4,"Lost Customers"
"16617.0",235,"1","151.85",2,1,1,4,"Lost Customers"
"13619.0",544,"2","230.19",1,2,1,4,"Lost Customers"
"17246.0",546,"2","38.92",1,2,1,4,"Lost Customers"
"12979.0",729,"1","517.70",1,1,2,4,"Lost Customers"
"16547.0",546,"1","111.71",1,2,1,4,"Lost Customers"
"15404.0",375,"1","257.06",2,1,1,4,"Lost Customers"
"15943.0",649,"2","271.29",1,2,1,4,"Lost Customers"
"18103.0",549,"1","105.80",1,2,1,4,"Lost Customers"
"15642.0",729,"1","105.78",1,2,1,4,"Lost Customers"
"17820.0",374,"1","183.56",2,1,1,4,"Lost Customers"
"18100.0",550,"1","451.56",1,1,2,4,"Lost Customers"
"17784.0",550,"1","112.86",1,2,1,4,"Lost Customers"
"14786.0",550,"1","90.96",1,2,1,4,"Lost Customers"
"18137.0",551,"2","145.99",1,2,1,4,"Lost Customers"
"17826.0",374,"1","134.59",2,1,1,4,"Lost Customers"
"17116.0",648,"1","389.78",1,1,2,4,"Lost Customers"
"15305.0",555,"1","93.60",1,2,1,4,"Lost Customers"
"17378.0",374,"1","10.95",2,1,1,4,"Lost Customers"
"16896.0",555,"1","103.95",1,2,1,4,"Lost Customers"
"16541.0",735,"1","424.03",1,1,2,4,"Lost Customers"
"14033.0",555,"1","109.44",1,2,1,4,"Lost Customers"
"17617.0",558,"1","395.33",1,1,2,4,"Lost Customers"
"15340.0",561,"1","105.50",1,2,1,4,"Lost Customers"
"16695.0",561,"2","193.15",1,2,1,4,"Lost Customers"
"15820.0",319,"1","206.98",2,1,1,4,"Lost Customers"
"13793.0",646,"1","96.00",1,2,1,4,"Lost Customers"
"15217.0",563,"1","426.24",1,1,2,4,"Lost Customers"
"14394.0",564,"1","93.80",1,2,1,4,"Lost Customers"
"15875.0",646,"1","111.72",1,2,1,4,"Lost Customers"
"15086.0",564,"2","218.53",1,2,1,4,"Lost Customers"
"16831.0",564,"1","91.80",1,2,1,4,"Lost Customers"
"14464.0",568,"2","111.00",1,2,1,4,"Lost Customers"
"16664.0",569,"1","109.20",1,2,1,4,"Lost Customers"
"17184.0",569,"2","198.41",1,2,1,4,"Lost Customers"
"16922.0",572,"1","611.08",1,1,2,4,"Lost Customers"
"18152.0",646,"1","426.69",1,1,2,4,"Lost Customers"
"17484.0",576,"2","209.57",1,2,1,4,"Lost Customers"
"15923.0",372,"1","254.16",2,1,1,4,"Lost Customers"
"17016.0",576,"1","552.40",1,1,2,4,"Lost Customers"
"16487.0",577,"2","209.40",1,2,1,4,"Lost Customers"
"13051.0",578,"2","155.80",1,2,1,4,"Lost Customers"
"14678.0",579,"1","403.39",1,1,2,4,"Lost Customers"
"13879.0",645,"1","395.50",1,1,2,4,"Lost Customers"
"15929.0",644,"1","594.00",1,1,2,4,"Lost Customers"
"15868.0",583,"1","94.53",1,2,1,4,"Lost Customers"
"13143.0",584,"1","405.10",1,1,2,4,"Lost Customers"
"18029.0",642,"1","433.77",1,1,2,4,"Lost Customers"
"14576.0",372,"1","70.80",2,1,1,4,"Lost Customers"
"18111.0",589,"1","405.85",1,1,2,4,"Lost Customers"
"12738.0",372,"1","274.70",2,1,1,4,"Lost Customers"
"15924.0",731,"1","102.82",1,2,1,4,"Lost Customers"
"17178.0",731,"1","436.71",1,1,2,4,"Lost Customers"
"15631.0",642,"1","596.67",1,1,2,4,"Lost Customers"
"17729.0",596,"1","438.65",1,1,2,4,"Lost Customers"
"14589.0",371,"1","79.50",2,1,1,4,"Lost Customers"
"12983.0",598,"1","490.08",1,1,2,4,"Lost Customers"
"12686.0",371,"1","142.28",2,1,1,4,"Lost Customers"
"15940.0",311,"1","35.80",2,1,1,4,"Lost Customers"
"18113.0",368,"1","152.64",2,1,1,4,"Lost Customers"
"12929.0",311,"1","117.85",2,1,1,4,"Lost Customers"
"15941.0",637,"1","405.00",1,1,2,4,"Lost Customers"
"14457.0",310,"1","113.64",2,1,1,4,"Lost Customers"
"17065.0",637,"2","194.70",1,2,1,4,"Lost Customers"
"12692.0",637,"1","110.95",1,2,1,4,"Lost Customers"
"15226.0",310,"1","154.41",2,1,1,4,"Lost Customers"
"15517.0",233,"1","267.03",2,1,1,4,"Lost Customers"
"14368.0",319,"1","155.00",2,1,1,4,"Lost Customers"
"16911.0",635,"2","255.25",1,2,1,4,"Lost Customers"
"13530.0",634,"1","402.98",1,1,2,4,"Lost Customers"
"17517.0",308,"1","153.94",2,1,1,4,"Lost Customers"
"14438.0",306,"1","131.90",2,1,1,4,"Lost Customers"
"17568.0",633,"1","382.79",1,1,2,4,"Lost Customers"
"12366.0",633,"1","500.24",1,1,2,4,"Lost Customers"
"17479.0",632,"1","389.26",1,1,2,4,"Lost Customers"
"14979.0",735,"1","439.46",1,1,2,4,"Lost Customers"
"17859.0",304,"1","148.21",2,1,1,4,"Lost Customers"
"17881.0",304,"1","133.35",2,1,1,4,"Lost Customers"
"15753.0",304,"1","79.20",2,1,1,4,"Lost Customers"
"15843.0",303,"1","118.95",2,1,1,4,"Lost Customers"
"17933.0",632,"1","105.99",1,2,1,4,"Lost Customers"
"12401.0",303,"1","69.30",2,1,1,4,"Lost Customers"
"16665.0",362,"1","135.40",2,1,1,4,"Lost Customers"
"18004.0",362,"1","169.47",2,1,1,4,"Lost Customers"
"12561.0",302,"1","238.85",2,1,1,4,"Lost Customers"
"16738.0",297,"1","3.75",2,1,1,4,"Lost Customers"
"17303.0",361,"1","250.04",2,1,1,4,"Lost Customers"
"16073.0",297,"1","122.40",2,1,1,4,"Lost Customers"
"16587.0",232,"1","225.15",2,1,1,4,"Lost Customers"
"14386.0",296,"1","142.40",2,1,1,4,"Lost Customers"
"12506.0",232,"1","73.50",2,1,1,4,"Lost Customers"
"17118.0",317,"1","157.02",2,1,1,4,"Lost Customers"
"18138.0",295,"1","152.65",2,1,1,4,"Lost Customers"
"14782.0",319,"1","200.10",2,1,1,4,"Lost Customers"
"12622.0",232,"1","162.10",2,1,1,4,"Lost Customers"
"17670.0",227,"1","205.70",2,1,1,4,"Lost Customers"
"16349.0",290,"1","53.50",2,1,1,4,"Lost Customers"
"16403.0",312,"1","177.50",2,1,1,4,"Lost Customers"
"18114.0",290,"1","220.10",2,1,1,4,"Lost Customers"
"12565.0",288,"1","145.92",2,1,1,4,"Lost Customers"
"17752.0",359,"1","80.64",2,1,1,4,"Lost Customers"
"17117.0",288,"1","116.20",2,1,1,4,"Lost Customers"
"15613.0",610,"1","433.72",1,1,2,4,"Lost Customers"
"13973.0",287,"1","264.70",2,1,1,4,"Lost Customers"
"16598.0",285,"1","145.05",2,1,1,4,"Lost Customers"
"12509.0",284,"1","158.50",2,1,1,4,"Lost Customers"
"14046.0",284,"1","151.59",2,1,1,4,"Lost Customers"
"16965.0",226,"1","192.07",2,1,1,4,"Lost Customers"
"15319.0",283,"1","204.50",2,1,1,4,"Lost Customers"
"12459.0",605,"1","398.36",1,1,2,4,"Lost Customers"
"15733.0",282,"1","162.30",2,1,1,4,"Lost Customers"
"14373.0",358,"1","76.55",2,1,1,4,"Lost Customers"
"12551.0",357,"1","168.00",2,1,1,4,"Lost Customers"
"17619.0",312,"1","218.52",2,1,1,4,"Lost Customers"
"15460.0",354,"1","216.76",2,1,1,4,"Lost Customers"
"17535.0",280,"1","164.40",2,1,1,4,"Lost Customers"
"12515.0",353,"1","278.70",2,1,1,4,"Lost Customers"
"17916.0",628,"2","43.87",1,2,1,4,"Lost Customers"
"15554.0",277,"1","217.20",2,1,1,4,"Lost Customers"
"16517.0",277,"1","162.70",2,1,1,4,"Lost Customers"
"17654.0",277,"1","117.55",2,1,1,4,"Lost Customers"
"15234.0",276,"1","197.00",2,1,1,4,"Lost Customers"
"14586.0",276,"1","237.36",2,1,1,4,"Lost Customers"
"13229.0",225,"1","160.95",2,1,1,4,"Lost Customers"
"14165.0",275,"1","122.54",2,1,1,4,"Lost Customers"
"16944.0",609,"1","101.36",1,2,1,4,"Lost Customers"
"13682.0",187,"1","59.50",2,1,1,4,"Lost Customers"
"15049.0",273,"1","121.17",2,1,1,4,"Lost Customers"
"15388.0",270,"1","140.54",2,1,1,4,"Lost Customers"
"13121.0",269,"1","283.73",2,1,1,4,"Lost Customers"
"13716.0",269,"1","138.28",2,1,1,4,"Lost Customers"
"14889.0",336,"1","135.90",2,1,1,4,"Lost Customers"
"16055.0",220,"1","134.80",2,1,1,4,"Lost Customers"
"13896.0",625,"1","388.55",1,1,2,4,"Lost Customers"
"14123.0",733,"1","436.18",1,1,2,4,"Lost Customers"
"17394.0",219,"1","203.87",2,1,1,4,"Lost Customers"
"16659.0",189,"1","39.12",2,1,1,4,"Lost Customers"
"13185.0",267,"1","71.40",2,1,1,4,"Lost Customers"
"16976.0",267,"1","251.52",2,1,1,4,"Lost Customers"
"14059.0",266,"1","183.60",2,1,1,4,"Lost Customers"
"18032.0",334,"1","73.50",2,1,1,4,"Lost Customers"
"12663.0",624,"2","185.40",1,2,1,4,"Lost Customers"
"14155.0",266,"1","118.75",2,1,1,4,"Lost Customers"
"14066.0",266,"1","152.55",2,1,1,4,"Lost Customers"
"13072.0",266,"1","177.15",2,1,1,4,"Lost Customers"
"17060.0",266,"1","234.24",2,1,1,4,"Lost Customers"
"14041.0",266,"1","141.41",2,1,1,4,"Lost Customers"
"15019.0",266,"1","266.00",2,1,1,4,"Lost Customers"
"17128.0",334,"1","157.09",2,1,1,4,"Lost Customers"
"15703.0",264,"1","211.50",2,1,1,4,"Lost Customers"
"15408.0",264,"1","267.18",2,1,1,4,"Lost Customers"
"12902.0",264,"1","138.68",2,1,1,4,"Lost Customers"
"16610.0",219,"1","75.66",2,1,1,4,"Lost Customers"
"18224.0",263,"1","158.95",2,1,1,4,"Lost Customers"
"14453.0",190,"1","119.93",2,1,1,4,"Lost Customers"
"15457.0",262,"1","237.07",2,1,1,4,"Lost Customers"
"14632.0",262,"1","114.56",2,1,1,4,"Lost Customers"
"17102.0",261,"1","25.50",2,1,1,4,"Lost Customers"
"13132.0",261,"1","77.30",2,1,1,4,"Lost Customers"
"12736.0",332,"1","144.00",2,1,1,4,"Lost Customers"
"16483.0",192,"1","139.35",2,1,1,4,"Lost Customers"
"17698.0",260,"1","154.95",2,1,1,4,"Lost Customers"
"14185.0",331,"1","197.65",2,1,1,4,"Lost Customers"
"15178.0",260,"1","40.50",2,1,1,4,"Lost Customers"
"15925.0",194,"1","207.15",2,1,1,4,"Lost Customers"
"16457.0",218,"1","208.36",2,1,1,4,"Lost Customers"
"14536.0",259,"1","171.80",2,1,1,4,"Lost Customers"
"14476.0",257,"1","215.70",2,1,1,4,"Lost Customers"
"17842.0",602,"1","430.69",1,1,2,4,"Lost Customers"
"16964.0",733,"2","207.85",1,2,1,4,"Lost Customers"
"15083.0",256,"1","88.20",2,1,1,4,"Lost Customers"
"18010.0",256,"1","174.80",2,1,1,4,"Lost Customers"
"13284.0",330,"1","201.19",2,1,1,4,"Lost Customers"
"13825.0",621,"2","255.59",1,2,1,4,"Lost Customers"
"15510.0",330,"1","250.00",2,1,1,4,"Lost Customers"
"15528.0",254,"1","229.33",2,1,1,4,"Lost Customers"
"17775.0",254,"1","56.40",2,1,1,4,"Lost Customers"
"16840.0",603,"2","139.85",1,2,1,4,"Lost Customers"
"14393.0",218,"1","67.95",2,1,1,4,"Lost Customers"
"14280.0",196,"1","134.04",2,1,1,4,"Lost Customers"
"13412.0",620,"1","487.35",1,1,2,4,"Lost Customers"
"13841.0",252,"1","85.00",2,1,1,4,"Lost Customers"
"15316.0",326,"1","165.00",2,1,1,4,"Lost Customers"
"16162.0",252,"1","37.40",2,1,1,4,"Lost Customers"
"12496.0",620,"2","54.09",1,2,1,4,"Lost Customers"
"14816.0",197,"1","271.85",2,1,1,4,"Lost Customers"
"16502.0",620,"2","266.50",1,2,1,4,"Lost Customers"
"14340.0",218,"1","134.70",2,1,1,4,"Lost Customers"
"17906.0",247,"1","72.90",2,1,1,4,"Lost Customers"
"14964.0",247,"1","206.21",2,1,1,4,"Lost Customers"
"14519.0",683,"2","206.09",1,2,1,4,"Lost Customers"
"14319.0",424,"1","494.85",1,1,2,4,"Lost Customers"
"14846.0",427,"1","437.40",1,1,2,4,"Lost Customers"
"14705.0",198,"1","179.00",2,1,1,4,"Lost Customers"
"17104.0",423,"1","474.03",1,1,2,4,"Lost Customers"
"13909.0",423,"2","286.60",1,2,1,4,"Lost Customers"
"17174.0",217,"1","59.90",2,1,1,4,"Lost Customers"
"16144.0",246,"1","175.20",2,1,1,4,"Lost Customers"
"15292.0",201,"1","180.94",2,1,1,4,"Lost Customers"
"14751.0",684,"2","126.45",1,2,1,4,"Lost Customers"
"17794.0",686,"2","147.30",1,2,1,4,"Lost Customers"
"14118.0",428,"1","458.45",1,1,2,4,"Lost Customers"
"16111.0",428,"1","562.48",1,1,2,4,"Lost Customers"
"13829.0",421,"1","102.00",1,2,1,4,"Lost Customers"
"16047.0",682,"1","107.14",1,2,1,4,"Lost Customers"
"15686.0",420,"1","90.00",1,2,1,4,"Lost Customers"
"16481.0",682,"1","453.38",1,1,2,4,"Lost Customers"
"13861.0",429,"2","273.26",1,2,1,4,"Lost Customers"
"13556.0",429,"2","200.82",1,2,1,4,"Lost Customers"
"17687.0",420,"1","432.68",1,1,2,4,"Lost Customers"
"14090.0",324,"1","76.32",2,1,1,4,"Lost Customers"
"16691.0",418,"2","178.83",1,2,1,4,"Lost Customers"
"12699.0",417,"1","566.11",1,1,2,4,"Lost Customers"
"15459.0",417,"2","202.83",1,2,1,4,"Lost Customers"
"16069.0",417,"1","457.70",1,1,2,4,"Lost Customers"
"18284.0",431,"1","461.68",1,1,2,4,"Lost Customers"
"13457.0",688,"2","148.22",1,2,1,4,"Lost Customers"
"13367.0",431,"1","510.20",1,1,2,4,"Lost Customers"
"12846.0",682,"1","15.58",1,2,1,4,"Lost Customers"
"16061.0",431,"1","89.65",1,2,1,4,"Lost Customers"
"14310.0",432,"1","492.10",1,1,2,4,"Lost Customers"
"14008.0",432,"1","509.04",1,1,2,4,"Lost Customers"
"18243.0",414,"1","515.78",1,1,2,4,"Lost Customers"
"14254.0",432,"1","601.03",1,1,2,4,"Lost Customers"
"15884.0",432,"2","249.70",1,2,1,4,"Lost Customers"
"15859.0",432,"1","438.46",1,1,2,4,"Lost Customers"
"14579.0",432,"1","105.56",1,2,1,4,"Lost Customers"
"15119.0",245,"1","266.40",2,1,1,4,"Lost Customers"
"12973.0",413,"1","385.55",1,1,2,4,"Lost Customers"
"13977.0",411,"1","519.81",1,1,2,4,"Lost Customers"
"17407.0",411,"1","552.90",1,1,2,4,"Lost Customers"
"14183.0",411,"2","286.29",1,2,1,4,"Lost Customers"
"15451.0",434,"2","233.21",1,2,1,4,"Lost Customers"
"13574.0",411,"1","421.25",1,1,2,4,"Lost Customers"
"14879.0",684,"1","185.06",1,1,1,3,"Lost Customers"
"12655.0",423,"1","243.35",1,1,1,3,"Lost Customers"
"16371.0",448,"1","157.20",1,1,1,3,"Lost Customers"
"16051.0",681,"1","188.44",1,1,1,3,"Lost Customers"
"12467.0",423,"1","132.80",1,1,1,3,"Lost Customers"
"18279.0",519,"1","231.34",1,1,1,3,"Lost Customers"
"14516.0",516,"1","163.92",1,1,1,3,"Lost Customers"
"18175.0",675,"1","176.10",1,1,1,3,"Lost Customers"
"13968.0",423,"1","123.66",1,1,1,3,"Lost Customers"
"14278.0",409,"1","205.83",1,1,1,3,"Lost Customers"
"18153.0",659,"1","246.22",1,1,1,3,"Lost Customers"
"13852.0",610,"1","187.35",1,1,1,3,"Lost Customers"
"13779.0",515,"1","161.13",1,1,1,3,"Lost Customers"
"14977.0",725,"1","31.93",1,1,1,3,"Lost Customers"
"18238.0",515,"1","270.92",1,1,1,3,"Lost Customers"
"17743.0",448,"1","229.20",1,1,1,3,"Lost Customers"
"16508.0",630,"1","248.80",1,1,1,3,"Lost Customers"
"12848.0",675,"1","208.00",1,1,1,3,"Lost Customers"
"14266.0",428,"1","40.56",1,1,1,3,"Lost Customers"
"16251.0",512,"1","128.31",1,1,1,3,"Lost Customers"
"16410.0",734,"1","130.32",1,1,1,3,"Lost Customers"
"17559.0",512,"1","167.62",1,1,1,3,"Lost Customers"
"14084.0",512,"1","150.50",1,1,1,3,"Lost Customers"
"16280.0",725,"1","238.05",1,1,1,3,"Lost Customers"
"17944.0",423,"1","75.41",1,1,1,3,"Lost Customers"
"13163.0",610,"1","17.65",1,1,1,3,"Lost Customers"
"15479.0",733,"1","147.40",1,1,1,3,"Lost Customers"
"17587.0",628,"1","178.71",1,1,1,3,"Lost Customers"
"14718.0",410,"1","226.42",1,1,1,3,"Lost Customers"
"14007.0",512,"1","79.48",1,1,1,3,"Lost Customers"
"14674.0",509,"1","173.66",1,1,1,3,"Lost Customers"
"12860.0",693,"1","55.47",1,1,1,3,"Lost Customers"
"13423.0",428,"1","217.03",1,1,1,3,"Lost Customers"
"17909.0",737,"1","132.55",1,1,1,3,"Lost Customers"
"17541.0",509,"1","124.46",1,1,1,3,"Lost Customers"
"17261.0",509,"1","230.44",1,1,1,3,"Lost Customers"
"15788.0",508,"1","221.83",1,1,1,3,"Lost Customers"
"13913.0",506,"1","42.22",1,1,1,3,"Lost Customers"
"13701.0",446,"1","161.00",1,1,1,3,"Lost Customers"
"14858.0",505,"1","180.75",1,1,1,3,"Lost Customers"
"13511.0",676,"1","282.76",1,1,1,3,"Lost Customers"
"16165.0",505,"1","79.90",1,1,1,3,"Lost Customers"
"14843.0",436,"1","211.80",1,1,1,3,"Lost Customers"
"17818.0",737,"1","130.18",1,1,1,3,"Lost Customers"
"17177.0",505,"1","119.50",1,1,1,3,"Lost Customers"
"15273.0",599,"1","228.96",1,1,1,3,"Lost Customers"
"17586.0",619,"1","167.40",1,1,1,3,"Lost Customers"
"17249.0",428,"1","68.03",1,1,1,3,"Lost Customers"
"13788.0",505,"1","3.75",1,1,1,3,"Lost Customers"
"18132.0",504,"1","226.90",1,1,1,3,"Lost Customers"
"12595.0",504,"1","281.02",1,1,1,3,"Lost Customers"
"17112.0",502,"1","205.17",1,1,1,3,"Lost Customers"
"17271.0",736,"1","210.39",1,1,1,3,"Lost Customers"
"15431.0",502,"1","153.24",1,1,1,3,"Lost Customers"
"14694.0",617,"1","244.31",1,1,1,3,"Lost Customers"
"14392.0",432,"1","266.40",1,1,1,3,"Lost Customers"
"17778.0",661,"1","197.70",1,1,1,3,"Lost Customers"
"17494.0",501,"1","54.70",1,1,1,3,"Lost Customers"
"15534.0",725,"1","162.25",1,1,1,3,"Lost Customers"
"16277.0",733,"1","188.69",1,1,1,3,"Lost Customers"
"16397.0",628,"1","127.88",1,1,1,3,"Lost Customers"
"14003.0",732,"1","209.41",1,1,1,3,"Lost Customers"
"15371.0",662,"1","59.40",1,1,1,3,"Lost Customers"
"15338.0",677,"1","283.43",1,1,1,3,"Lost Customers"
"16238.0",422,"1","63.66",1,1,1,3,"Lost Customers"
"17136.0",662,"1","231.68",1,1,1,3,"Lost Customers"
"14384.0",500,"1","58.50",1,1,1,3,"Lost Customers"
"15284.0",500,"1","24.75",1,1,1,3,"Lost Customers"
"17055.0",445,"1","239.55",1,1,1,3,"Lost Customers"
"17993.0",617,"1","235.19",1,1,1,3,"Lost Customers"
"13702.0",445,"1","135.18",1,1,1,3,"Lost Customers"
"16219.0",500,"1","40.80",1,1,1,3,"Lost Customers"
"12570.0",682,"1","77.52",1,1,1,3,"Lost Customers"
"13071.0",612,"1","129.22",1,1,1,3,"Lost Customers"
"17108.0",663,"1","174.95",1,1,1,3,"Lost Customers"
"17751.0",421,"1","157.86",1,1,1,3,"Lost Customers"
"12751.0",444,"1","268.27",1,1,1,3,"Lost Customers"
"13105.0",436,"1","72.00",1,1,1,3,"Lost Customers"
"16937.0",499,"1","202.10",1,1,1,3,"Lost Customers"
"13766.0",495,"1","190.35",1,1,1,3,"Lost Customers"
"15964.0",663,"1","272.96",1,1,1,3,"Lost Customers"
"13907.0",691,"1","136.80",1,1,1,3,"Lost Customers"
"15293.0",665,"1","247.50",1,1,1,3,"Lost Customers"
"16334.0",492,"1","277.48",1,1,1,3,"Lost Customers"
"14928.0",627,"1","223.91",1,1,1,3,"Lost Customers"
"15931.0",428,"1","239.90",1,1,1,3,"Lost Customers"
"17626.0",602,"1","254.00",1,1,1,3,"Lost Customers"
"13195.0",414,"1","172.38",1,1,1,3,"Lost Customers"
"16417.0",492,"1","35.70",1,1,1,3,"Lost Customers"
"14521.0",491,"1","199.45",1,1,1,3,"Lost Customers"
"12400.0",414,"1","205.25",1,1,1,3,"Lost Customers"
"12934.0",736,"1","181.65",1,1,1,3,"Lost Customers"
"13084.0",491,"1","122.40",1,1,1,3,"Lost Customers"
"13653.0",487,"1","152.20",1,1,1,3,"Lost Customers"
"13445.0",626,"1","241.90",1,1,1,3,"Lost Customers"
"14144.0",486,"1","30.60",1,1,1,3,"Lost Customers"
"13839.0",486,"1","139.95",1,1,1,3,"Lost Customers"
"14892.0",690,"1","202.35",1,1,1,3,"Lost Customers"
"14596.0",626,"1","229.47",1,1,1,3,"Lost Customers"
"13180.0",607,"1","86.10",1,1,1,3,"Lost Customers"
"16970.0",626,"1","71.40",1,1,1,3,"Lost Customers"
"14190.0",666,"1","79.90",1,1,1,3,"Lost Customers"
"17840.0",443,"1","185.72",1,1,1,3,"Lost Customers"
"12771.0",485,"1","226.30",1,1,1,3,"Lost Customers"
"12466.0",682,"1","56.73",1,1,1,3,"Lost Customers"
"14654.0",738,"1","246.86",1,1,1,3,"Lost Customers"
"16845.0",618,"1","253.88",1,1,1,3,"Lost Customers"
"16578.0",626,"1","156.60",1,1,1,3,"Lost Customers"
"13022.0",429,"1","50.30",1,1,1,3,"Lost Customers"
"17981.0",410,"1","239.12",1,1,1,3,"Lost Customers"
"16605.0",724,"1","60.48",1,1,1,3,"Lost Customers"
"15499.0",723,"1","161.60",1,1,1,3,"Lost Customers"
"15317.0",677,"1","129.75",1,1,1,3,"Lost Customers"
"18107.0",442,"1","167.13",1,1,1,3,"Lost Customers"
"14822.0",485,"1","157.70",1,1,1,3,"Lost Customers"
"18012.0",723,"1","115.30",1,1,1,3,"Lost Customers"
"16002.0",625,"1","169.21",1,1,1,3,"Lost Customers"
"12959.0",484,"1","150.95",1,1,1,3,"Lost Customers"
"15375.0",690,"1","60.96",1,1,1,3,"Lost Customers"
"14153.0",483,"1","233.40",1,1,1,3,"Lost Customers"
"18266.0",434,"1","251.10",1,1,1,3,"Lost Customers"
"17260.0",411,"1","120.95",1,1,1,3,"Lost Customers"
"16490.0",436,"1","205.41",1,1,1,3,"Lost Customers"
"17072.0",625,"1","282.05",1,1,1,3,"Lost Customers"
"17008.0",429,"1","81.36",1,1,1,3,"Lost Customers"
"14992.0",442,"1","210.50",1,1,1,3,"Lost Customers"
"16741.0",625,"1","173.06",1,1,1,3,"Lost Customers"
"13063.0",480,"1","188.40",1,1,1,3,"Lost Customers"
"17390.0",420,"1","149.30",1,1,1,3,"Lost Customers"
"13818.0",429,"1","61.28",1,1,1,3,"Lost Customers"
"17938.0",420,"1","144.29",1,1,1,3,"Lost Customers"
"17606.0",737,"1","87.30",1,1,1,3,"Lost Customers"
"17316.0",420,"1","124.45",1,1,1,3,"Lost Customers"
"16090.0",624,"1","205.91",1,1,1,3,"Lost Customers"
"13326.0",432,"1","281.76",1,1,1,3,"Lost Customers"
"13219.0",618,"1","76.23",1,1,1,3,"Lost Customers"
"14274.0",686,"1","256.60",1,1,1,3,"Lost Customers"
"15490.0",430,"1","217.60",1,1,1,3,"Lost Customers"
"17202.0",420,"1","160.65",1,1,1,3,"Lost Customers"
"15072.0",479,"1","187.52",1,1,1,3,"Lost Customers"
"15688.0",418,"1","190.57",1,1,1,3,"Lost Customers"
"15772.0",418,"1","280.88",1,1,1,3,"Lost Customers"
"15697.0",689,"1","246.75",1,1,1,3,"Lost Customers"
"15698.0",624,"1","46.20",1,1,1,3,"Lost Customers"
"14347.0",736,"1","82.60",1,1,1,3,"Lost Customers"
"16299.0",477,"1","193.65",1,1,1,3,"Lost Customers"
"13241.0",411,"1","115.58",1,1,1,3,"Lost Customers"
"17599.0",477,"1","52.05",1,1,1,3,"Lost Customers"
"18166.0",623,"1","175.50",1,1,1,3,"Lost Customers"
"16562.0",476,"1","223.86",1,1,1,3,"Lost Customers"
"16396.0",476,"1","137.80",1,1,1,3,"Lost Customers"
"14380.0",682,"1","48.96",1,1,1,3,"Lost Customers"
"16294.0",476,"1","126.05",1,1,1,3,"Lost Customers"
"15487.0",679,"1","231.32",1,1,1,3,"Lost Customers"
"16312.0",432,"1","171.15",1,1,1,3,"Lost Customers"
"14330.0",623,"1","200.63",1,1,1,3,"Lost Customers"
"16908.0",722,"1","252.59",1,1,1,3,"Lost Customers"
"14945.0",413,"1","179.40",1,1,1,3,"Lost Customers"
"14187.0",473,"1","123.50",1,1,1,3,"Lost Customers"
"17336.0",472,"1","81.12",1,1,1,3,"Lost Customers"
"16291.0",682,"1","117.72",1,1,1,3,"Lost Customers"
"17087.0",737,"1","221.53",1,1,1,3,"Lost Customers"
"14095.0",722,"1","2.95",1,1,1,3,"Lost Customers"
"17982.0",680,"1","138.18",1,1,1,3,"Lost Customers"
"12776.0",667,"1","27.50",1,1,1,3,"Lost Customers"
"16288.0",470,"1","129.85",1,1,1,3,"Lost Customers"
"14983.0",689,"1","183.20",1,1,1,3,"Lost Customers"
"15833.0",737,"1","80.40",1,1,1,3,"Lost Customers"
"15761.0",442,"1","143.05",1,1,1,3,"Lost Customers"
"17280.0",438,"1","118.86",1,1,1,3,"Lost Customers"
"14074.0",623,"1","219.40",1,1,1,3,"Lost Customers"
"17575.0",667,"1","171.70",1,1,1,3,"Lost Customers"
"15166.0",467,"1","167.16",1,1,1,3,"Lost Customers"
"12555.0",682,"1","129.23",1,1,1,3,"Lost Customers"
"13714.0",465,"1","161.35",1,1,1,3,"Lost Customers"
"13306.0",430,"1","53.65",1,1,1,3,"Lost Customers"
"16673.0",679,"1","188.83",1,1,1,3,"Lost Customers"
"17215.0",464,"1","186.15",1,1,1,3,"Lost Customers"
"16530.0",668,"1","48.35",1,1,1,3,"Lost Customers"
"16760.0",430,"1","228.00",1,1,1,3,"Lost Customers"
"16822.0",686,"1","181.39",1,1,1,3,"Lost Customers"
"14378.0",621,"1","131.25",1,1,1,3,"Lost Customers"
"17657.0",430,"1","126.00",1,1,1,3,"Lost Customers"
"15848.0",621,"1","139.94",1,1,1,3,"Lost Customers"
"12404.0",682,"1","63.24",1,1,1,3,"Lost Customers"
"13119.0",668,"1","134.90",1,1,1,3,"Lost Customers"
"14980.0",737,"1","150.68",1,1,1,3,"Lost Customers"
"15409.0",721,"1","131.25",1,1,1,3,"Lost Customers"
"15231.0",621,"1","250.26",1,1,1,3,"Lost Customers"
"14207.0",687,"1","157.80",1,1,1,3,"Lost Customers"
"13088.0",417,"1","236.11",1,1,1,3,"Lost Customers"
"17875.0",688,"1","167.10",1,1,1,3,"Lost Customers"
"14884.0",669,"1","120.60",1,1,1,3,"Lost Customers"
"15294.0",410,"1","233.35",1,1,1,3,"Lost Customers"
"16289.0",462,"1","136.31",1,1,1,3,"Lost Customers"
"14086.0",462,"1","39.95",1,1,1,3,"Lost Customers"
"12470.0",689,"1","211.95",1,1,1,3,"Lost Customers"
"14574.0",732,"1","143.70",1,1,1,3,"Lost Customers"
"14325.0",569,"1","245.48",1,1,1,3,"Lost Customers"
"16564.0",569,"1","87.80",1,1,1,3,"Lost Customers"
"18157.0",571,"1","215.35",1,1,1,3,"Lost Customers"
"14017.0",571,"1","229.75",1,1,1,3,"Lost Customers"
"15209.0",730,"1","178.98",1,1,1,3,"Lost Customers"
"18000.0",564,"1","124.25",1,1,1,3,"Lost Customers"
"12773.0",564,"1","124.25",1,1,1,3,"Lost Customers"
"14982.0",572,"1","234.88",1,1,1,3,"Lost Customers"
"16507.0",572,"1","152.76",1,1,1,3,"Lost Customers"
"18148.0",646,"1","114.10",1,1,1,3,"Lost Customers"
"14728.0",413,"1","190.58",1,1,1,3,"Lost Customers"
"14993.0",563,"1","36.13",1,1,1,3,"Lost Customers"
"13387.0",417,"1","184.34",1,1,1,3,"Lost Customers"
"18197.0",575,"1","230.10",1,1,1,3,"Lost Customers"
"12894.0",575,"1","157.35",1,1,1,3,"Lost Customers"
"16285.0",646,"1","176.90",1,1,1,3,"Lost Customers"
"15470.0",575,"1","63.42",1,1,1,3,"Lost Customers"
"16046.0",562,"1","235.78",1,1,1,3,"Lost Customers"
"15927.0",647,"1","123.39",1,1,1,3,"Lost Customers"
"14955.0",732,"1","163.77",1,1,1,3,"Lost Customers"
"14717.0",733,"1","81.30",1,1,1,3,"Lost Customers"
"16867.0",689,"1","76.74",1,1,1,3,"Lost Customers"
"14131.0",648,"1","187.87",1,1,1,3,"Lost Customers"
"17074.0",562,"1","203.05",1,1,1,3,"Lost Customers"
"17319.0",669,"1","29.10",1,1,1,3,"Lost Customers"
"14391.0",576,"1","135.60",1,1,1,3,"Lost Customers"
"13943.0",577,"1","246.54",1,1,1,3,"Lost Customers"
"14318.0",460,"1","158.02",1,1,1,3,"Lost Customers"
"13222.0",577,"1","88.50",1,1,1,3,"Lost Customers"
"13257.0",436,"1","149.75",1,1,1,3,"Lost Customers"
"16035.0",560,"1","217.73",1,1,1,3,"Lost Customers"
"13114.0",730,"1","234.38",1,1,1,3,"Lost Customers"
"12487.0",730,"1","285.30",1,1,1,3,"Lost Customers"
"14941.0",578,"1","182.10",1,1,1,3,"Lost Customers"
"14361.0",578,"1","214.71",1,1,1,3,"Lost Customers"
"14588.0",578,"1","135.39",1,1,1,3,"Lost Customers"
"17583.0",560,"1","135.95",1,1,1,3,"Lost Customers"
"15324.0",701,"1","140.22",1,1,1,3,"Lost Customers"
"13007.0",579,"1","175.25",1,1,1,3,"Lost Customers"
"17798.0",581,"1","177.19",1,1,1,3,"Lost Customers"
"18038.0",556,"1","149.41",1,1,1,3,"Lost Customers"
"18254.0",581,"1","267.90",1,1,1,3,"Lost Customers"
"13830.0",581,"1","156.85",1,1,1,3,"Lost Customers"
"16901.0",729,"1","204.26",1,1,1,3,"Lost Customers"
"15892.0",669,"1","128.20",1,1,1,3,"Lost Customers"
"13683.0",457,"1","258.60",1,1,1,3,"Lost Customers"
"16663.0",729,"1","165.00",1,1,1,3,"Lost Customers"
"14814.0",581,"1","159.21",1,1,1,3,"Lost Customers"
"17225.0",581,"1","131.15",1,1,1,3,"Lost Customers"
"12568.0",644,"1","52.00",1,1,1,3,"Lost Customers"
"17216.0",554,"1","65.05",1,1,1,3,"Lost Customers"
"15731.0",553,"1","125.30",1,1,1,3,"Lost Customers"
"17199.0",582,"1","145.12",1,1,1,3,"Lost Customers"
"17915.0",551,"1","242.13",1,1,1,3,"Lost Customers"
"18234.0",551,"1","179.60",1,1,1,3,"Lost Customers"
"16941.0",611,"1","33.00",1,1,1,3,"Lost Customers"
"18028.0",583,"1","192.05",1,1,1,3,"Lost Customers"
"13053.0",621,"1","127.65",1,1,1,3,"Lost Customers"
"13056.0",551,"1","209.48",1,1,1,3,"Lost Customers"
"12606.0",682,"1","21.00",1,1,1,3,"Lost Customers"
"16731.0",648,"1","174.05",1,1,1,3,"Lost Customers"
"17009.0",551,"1","242.06",1,1,1,3,"Lost Customers"
"13076.0",457,"1","135.40",1,1,1,3,"Lost Customers"
"16459.0",729,"1","71.79",1,1,1,3,"Lost Customers"
"17543.0",549,"1","120.05",1,1,1,3,"Lost Customers"
"17971.0",548,"1","161.94",1,1,1,3,"Lost Customers"
"17565.0",586,"1","131.83",1,1,1,3,"Lost Customers"
"17762.0",456,"1","129.75",1,1,1,3,"Lost Customers"
"15229.0",586,"1","160.50",1,1,1,3,"Lost Customers"
"16651.0",586,"1","136.20",1,1,1,3,"Lost Customers"
"14683.0",588,"1","146.56",1,1,1,3,"Lost Customers"
"15352.0",548,"1","114.95",1,1,1,3,"Lost Customers"
"14650.0",589,"1","62.50",1,1,1,3,"Lost Customers"
"15954.0",589,"1","187.80",1,1,1,3,"Lost Customers"
"15647.0",415,"1","169.00",1,1,1,3,"Lost Customers"
"17417.0",548,"1","164.18",1,1,1,3,"Lost Customers"
"12698.0",590,"1","285.75",1,1,1,3,"Lost Customers"
"13438.0",547,"1","46.50",1,1,1,3,"Lost Customers"
"17605.0",590,"1","160.75",1,1,1,3,"Lost Customers"
"16408.0",591,"1","231.93",1,1,1,3,"Lost Customers"
"12392.0",591,"1","234.75",1,1,1,3,"Lost Customers"
"16267.0",591,"1","186.66",1,1,1,3,"Lost Customers"
"16886.0",456,"1","134.00",1,1,1,3,"Lost Customers"
"13794.0",546,"1","126.03",1,1,1,3,"Lost Customers"
"12969.0",602,"1","122.45",1,1,1,3,"Lost Customers"
"18046.0",649,"1","189.63",1,1,1,3,"Lost Customers"
"12661.0",436,"1","162.00",1,1,1,3,"Lost Customers"
"17902.0",546,"1","216.40",1,1,1,3,"Lost Customers"
"14402.0",652,"1","285.60",1,1,1,3,"Lost Customers"
"15905.0",543,"1","114.69",1,1,1,3,"Lost Customers"
"17093.0",592,"1","235.88",1,1,1,3,"Lost Customers"
"14677.0",592,"1","184.91",1,1,1,3,"Lost Customers"
"14999.0",592,"1","129.48",1,1,1,3,"Lost Customers"
"14773.0",592,"1","140.55",1,1,1,3,"Lost Customers"
"16622.0",543,"1","225.40",1,1,1,3,"Lost Customers"
"14743.0",592,"1","50.48",1,1,1,3,"Lost Customers"
"17922.0",543,"1","170.40",1,1,1,3,"Lost Customers"
"17959.0",592,"1","140.75",1,1,1,3,"Lost Customers"
"18020.0",543,"1","190.48",1,1,1,3,"Lost Customers"
"15926.0",542,"1","134.44",1,1,1,3,"Lost Customers"
"13609.0",593,"1","167.35",1,1,1,3,"Lost Customers"
"16068.0",593,"1","122.93",1,1,1,3,"Lost Customers"
"13944.0",653,"1","200.43",1,1,1,3,"Lost Customers"
"17401.0",541,"1","114.85",1,1,1,3,"Lost Customers"
"15548.0",595,"1","158.09",1,1,1,3,"Lost Customers"
"15474.0",595,"1","163.10",1,1,1,3,"Lost Customers"
"15871.0",437,"1","33.10",1,1,1,3,"Lost Customers"
"16028.0",595,"1","82.20",1,1,1,3,"Lost Customers"
"13586.0",541,"1","131.53",1,1,1,3,"Lost Customers"
"13112.0",541,"1","20.60",1,1,1,3,"Lost Customers"
"16537.0",641,"1","10.55",1,1,1,3,"Lost Customers"
"17240.0",596,"1","130.60",1,1,1,3,"Lost Customers"
"13454.0",641,"1","219.87",1,1,1,3,"Lost Customers"
"17592.0",738,"1","148.30",1,1,1,3,"Lost Customers"
"13469.0",653,"1","82.40",1,1,1,3,"Lost Customers"
"15040.0",541,"1","7.49",1,1,1,3,"Lost Customers"
"15250.0",640,"1","60.00",1,1,1,3,"Lost Customers"
"12495.0",640,"1","277.40",1,1,1,3,"Lost Customers"
"16962.0",409,"1","251.04",1,1,1,3,"Lost Customers"
"17953.0",540,"1","150.32",1,1,1,3,"Lost Customers"
"13608.0",540,"1","236.20",1,1,1,3,"Lost Customers"
"17487.0",728,"1","160.55",1,1,1,3,"Lost Customers"
"17910.0",726,"1","261.70",1,1,1,3,"Lost Customers"
"16388.0",653,"1","186.05",1,1,1,3,"Lost Customers"
"15455.0",597,"1","38.25",1,1,1,3,"Lost Customers"
"15558.0",639,"1","214.13",1,1,1,3,"Lost Customers"
"16925.0",540,"1","125.65",1,1,1,3,"Lost Customers"
"13746.0",413,"1","176.69",1,1,1,3,"Lost Customers"
"12387.0",415,"1","143.94",1,1,1,3,"Lost Customers"
"12746.0",540,"1","254.55",1,1,1,3,"Lost Customers"
"14812.0",598,"1","185.80",1,1,1,3,"Lost Customers"
"18115.0",697,"1","9.70",1,1,1,3,"Lost Customers"
"16645.0",735,"1","160.39",1,1,1,3,"Lost Customers"
"14845.0",599,"1","150.00",1,1,1,3,"Lost Customers"
"12964.0",437,"1","132.24",1,1,1,3,"Lost Customers"
"17151.0",735,"1","231.90",1,1,1,3,"Lost Customers"
"14444.0",456,"1","132.04",1,1,1,3,"Lost Customers"
"14726.0",654,"1","124.75",1,1,1,3,"Lost Customers"
"17066.0",726,"1","228.34",1,1,1,3,"Lost Customers"
"12954.0",638,"1","162.45",1,1,1,3,"Lost Customers"
"16237.0",437,"1","136.65",1,1,1,3,"Lost Customers"
"16486.0",537,"1","134.36",1,1,1,3,"Lost Customers"
"14468.0",733,"1","204.24",1,1,1,3,"Lost Customers"
"12861.0",619,"1","68.25",1,1,1,3,"Lost Customers"
"15295.0",654,"1","217.24",1,1,1,3,"Lost Customers"
"13009.0",672,"1","234.00",1,1,1,3,"Lost Customers"
"15575.0",619,"1","30.10",1,1,1,3,"Lost Customers"
"14445.0",455,"1","221.65",1,1,1,3,"Lost Customers"
"17192.0",536,"1","77.83",1,1,1,3,"Lost Customers"
"18267.0",672,"1","269.37",1,1,1,3,"Lost Customers"
"13724.0",637,"1","213.01",1,1,1,3,"Lost Customers"
"13490.0",654,"1","154.25",1,1,1,3,"Lost Customers"
"12774.0",535,"1","83.70",1,1,1,3,"Lost Customers"
"15742.0",619,"1","156.87",1,1,1,3,"Lost Customers"
"13380.0",432,"1","62.40",1,1,1,3,"Lost Customers"
"14874.0",535,"1","116.18",1,1,1,3,"Lost Customers"
"13674.0",432,"1","240.68",1,1,1,3,"Lost Customers"
"17056.0",738,"1","128.60",1,1,1,3,"Lost Customers"
"15991.0",534,"1","150.55",1,1,1,3,"Lost Customers"
"15913.0",534,"1","6.30",1,1,1,3,"Lost Customers"
"15672.0",725,"1","45.30",1,1,1,3,"Lost Customers"
"14571.0",425,"1","161.65",1,1,1,3,"Lost Customers"
"14604.0",633,"1","136.36",1,1,1,3,"Lost Customers"
"12741.0",533,"1","236.07",1,1,1,3,"Lost Customers"
"14635.0",453,"1","215.22",1,1,1,3,"Lost Customers"
"17149.0",451,"1","143.10",1,1,1,3,"Lost Customers"
"15536.0",409,"1","259.09",1,1,1,3,"Lost Customers"
"16733.0",529,"1","259.68",1,1,1,3,"Lost Customers"
"13312.0",451,"1","124.75",1,1,1,3,"Lost Customers"
"17352.0",696,"1","36.25",1,1,1,3,"Lost Customers"
"17533.0",434,"1","34.80",1,1,1,3,"Lost Customers"
"17264.0",424,"1","279.59",1,1,1,3,"Lost Customers"
"12416.0",656,"1","202.56",1,1,1,3,"Lost Customers"
"13757.0",674,"1","195.55",1,1,1,3,"Lost Customers"
"15685.0",450,"1","55.98",1,1,1,3,"Lost Customers"
"13128.0",631,"1","263.50",1,1,1,3,"Lost Customers"
"14376.0",683,"1","215.46",1,1,1,3,"Lost Customers"
"17273.0",424,"1","141.12",1,1,1,3,"Lost Customers"
"12799.0",529,"1","219.35",1,1,1,3,"Lost Customers"
"14613.0",680,"1","76.32",1,1,1,3,"Lost Customers"
"16540.0",414,"1","226.70",1,1,1,3,"Lost Customers"
"14602.0",656,"1","205.36",1,1,1,3,"Lost Customers"
"17318.0",725,"1","164.28",1,1,1,3,"Lost Customers"
"18131.0",631,"1","222.96",1,1,1,3,"Lost Customers"
"14774.0",528,"1","241.45",1,1,1,3,"Lost Customers"
"15496.0",631,"1","146.14",1,1,1,3,"Lost Customers"
"14366.0",525,"1","136.00",1,1,1,3,"Lost Customers"
"13125.0",523,"1","158.57",1,1,1,3,"Lost Customers"
"13191.0",658,"1","159.21",1,1,1,3,"Lost Customers"
"15693.0",659,"1","37.50",1,1,1,3,"Lost Customers"
"16548.0",599,"1","30.15",1,1,1,3,"Lost Customers"
"15999.0",735,"1","20.40",1,1,1,3,"Lost Customers"
"16443.0",520,"1","162.24",1,1,1,3,"Lost Customers"
"17129.0",520,"1","31.85",1,1,1,3,"Lost Customers"
"15056.0",520,"1","133.45",1,1,1,3,"Lost Customers"
"14106.0",737,"1","214.80",1,1,1,3,"Lost Customers"
"13912.0",423,"1","124.95",1,1,1,3,"Lost Customers"
"12768.0",450,"1","168.69",1,1,1,3,"Lost Customers"
"15112.0",611,"1","209.40",1,1,1,3,"Lost Customers"
